path_type,seq_from,seq_to,category,aa_from,aa_to,n_from,n_to,delta_n,is_bio,W2_npz,action_npz,W2_joint,action_joint,W2_proxy,action_proxy,W2_diff,proxy_source
G_to_A,PolyX_PolyG_4,PolyX_PolyA_4,aa_change,G,A,4,4,0,True,18.348851,18.448851,14.557916658422732,14.657916658422732,,,,
G_to_S,PolyX_PolyG_4,PolyX_PolyS_4,aa_change,G,S,4,4,0,True,19.835553,19.935553,16.058453969925004,16.158453969925006,0.7761046396836269,0.8761046396836268,19.05944836031637,B5
G_to_E,PolyX_PolyG_4,PolyX_PolyE_4,aa_change,G,E,4,4,0,True,19.309299,19.409299,17.67928867447275,17.779288674472753,1.805996894133407,1.9059968941334071,17.50330210586659,B5
G_to_L,PolyX_PolyG_4,PolyX_PolyL_4,aa_change,G,L,4,4,0,True,19.614646,19.714646,15.595451477713336,15.695451477713336,1.1162085018413086,1.216208501841309,18.49843749815869,B5
G_to_K,PolyX_PolyG_4,PolyX_PolyK_4,aa_change,G,K,4,4,0,True,19.587276,19.687276,17.115742257616205,17.215742257616206,1.81224164698754,1.91224164698754,17.775034353012458,B5
G_to_V,PolyX_PolyG_4,PolyX_PolyV_4,aa_change,G,V,4,4,0,True,20.231989,20.331989,14.157486732484674,14.257486732484674,,,,
G_to_I,PolyX_PolyG_4,PolyX_PolyI_4,aa_change,G,I,4,4,0,True,17.726833,17.826833,13.22544838939103,13.32544838939103,,,,
G_to_F,PolyX_PolyG_4,PolyX_PolyF_4,aa_change,G,F,4,4,0,True,18.89113,18.99113,15.196668925627293,15.296668925627293,,,,
G_to_A,PolyX_PolyG_5,PolyX_PolyA_5,aa_change,G,A,5,5,0,True,10.751298,10.851298,9.716271162426724,9.816271162426723,,,,
G_to_S,PolyX_PolyG_5,PolyX_PolyS_5,aa_change,G,S,5,5,0,True,13.137084,13.237084,13.902841238593393,14.002841238593392,1.4018323340328027,1.5018323340328028,11.735251665967198,B5
G_to_E,PolyX_PolyG_5,PolyX_PolyE_5,aa_change,G,E,5,5,0,True,17.998828,18.098828,8.5589199030601,8.6589199030601,2.487373442533234,2.587373442533234,15.511454557466768,B5
G_to_L,PolyX_PolyG_5,PolyX_PolyL_5,aa_change,G,L,5,5,0,True,16.672106,16.772106,10.522383917943278,10.622383917943278,2.354042433316268,2.454042433316268,14.318063566683731,B5
G_to_K,PolyX_PolyG_5,PolyX_PolyK_5,aa_change,G,K,5,5,0,True,18.306171,18.406171,13.614100721246926,13.714100721246925,1.658651998100186,1.758651998100186,16.647519001899813,B5
G_to_V,PolyX_PolyG_5,PolyX_PolyV_5,aa_change,G,V,5,5,0,True,14.383395,14.483395,11.34404323197019,11.44404323197019,,,,
G_to_I,PolyX_PolyG_5,PolyX_PolyI_5,aa_change,G,I,5,5,0,True,12.687094,12.787094,9.41985385582384,9.51985385582384,,,,
G_to_F,PolyX_PolyG_5,PolyX_PolyF_5,aa_change,G,F,5,5,0,True,14.976797,15.076797,9.484042422945642,9.584042422945641,,,,
G_to_A,PolyX_PolyG_6,PolyX_PolyA_6,aa_change,G,A,6,6,0,True,20.346848,20.446848,14.572989880606306,14.672989880606305,,,,
G_to_S,PolyX_PolyG_6,PolyX_PolyS_6,aa_change,G,S,6,6,0,True,20.667154,20.767154,13.577175019894687,13.677175019894687,2.044855375311452,2.1448553753114523,18.622298624688547,B5
G_to_E,PolyX_PolyG_6,PolyX_PolyE_6,aa_change,G,E,6,6,0,True,15.374284,15.474284,11.113147481070468,11.213147481070468,2.249065823721376,2.349065823721376,13.125218176278624,B5
G_to_L,PolyX_PolyG_6,PolyX_PolyL_6,aa_change,G,L,6,6,0,True,22.015626,22.115626,13.239946838628786,13.339946838628785,2.190276885456779,2.290276885456779,19.825349114543226,B5
G_to_K,PolyX_PolyG_6,PolyX_PolyK_6,aa_change,G,K,6,6,0,True,23.153693,23.253693,13.533571320642698,13.633571320642698,2.845764449892196,2.945764449892196,20.307928550107803,B5
G_to_V,PolyX_PolyG_6,PolyX_PolyV_6,aa_change,G,V,6,6,0,True,25.945739,26.045739,13.826835473294322,13.926835473294322,,,,
G_to_I,PolyX_PolyG_6,PolyX_PolyI_6,aa_change,G,I,6,6,0,True,16.985171,17.085171,11.425965381510819,11.525965381510819,,,,
G_to_F,PolyX_PolyG_6,PolyX_PolyF_6,aa_change,G,F,6,6,0,True,16.944687,17.044687,11.770011486407675,11.870011486407675,,,,
G_to_A,PolyX_PolyG_7,PolyX_PolyA_7,aa_change,G,A,7,7,0,True,17.969964,18.069964,19.044157536302006,19.144157536302007,,,,
G_to_S,PolyX_PolyG_7,PolyX_PolyS_7,aa_change,G,S,7,7,0,True,18.683898,18.783898,14.162988209865574,14.262988209865574,0.9524268731530152,1.052426873153015,17.731471126846984,B5
G_to_E,PolyX_PolyG_7,PolyX_PolyE_7,aa_change,G,E,7,7,0,True,17.064858,17.164858,12.88680630348052,12.98680630348052,1.6266734657717083,1.7266734657717084,15.438184534228292,B5
G_to_L,PolyX_PolyG_7,PolyX_PolyL_7,aa_change,G,L,7,7,0,True,18.395601,18.495601,12.298030383285905,12.398030383285905,1.3169590885526612,1.4169590885526613,17.07864191144734,B5
G_to_K,PolyX_PolyG_7,PolyX_PolyK_7,aa_change,G,K,7,7,0,True,22.65585,22.75585,18.975567991784335,19.075567991784336,1.724233875789875,1.824233875789875,20.931616124210127,B5
G_to_V,PolyX_PolyG_7,PolyX_PolyV_7,aa_change,G,V,7,7,0,True,17.505255,17.605255,14.057775630638663,14.157775630638662,,,,
G_to_I,PolyX_PolyG_7,PolyX_PolyI_7,aa_change,G,I,7,7,0,True,16.79857,16.89857,13.444959599932469,13.544959599932469,,,,
G_to_F,PolyX_PolyG_7,PolyX_PolyF_7,aa_change,G,F,7,7,0,True,21.316862,21.416862,12.737163877031552,12.837163877031552,,,,
G_to_A,PolyX_PolyG_8,PolyX_PolyA_8,aa_change,G,A,8,8,0,True,15.976012,16.076012,9.219974987276657,9.319974987276657,,,,
G_to_S,PolyX_PolyG_8,PolyX_PolyS_8,aa_change,G,S,8,8,0,True,17.59082,17.69082,12.812206636956224,12.912206636956224,1.090270530487731,1.190270530487731,16.50054946951227,B5
G_to_E,PolyX_PolyG_8,PolyX_PolyE_8,aa_change,G,E,8,8,0,True,19.376152,19.476152,13.014978965299562,13.114978965299562,2.183276052963008,2.283276052963008,17.192875947036992,B5
G_to_L,PolyX_PolyG_8,PolyX_PolyL_8,aa_change,G,L,8,8,0,True,17.266879,17.366879,11.339650873445484,11.439650873445483,1.6871112235046275,1.7871112235046278,15.579767776495371,B5
G_to_K,PolyX_PolyG_8,PolyX_PolyK_8,aa_change,G,K,8,8,0,True,20.397038,20.497038,16.057213344968293,16.157213344968294,2.195960511885981,2.295960511885981,18.201077488114016,B5
G_to_V,PolyX_PolyG_8,PolyX_PolyV_8,aa_change,G,V,8,8,0,True,14.301852,14.401852,12.211653127434179,12.311653127434179,,,,
G_to_I,PolyX_PolyG_8,PolyX_PolyI_8,aa_change,G,I,8,8,0,True,13.56094,13.66094,11.697575291624801,11.797575291624801,,,,
G_to_F,PolyX_PolyG_8,PolyX_PolyF_8,aa_change,G,F,8,8,0,True,22.750013,22.850013,11.012872278193749,11.112872278193748,,,,
G_to_A,PolyX_PolyG_9,PolyX_PolyA_9,aa_change,G,A,9,9,0,True,13.352619,13.452619,10.611538617509352,10.711538617509351,,,,
G_to_S,PolyX_PolyG_9,PolyX_PolyS_9,aa_change,G,S,9,9,0,True,11.119382,11.219382,8.405669256068906,8.505669256068906,2.0550054036085883,2.1550054036085884,9.064376596391412,B5
G_to_E,PolyX_PolyG_9,PolyX_PolyE_9,aa_change,G,E,9,9,0,True,10.009272,10.109272,9.965248328234546,10.065248328234546,3.1635299673826247,3.263529967382625,6.845742032617375,B5
G_to_L,PolyX_PolyG_9,PolyX_PolyL_9,aa_change,G,L,9,9,0,True,11.925708,12.025708,9.651983526503045,9.751983526503045,1.606103986467394,1.706103986467394,10.319604013532606,B5
G_to_K,PolyX_PolyG_9,PolyX_PolyK_9,aa_change,G,K,9,9,0,True,17.941691,18.041691,17.494650061655335,17.594650061655337,2.675907796574293,2.775907796574293,15.265783203425704,B5
G_to_V,PolyX_PolyG_9,PolyX_PolyV_9,aa_change,G,V,9,9,0,True,7.917113,8.017113,6.879243217413001,6.979243217413001,,,,
G_to_I,PolyX_PolyG_9,PolyX_PolyI_9,aa_change,G,I,9,9,0,True,11.688864,11.788864,11.860792947113536,11.960792947113536,,,,
G_to_F,PolyX_PolyG_9,PolyX_PolyF_9,aa_change,G,F,9,9,0,True,8.400372,8.500372,8.190686744629032,8.290686744629031,,,,
G_to_A,PolyX_PolyG_10,PolyX_PolyA_10,aa_change,G,A,10,10,0,True,14.287111,14.387111,13.99180406949741,14.09180406949741,,,,
G_to_S,PolyX_PolyG_10,PolyX_PolyS_10,aa_change,G,S,10,10,0,True,16.851884,16.951884,14.840476962967502,14.940476962967502,1.0925886911766525,1.1925886911766526,15.759295308823344,B5
G_to_E,PolyX_PolyG_10,PolyX_PolyE_10,aa_change,G,E,10,10,0,True,12.990009,13.090009,11.60408620762646,11.70408620762646,2.8878556003056954,2.9878556003056955,10.102153399694306,B5
G_to_L,PolyX_PolyG_10,PolyX_PolyL_10,aa_change,G,L,10,10,0,True,16.326925,16.426925,15.83456725811353,15.93456725811353,1.5562253337765852,1.656225333776585,14.770699666223416,B5
G_to_K,PolyX_PolyG_10,PolyX_PolyK_10,aa_change,G,K,10,10,0,True,14.0271,14.1271,16.48656490049553,16.58656490049553,2.593949562412614,2.693949562412614,11.433150437587386,B5
G_to_V,PolyX_PolyG_10,PolyX_PolyV_10,aa_change,G,V,10,10,0,True,12.175878,12.275878,12.615884032267283,12.715884032267283,,,,
G_to_I,PolyX_PolyG_10,PolyX_PolyI_10,aa_change,G,I,10,10,0,True,20.756887,20.856887,19.13530295174686,19.23530295174686,,,,
G_to_F,PolyX_PolyG_10,PolyX_PolyF_10,aa_change,G,F,10,10,0,True,17.600476,17.700476,14.349822844327452,14.449822844327452,,,,
G_to_A,PolyX_PolyG_11,PolyX_PolyA_11,aa_change,G,A,11,11,0,True,10.775503,10.875503,10.444049360277036,10.544049360277036,,,,
G_to_S,PolyX_PolyG_11,PolyX_PolyS_11,aa_change,G,S,11,11,0,True,18.704129,18.804129,9.806669115436527,9.906669115436527,1.193974339646268,1.293974339646268,17.51015466035373,B5
G_to_E,PolyX_PolyG_11,PolyX_PolyE_11,aa_change,G,E,11,11,0,True,17.595748,17.695748,10.093226393617623,10.193226393617623,2.1855166243069646,2.2855166243069647,15.410231375693035,B5
G_to_L,PolyX_PolyG_11,PolyX_PolyL_11,aa_change,G,L,11,11,0,True,15.47282,15.57282,11.621006222003894,11.721006222003894,1.178233762845187,1.2782337628451874,14.294586237154814,B5
G_to_K,PolyX_PolyG_11,PolyX_PolyK_11,aa_change,G,K,11,11,0,True,11.355412,11.455412,11.196307568718167,11.296307568718166,1.8748589134749456,1.974858913474946,9.480553086525054,B5
G_to_V,PolyX_PolyG_11,PolyX_PolyV_11,aa_change,G,V,11,11,0,True,15.839758,15.939758,14.852093962323838,14.952093962323838,,,,
G_to_I,PolyX_PolyG_11,PolyX_PolyI_11,aa_change,G,I,11,11,0,True,14.004772,14.104772,12.051564380299524,12.151564380299524,,,,
G_to_F,PolyX_PolyG_11,PolyX_PolyF_11,aa_change,G,F,11,11,0,True,16.514005,16.614005,13.059925967087016,13.159925967087016,,,,
G_to_A,PolyX_PolyG_12,PolyX_PolyA_12,aa_change,G,A,12,12,0,True,13.525549,13.625549,13.461559562372697,13.561559562372697,,,,
G_to_S,PolyX_PolyG_12,PolyX_PolyS_12,aa_change,G,S,12,12,0,True,14.451186,14.551186,12.059984028687177,12.159984028687177,1.4509206762458726,1.5509206762458727,13.000265323754128,B5
G_to_E,PolyX_PolyG_12,PolyX_PolyE_12,aa_change,G,E,12,12,0,True,9.172486,9.272486,7.309539571336354,7.409539571336354,2.5115271126455583,2.6115271126455584,6.660958887354441,B5
G_to_L,PolyX_PolyG_12,PolyX_PolyL_12,aa_change,G,L,12,12,0,True,11.157025,11.257025,10.335496391973964,10.435496391973963,2.516493279668327,2.616493279668327,8.640531720331674,B5
G_to_K,PolyX_PolyG_12,PolyX_PolyK_12,aa_change,G,K,12,12,0,True,15.061539,15.161539,17.181284888567138,17.28128488856714,2.4538050572117376,2.5538050572117377,12.60773394278826,B5
G_to_V,PolyX_PolyG_12,PolyX_PolyV_12,aa_change,G,V,12,12,0,True,15.787094,15.887094,13.348583270661399,13.448583270661398,,,,
G_to_I,PolyX_PolyG_12,PolyX_PolyI_12,aa_change,G,I,12,12,0,True,11.732722,11.832722,11.477503670225301,11.577503670225301,,,,
G_to_F,PolyX_PolyG_12,PolyX_PolyF_12,aa_change,G,F,12,12,0,True,17.729841,17.829841,9.940648699839516,10.040648699839515,,,,
G_to_A,PolyX_PolyG_13,PolyX_PolyA_13,aa_change,G,A,13,13,0,True,17.910984,18.010984,11.413680530887083,11.513680530887083,,,,
G_to_S,PolyX_PolyG_13,PolyX_PolyS_13,aa_change,G,S,13,13,0,True,13.187513,13.287513,8.224041494973868,8.324041494973867,1.31254204638832,1.41254204638832,11.87497095361168,B5
G_to_E,PolyX_PolyG_13,PolyX_PolyE_13,aa_change,G,E,13,13,0,True,17.495129,17.595129,9.576211354294836,9.676211354294836,2.4238569325022605,2.5238569325022606,15.071272067497738,B5
G_to_L,PolyX_PolyG_13,PolyX_PolyL_13,aa_change,G,L,13,13,0,True,15.103599,15.203599,8.529854080396133,8.629854080396132,0.9485666958018362,1.0485666958018365,14.155032304198166,B5
G_to_K,PolyX_PolyG_13,PolyX_PolyK_13,aa_change,G,K,13,13,0,True,19.543027,19.643027,15.624709206274483,15.724709206274483,2.015360553538101,2.115360553538101,17.527666446461897,B5
G_to_V,PolyX_PolyG_13,PolyX_PolyV_13,aa_change,G,V,13,13,0,True,15.092939,15.192939,9.600492087752304,9.700492087752304,,,,
G_to_I,PolyX_PolyG_13,PolyX_PolyI_13,aa_change,G,I,13,13,0,True,13.445248,13.545248,8.151438175969979,8.251438175969978,,,,
G_to_F,PolyX_PolyG_13,PolyX_PolyF_13,aa_change,G,F,13,13,0,True,13.896378,13.996378,11.045258457022364,11.145258457022363,,,,
G_to_A,PolyX_PolyG_14,PolyX_PolyA_14,aa_change,G,A,14,14,0,True,13.04247,13.14247,8.397589237427656,8.497589237427656,,,,
G_to_S,PolyX_PolyG_14,PolyX_PolyS_14,aa_change,G,S,14,14,0,True,15.704929,15.804929,6.54487406058422,6.64487406058422,1.722166188031276,1.822166188031276,13.982762811968724,B5
G_to_E,PolyX_PolyG_14,PolyX_PolyE_14,aa_change,G,E,14,14,0,True,10.038773,10.138773,9.861329470536113,9.961329470536112,2.4318642813769533,2.5318642813769534,7.606908718623048,B5
G_to_L,PolyX_PolyG_14,PolyX_PolyL_14,aa_change,G,L,14,14,0,True,11.22384,11.32384,8.445888503503019,8.545888503503019,0.9868553708934568,1.0868553708934567,10.236984629106542,B5
G_to_K,PolyX_PolyG_14,PolyX_PolyK_14,aa_change,G,K,14,14,0,True,19.842495,19.942495,17.019469526751617,17.11946952675162,2.2834888538998848,2.383488853899885,17.559006146100113,B5
G_to_V,PolyX_PolyG_14,PolyX_PolyV_14,aa_change,G,V,14,14,0,True,11.694465,11.794465,5.297732883156212,5.397732883156212,,,,
G_to_I,PolyX_PolyG_14,PolyX_PolyI_14,aa_change,G,I,14,14,0,True,10.350332,10.450332,6.916090364109044,7.0160903641090435,,,,
G_to_F,PolyX_PolyG_14,PolyX_PolyF_14,aa_change,G,F,14,14,0,True,8.129707,8.229707,6.865819907300173,6.9658199073001725,,,,
G_to_A,PolyX_PolyG_15,PolyX_PolyA_15,aa_change,G,A,15,15,0,True,7.641461,7.741461,10.651157410100986,10.751157410100985,,,,
G_to_S,PolyX_PolyG_15,PolyX_PolyS_15,aa_change,G,S,15,15,0,True,9.102507,9.202507,12.019255687507926,12.119255687507925,1.5033654142697013,1.6033654142697014,7.5991415857302975,B5
G_to_E,PolyX_PolyG_15,PolyX_PolyE_15,aa_change,G,E,15,15,0,True,8.791404,8.891404,8.944975906444233,9.044975906444233,2.364277600075043,2.464277600075043,6.427126399924957,B5
G_to_L,PolyX_PolyG_15,PolyX_PolyL_15,aa_change,G,L,15,15,0,True,9.490868,9.590868,10.443595392162175,10.543595392162175,2.550443995951707,2.650443995951707,6.940424004048294,B5
G_to_K,PolyX_PolyG_15,PolyX_PolyK_15,aa_change,G,K,15,15,0,True,28.743253,28.843253,22.350898966610643,22.450898966610644,2.4042236003152646,2.5042236003152647,26.339029399684733,B5
G_to_V,PolyX_PolyG_15,PolyX_PolyV_15,aa_change,G,V,15,15,0,True,11.982253,12.082253,10.660569163884068,10.760569163884067,,,,
G_to_I,PolyX_PolyG_15,PolyX_PolyI_15,aa_change,G,I,15,15,0,True,14.124684,14.224684,8.472840278518955,8.572840278518955,,,,
G_to_F,PolyX_PolyG_15,PolyX_PolyF_15,aa_change,G,F,15,15,0,True,13.554741,13.654741,10.643781651272693,10.743781651272693,,,,
G_to_A,PolyX_PolyG_16,PolyX_PolyA_16,aa_change,G,A,16,16,0,True,10.837112,10.937112,10.257469920775634,10.357469920775634,,,,
G_to_S,PolyX_PolyG_16,PolyX_PolyS_16,aa_change,G,S,16,16,0,True,11.390604,11.490604,9.023488376447151,9.12348837644715,1.2237018362615582,1.3237018362615582,10.166902163738442,B5
G_to_E,PolyX_PolyG_16,PolyX_PolyE_16,aa_change,G,E,16,16,0,True,9.556132,9.656132,10.88680754174639,10.986807541746389,2.380091768824126,2.480091768824126,7.1760402311758735,B5
G_to_L,PolyX_PolyG_16,PolyX_PolyL_16,aa_change,G,L,16,16,0,True,14.775288,14.875288,10.4913904493604,10.5913904493604,2.599980712916112,2.699980712916112,12.175307287083887,B5
G_to_K,PolyX_PolyG_16,PolyX_PolyK_16,aa_change,G,K,16,16,0,True,16.739794,16.839794,17.039230169895543,17.139230169895544,1.8914688337190444,1.9914688337190445,14.848325166280956,B5
G_to_V,PolyX_PolyG_16,PolyX_PolyV_16,aa_change,G,V,16,16,0,True,13.748789,13.848789,12.153258659808568,12.253258659808568,,,,
G_to_I,PolyX_PolyG_16,PolyX_PolyI_16,aa_change,G,I,16,16,0,True,13.516253,13.616253,12.446613232986582,12.546613232986582,,,,
G_to_F,PolyX_PolyG_16,PolyX_PolyF_16,aa_change,G,F,16,16,0,True,11.421178,11.521178,8.303822922572264,8.403822922572264,,,,
G_to_A,PolyX_PolyG_17,PolyX_PolyA_17,aa_change,G,A,17,17,0,True,6.697444,6.797444,10.250426724631739,10.350426724631738,,,,
G_to_S,PolyX_PolyG_17,PolyX_PolyS_17,aa_change,G,S,17,17,0,True,4.320955,4.420955,12.819591054028846,12.919591054028846,1.1934271366719469,1.2934271366719468,3.1275278633280528,B5
G_to_E,PolyX_PolyG_17,PolyX_PolyE_17,aa_change,G,E,17,17,0,True,9.972207,10.072207,14.344932731791264,14.444932731791264,2.205208902994612,2.305208902994612,7.766998097005388,B5
G_to_L,PolyX_PolyG_17,PolyX_PolyL_17,aa_change,G,L,17,17,0,True,5.703635,5.803635,11.521137416560265,11.621137416560265,3.027420985335993,3.1274209853359936,2.676214014664007,B5
G_to_K,PolyX_PolyG_17,PolyX_PolyK_17,aa_change,G,K,17,17,0,True,14.825612,14.925612,21.182795154008463,21.282795154008465,2.0863629627236047,2.1863629627236048,12.739249037276394,B5
G_to_V,PolyX_PolyG_17,PolyX_PolyV_17,aa_change,G,V,17,17,0,True,6.001071,6.101071,15.397378288275096,15.497378288275096,,,,
G_to_I,PolyX_PolyG_17,PolyX_PolyI_17,aa_change,G,I,17,17,0,True,4.729307,4.829307,13.212070912830349,13.312070912830348,,,,
G_to_F,PolyX_PolyG_17,PolyX_PolyF_17,aa_change,G,F,17,17,0,True,4.127195,4.227195,12.994887229441659,13.094887229441659,,,,
G_to_A,PolyX_PolyG_18,PolyX_PolyA_18,aa_change,G,A,18,18,0,True,5.190107,5.290107,12.966403287970298,13.066403287970298,,,,
G_to_S,PolyX_PolyG_18,PolyX_PolyS_18,aa_change,G,S,18,18,0,True,6.74694,6.84694,8.114324296426226,8.214324296426225,0.9694354208422702,1.0694354208422705,5.77750457915773,B5
G_to_E,PolyX_PolyG_18,PolyX_PolyE_18,aa_change,G,E,18,18,0,True,12.991533,13.091533,13.026919975630001,13.12691997563,2.158044647518722,2.258044647518722,10.83348835248128,B5
G_to_L,PolyX_PolyG_18,PolyX_PolyL_18,aa_change,G,L,18,18,0,True,8.527696,8.627696,10.106813276828227,10.206813276828226,1.4689415515425188,1.568941551542519,7.058754448457481,B5
G_to_K,PolyX_PolyG_18,PolyX_PolyK_18,aa_change,G,K,18,18,0,True,16.769154,16.869154,17.030290874765033,17.130290874765034,2.1096450988714417,2.209645098871442,14.65950890112856,B5
G_to_V,PolyX_PolyG_18,PolyX_PolyV_18,aa_change,G,V,18,18,0,True,6.8249,6.9249,7.979054826741646,8.079054826741647,,,,
G_to_I,PolyX_PolyG_18,PolyX_PolyI_18,aa_change,G,I,18,18,0,True,6.041831,6.141831,6.677533480352568,6.7775334803525675,,,,
G_to_F,PolyX_PolyG_18,PolyX_PolyF_18,aa_change,G,F,18,18,0,True,3.60629,3.70629,9.412450283899993,9.512450283899993,,,,
G_to_A,PolyX_PolyG_19,PolyX_PolyA_19,aa_change,G,A,19,19,0,True,5.860013,5.960013,12.161081901289048,12.261081901289048,,,,
G_to_S,PolyX_PolyG_19,PolyX_PolyS_19,aa_change,G,S,19,19,0,True,2.856395,2.956395,9.15358178302121,9.25358178302121,1.4497169498550744,1.5497169498550745,1.4066780501449256,B5
G_to_E,PolyX_PolyG_19,PolyX_PolyE_19,aa_change,G,E,19,19,0,True,4.080415,4.180415,10.367498409962112,10.467498409962111,2.9920733709124074,3.0920733709124075,1.088341629087593,B5
G_to_L,PolyX_PolyG_19,PolyX_PolyL_19,aa_change,G,L,19,19,0,True,3.532783,3.632783,10.838159022024053,10.938159022024053,3.4164359751694136,3.5164359751694136,0.1163470248305862,B5
G_to_K,PolyX_PolyG_19,PolyX_PolyK_19,aa_change,G,K,19,19,0,True,11.739438,11.839438,17.9433432227897,18.0433432227897,2.1623640770659693,2.262364077065969,9.57707392293403,B5
G_to_V,PolyX_PolyG_19,PolyX_PolyV_19,aa_change,G,V,19,19,0,True,7.893487,7.993487,4.783176282946433,4.883176282946432,,,,
G_to_I,PolyX_PolyG_19,PolyX_PolyI_19,aa_change,G,I,19,19,0,True,6.450717,6.550717,11.105227672800183,11.205227672800183,,,,
G_to_F,PolyX_PolyG_19,PolyX_PolyF_19,aa_change,G,F,19,19,0,True,5.395609,5.495609,6.909617680197313,7.009617680197312,,,,
G_to_A,PolyX_PolyG_20,PolyX_PolyA_20,aa_change,G,A,20,20,0,True,8.645797,8.745797,12.236281283760642,12.336281283760641,,,,
G_to_S,PolyX_PolyG_20,PolyX_PolyS_20,aa_change,G,S,20,20,0,True,5.633012,5.733012,11.286487039890217,11.386487039890216,0.8833597181586315,0.9833597181586314,4.749652281841368,B5
G_to_E,PolyX_PolyG_20,PolyX_PolyE_20,aa_change,G,E,20,20,0,True,9.486027,9.586027,13.471519741554268,13.571519741554267,2.5946970823276083,2.6946970823276084,6.891329917672392,B5
G_to_L,PolyX_PolyG_20,PolyX_PolyL_20,aa_change,G,L,20,20,0,True,9.061731,9.161731,11.820076305511078,11.920076305511078,3.3343554582677024,3.4343554582677025,5.727375541732298,B5
G_to_K,PolyX_PolyG_20,PolyX_PolyK_20,aa_change,G,K,20,20,0,True,18.712487,18.812487,17.68302182040667,17.78302182040667,1.8346684338052783,1.9346684338052784,16.877818566194723,B5
G_to_V,PolyX_PolyG_20,PolyX_PolyV_20,aa_change,G,V,20,20,0,True,5.945299,6.045299,13.921178292690515,14.021178292690514,,,,
G_to_I,PolyX_PolyG_20,PolyX_PolyI_20,aa_change,G,I,20,20,0,True,10.90126,11.00126,13.418093455636358,13.518093455636357,,,,
G_to_F,PolyX_PolyG_20,PolyX_PolyF_20,aa_change,G,F,20,20,0,True,10.6231,10.7231,10.634769616595756,10.734769616595756,,,,
G_to_A,PolyX_PolyG_21,PolyX_PolyA_21,aa_change,G,A,21,21,0,True,5.892355,5.992355,12.0928038835706,12.1928038835706,,,,
G_to_S,PolyX_PolyG_21,PolyX_PolyS_21,aa_change,G,S,21,21,0,True,6.213659,6.313659,11.035111471344296,11.135111471344295,0.747610443855958,0.847610443855958,5.466048556144042,B5
G_to_E,PolyX_PolyG_21,PolyX_PolyE_21,aa_change,G,E,21,21,0,True,3.829188,3.929188,11.091431971445695,11.191431971445695,2.588011358874035,2.688011358874036,1.2411766411259646,B5
G_to_L,PolyX_PolyG_21,PolyX_PolyL_21,aa_change,G,L,21,21,0,True,9.393961,9.493961,13.662782254997046,13.762782254997045,3.784585552187472,3.884585552187472,5.609375447812527,B5
G_to_K,PolyX_PolyG_21,PolyX_PolyK_21,aa_change,G,K,21,21,0,True,14.994127,15.094127,18.25845075561552,18.35845075561552,1.6354539788837514,1.7354539788837515,13.35867302111625,B5
G_to_V,PolyX_PolyG_21,PolyX_PolyV_21,aa_change,G,V,21,21,0,True,7.677422,7.777422,7.433926369976735,7.533926369976735,,,,
G_to_I,PolyX_PolyG_21,PolyX_PolyI_21,aa_change,G,I,21,21,0,True,6.434186,6.534186,11.376090482210259,11.476090482210259,,,,
G_to_F,PolyX_PolyG_21,PolyX_PolyF_21,aa_change,G,F,21,21,0,True,6.976513,7.076513,10.748787835438778,10.848787835438777,,,,
G_to_A,PolyX_PolyG_22,PolyX_PolyA_22,aa_change,G,A,22,22,0,True,4.904544,5.004544,7.255918055841526,7.355918055841526,,,,
G_to_S,PolyX_PolyG_22,PolyX_PolyS_22,aa_change,G,S,22,22,0,True,5.12954,5.22954,9.182773936901437,9.282773936901437,0.8992811254765655,0.9992811254765654,4.230258874523435,B5
G_to_E,PolyX_PolyG_22,PolyX_PolyE_22,aa_change,G,E,22,22,0,True,5.934038,6.034038,12.222065554720317,12.322065554720316,1.737893959772063,1.8378939597720632,4.196144040227937,B5
G_to_L,PolyX_PolyG_22,PolyX_PolyL_22,aa_change,G,L,22,22,0,True,5.149973,5.249973,8.111337497639848,8.211337497639848,1.8777345217653028,1.9777345217653028,3.2722384782346974,B5
G_to_K,PolyX_PolyG_22,PolyX_PolyK_22,aa_change,G,K,22,22,0,True,16.769357,16.869357,18.46795202662687,18.567952026626873,1.5065247567444515,1.6065247567444516,15.262832243255549,B5
G_to_V,PolyX_PolyG_22,PolyX_PolyV_22,aa_change,G,V,22,22,0,True,4.371331,4.471331,12.455070396337048,12.555070396337047,,,,
G_to_I,PolyX_PolyG_22,PolyX_PolyI_22,aa_change,G,I,22,22,0,True,6.151537,6.251537,11.477244465815845,11.577244465815845,,,,
G_to_F,PolyX_PolyG_22,PolyX_PolyF_22,aa_change,G,F,22,22,0,True,5.380346,5.480346,10.523823241654993,10.623823241654993,,,,
G_to_A,PolyX_PolyG_23,PolyX_PolyA_23,aa_change,G,A,23,23,0,True,4.292446,4.392446,11.030512095078855,11.130512095078855,,,,
G_to_S,PolyX_PolyG_23,PolyX_PolyS_23,aa_change,G,S,23,23,0,True,4.296687,4.396687,8.794755836857886,8.894755836857886,0.8970782952874528,0.9970782952874528,3.399608704712548,B5
G_to_E,PolyX_PolyG_23,PolyX_PolyE_23,aa_change,G,E,23,23,0,True,3.081709,3.181709,10.209299574952105,10.309299574952105,1.9801381327829388,2.0801381327829387,1.1015708672170612,B5
G_to_L,PolyX_PolyG_23,PolyX_PolyL_23,aa_change,G,L,23,23,0,True,5.093768,5.193768,12.302240428836711,12.402240428836711,3.141447783107635,3.241447783107635,1.9523202168923648,B5
G_to_K,PolyX_PolyG_23,PolyX_PolyK_23,aa_change,G,K,23,23,0,True,12.068144,12.168144,17.360223689152292,17.460223689152294,1.4374056621008722,1.5374056621008725,10.630738337899128,B5
G_to_V,PolyX_PolyG_23,PolyX_PolyV_23,aa_change,G,V,23,23,0,True,5.325756,5.425756,9.717359978845417,9.817359978845417,,,,
G_to_I,PolyX_PolyG_23,PolyX_PolyI_23,aa_change,G,I,23,23,0,True,3.803769,3.903769,10.182605266247007,10.282605266247007,,,,
G_to_F,PolyX_PolyG_23,PolyX_PolyF_23,aa_change,G,F,23,23,0,True,7.642704,7.742704,8.56585191206418,8.665851912064179,,,,
G_to_A,PolyX_PolyG_24,PolyX_PolyA_24,aa_change,G,A,24,24,0,True,1.931766,2.031766,11.921643426578523,12.021643426578523,,,,
G_to_S,PolyX_PolyG_24,PolyX_PolyS_24,aa_change,G,S,24,24,0,True,5.883126,5.983126,9.93657294253579,10.03657294253579,1.0014521939799454,1.1014521939799455,4.881673806020054,B5
G_to_E,PolyX_PolyG_24,PolyX_PolyE_24,aa_change,G,E,24,24,0,True,1.318615,1.418615,12.272469609336804,12.372469609336804,2.2747159239741115,2.374715923974112,-0.9561009239741114,B5
G_to_L,PolyX_PolyG_24,PolyX_PolyL_24,aa_change,G,L,24,24,0,True,4.192275,4.292275,12.415363326990574,12.515363326990574,4.287988178193685,4.387988178193685,-0.0957131781936846,B5
G_to_K,PolyX_PolyG_24,PolyX_PolyK_24,aa_change,G,K,24,24,0,True,15.872765,15.972765,20.166758232896296,20.266758232896297,1.60701376134593,1.70701376134593,14.265751238654069,B5
G_to_V,PolyX_PolyG_24,PolyX_PolyV_24,aa_change,G,V,24,24,0,True,3.512536,3.612536,11.672246967111194,11.772246967111194,,,,
G_to_I,PolyX_PolyG_24,PolyX_PolyI_24,aa_change,G,I,24,24,0,True,3.739185,3.839185,7.401203852016195,7.501203852016195,,,,
G_to_F,PolyX_PolyG_24,PolyX_PolyF_24,aa_change,G,F,24,24,0,True,5.057237,5.157237,8.907378261351358,9.007378261351358,,,,
G_to_A,PolyX_PolyG_25,PolyX_PolyA_25,aa_change,G,A,25,25,0,True,3.0469,3.1469,12.351431568450767,12.451431568450767,,,,
G_to_S,PolyX_PolyG_25,PolyX_PolyS_25,aa_change,G,S,25,25,0,True,4.301892,4.401892,11.228213109162045,11.328213109162045,0.7217458643062886,0.8217458643062886,3.580146135693711,B5
G_to_E,PolyX_PolyG_25,PolyX_PolyE_25,aa_change,G,E,25,25,0,True,5.341909,5.441909,12.937050985531114,13.037050985531113,2.023611468817012,2.123611468817012,3.318297531182988,B5
G_to_L,PolyX_PolyG_25,PolyX_PolyL_25,aa_change,G,L,25,25,0,True,6.617673,6.717673,10.483409712832625,10.583409712832625,4.4974744810602125,4.597474481060212,2.1201985189397874,B5
G_to_K,PolyX_PolyG_25,PolyX_PolyK_25,aa_change,G,K,25,25,0,True,18.357678,18.457678,20.684852661716953,20.784852661716954,1.537489411068364,1.637489411068364,16.820188588931636,B5
G_to_V,PolyX_PolyG_25,PolyX_PolyV_25,aa_change,G,V,25,25,0,True,7.634331,7.734331,10.073424967340468,10.173424967340468,,,,
G_to_I,PolyX_PolyG_25,PolyX_PolyI_25,aa_change,G,I,25,25,0,True,5.797768,5.897768,7.750278555332371,7.850278555332371,,,,
G_to_F,PolyX_PolyG_25,PolyX_PolyF_25,aa_change,G,F,25,25,0,True,4.581891,4.681891,9.730063111347167,9.830063111347167,,,,
G_to_A,PolyX_PolyG_26,PolyX_PolyA_26,aa_change,G,A,26,26,0,True,6.413447,6.513447,12.161124068933127,12.261124068933126,,,,
G_to_S,PolyX_PolyG_26,PolyX_PolyS_26,aa_change,G,S,26,26,0,True,3.09291,3.19291,11.40709337234856,11.50709337234856,0.6325558529941385,0.7325558529941385,2.4603541470058614,B5
G_to_E,PolyX_PolyG_26,PolyX_PolyE_26,aa_change,G,E,26,26,0,True,3.588463,3.688463,9.042406052887015,9.142406052887015,3.59242947745172,3.69242947745172,-0.00396647745172,B5
G_to_L,PolyX_PolyG_26,PolyX_PolyL_26,aa_change,G,L,26,26,0,True,5.669581,5.769581,11.708637228104513,11.808637228104512,4.259211208890713,4.359211208890713,1.4103697911092867,B5
G_to_K,PolyX_PolyG_26,PolyX_PolyK_26,aa_change,G,K,26,26,0,True,18.545681,18.645681,20.140279730381867,20.240279730381868,1.5510280651543529,1.6510280651543527,16.994652934845647,B5
G_to_V,PolyX_PolyG_26,PolyX_PolyV_26,aa_change,G,V,26,26,0,True,4.420542,4.520542,10.952167043941595,11.052167043941594,,,,
G_to_I,PolyX_PolyG_26,PolyX_PolyI_26,aa_change,G,I,26,26,0,True,4.878642,4.978642,9.904988211315235,10.004988211315235,,,,
G_to_F,PolyX_PolyG_26,PolyX_PolyF_26,aa_change,G,F,26,26,0,True,5.826746,5.926746,9.585839173935922,9.685839173935921,,,,
G_to_A,PolyX_PolyG_27,PolyX_PolyA_27,aa_change,G,A,27,27,0,True,2.982509,3.082509,6.4714043357490825,6.571404335749082,,,,
G_to_S,PolyX_PolyG_27,PolyX_PolyS_27,aa_change,G,S,27,27,0,True,4.509655,4.609655,9.251240587030402,9.351240587030402,0.8046720930363388,0.9046720930363388,3.7049829069636617,B5
G_to_E,PolyX_PolyG_27,PolyX_PolyE_27,aa_change,G,E,27,27,0,True,3.490546,3.590546,10.488848056185123,10.588848056185123,2.136753994784204,2.236753994784204,1.353792005215796,B5
G_to_L,PolyX_PolyG_27,PolyX_PolyL_27,aa_change,G,L,27,27,0,True,5.638704,5.738704,8.954163398047452,9.054163398047452,4.392964890383202,4.492964890383202,1.2457391096167978,B5
G_to_K,PolyX_PolyG_27,PolyX_PolyK_27,aa_change,G,K,27,27,0,True,12.951368,13.051368,16.624440763634805,16.724440763634806,1.846214482270085,1.946214482270085,11.105153517729915,B5
G_to_V,PolyX_PolyG_27,PolyX_PolyV_27,aa_change,G,V,27,27,0,True,5.941971,6.041971,10.86196609433565,10.961966094335649,,,,
G_to_I,PolyX_PolyG_27,PolyX_PolyI_27,aa_change,G,I,27,27,0,True,6.109888,6.209888,12.069930435971223,12.169930435971223,,,,
G_to_F,PolyX_PolyG_27,PolyX_PolyF_27,aa_change,G,F,27,27,0,True,7.180525,7.280525,11.37010304355039,11.47010304355039,,,,
G_to_A,PolyX_PolyG_28,PolyX_PolyA_28,aa_change,G,A,28,28,0,True,7.005883,7.105883,12.77614293624509,12.87614293624509,,,,
G_to_S,PolyX_PolyG_28,PolyX_PolyS_28,aa_change,G,S,28,28,0,True,7.493419,7.593419,15.356081763793163,15.456081763793163,0.8653399789504264,0.9653399789504264,6.628079021049574,B5
G_to_E,PolyX_PolyG_28,PolyX_PolyE_28,aa_change,G,E,28,28,0,True,8.557347,8.657347,15.858375908083032,15.958375908083031,1.7720995539116913,1.872099553911692,6.7852474460883085,B5
G_to_L,PolyX_PolyG_28,PolyX_PolyL_28,aa_change,G,L,28,28,0,True,9.160889,9.260889,13.744979394540225,13.844979394540225,4.904550200531341,5.004550200531341,4.256338799468658,B5
G_to_K,PolyX_PolyG_28,PolyX_PolyK_28,aa_change,G,K,28,28,0,True,14.67958,14.77958,20.056412528542015,20.156412528542017,1.8055807984850525,1.9055807984850528,12.873999201514946,B5
G_to_V,PolyX_PolyG_28,PolyX_PolyV_28,aa_change,G,V,28,28,0,True,7.724579,7.824579,13.553459255307445,13.653459255307444,,,,
G_to_I,PolyX_PolyG_28,PolyX_PolyI_28,aa_change,G,I,28,28,0,True,8.032747,8.132747,10.669669890823657,10.769669890823657,,,,
G_to_F,PolyX_PolyG_28,PolyX_PolyF_28,aa_change,G,F,28,28,0,True,8.283595,8.383595,11.622172726116395,11.722172726116394,,,,
G_to_A,PolyX_PolyG_29,PolyX_PolyA_29,aa_change,G,A,29,29,0,True,4.416059,4.516059,10.474390290068714,10.574390290068713,,,,
G_to_S,PolyX_PolyG_29,PolyX_PolyS_29,aa_change,G,S,29,29,0,True,4.837059,4.937059,10.31758667995697,10.417586679956969,1.088053076694469,1.188053076694469,3.749005923305531,B5
G_to_E,PolyX_PolyG_29,PolyX_PolyE_29,aa_change,G,E,29,29,0,True,4.451875,4.551875,11.691796855964952,11.791796855964952,2.950856895233344,3.050856895233344,1.5010181047666564,B5
G_to_L,PolyX_PolyG_29,PolyX_PolyL_29,aa_change,G,L,29,29,0,True,4.344714,4.444714,11.136344539809162,11.236344539809162,5.068841671705458,5.168841671705458,-0.7241276717054586,B5
G_to_K,PolyX_PolyG_29,PolyX_PolyK_29,aa_change,G,K,29,29,0,True,18.072793,18.172793,21.25253022915969,21.35253022915969,1.8963582521473288,1.996358252147329,16.17643474785267,B5
G_to_V,PolyX_PolyG_29,PolyX_PolyV_29,aa_change,G,V,29,29,0,True,7.516306,7.616306,12.290902533550453,12.390902533550452,,,,
G_to_I,PolyX_PolyG_29,PolyX_PolyI_29,aa_change,G,I,29,29,0,True,5.098582,5.198582,7.900167031829244,8.000167031829244,,,,
G_to_F,PolyX_PolyG_29,PolyX_PolyF_29,aa_change,G,F,29,29,0,True,4.503797,4.603797,11.937755844075976,12.037755844075976,,,,
G_to_A,PolyX_PolyG_30,PolyX_PolyA_30,aa_change,G,A,30,30,0,True,5.169191,5.269191,9.952190409416344,10.052190409416344,,,,
G_to_S,PolyX_PolyG_30,PolyX_PolyS_30,aa_change,G,S,30,30,0,True,6.220583,6.320583,9.71121428756088,9.81121428756088,0.9340816014111458,1.0340816014111458,5.286501398588855,B5
G_to_E,PolyX_PolyG_30,PolyX_PolyE_30,aa_change,G,E,30,30,0,True,2.658577,2.758577,10.365940283803765,10.465940283803764,1.98188191562612,2.0818819156261195,0.6766950843738806,B5
G_to_L,PolyX_PolyG_30,PolyX_PolyL_30,aa_change,G,L,30,30,0,True,6.015442,6.115442,9.016729763621791,9.116729763621791,2.218119009948394,2.318119009948394,3.7973229900516063,B5
G_to_K,PolyX_PolyG_30,PolyX_PolyK_30,aa_change,G,K,30,30,0,True,24.191824,24.291824,23.857508650570878,23.95750865057088,1.8602733376239744,1.9602733376239747,22.331550662376024,B5
G_to_V,PolyX_PolyG_30,PolyX_PolyV_30,aa_change,G,V,30,30,0,True,5.688955,5.788955,10.73533743931384,10.83533743931384,,,,
G_to_I,PolyX_PolyG_30,PolyX_PolyI_30,aa_change,G,I,30,30,0,True,9.705429,9.805429,11.68492351758284,11.78492351758284,,,,
G_to_F,PolyX_PolyG_30,PolyX_PolyF_30,aa_change,G,F,30,30,0,True,7.095206,7.195206,12.153910009866586,12.253910009866585,,,,
G_to_A,PolyX_PolyG_31,PolyX_PolyA_31,aa_change,G,A,31,31,0,True,4.895204,4.995204,15.05988158333622,15.159881583336219,,,,
G_to_S,PolyX_PolyG_31,PolyX_PolyS_31,aa_change,G,S,31,31,0,True,4.538983,4.638983,7.37348832943502,7.473488329435019,0.7988416743924528,0.8988416743924528,3.740141325607547,B5
G_to_E,PolyX_PolyG_31,PolyX_PolyE_31,aa_change,G,E,31,31,0,True,4.344693,4.444693,8.665726256083433,8.765726256083433,2.301139758658912,2.4011397586589114,2.0435532413410886,B5
G_to_L,PolyX_PolyG_31,PolyX_PolyL_31,aa_change,G,L,31,31,0,True,6.265286,6.365286,12.009560440633045,12.109560440633045,3.14466396414222,3.24466396414222,3.12062203585778,B5
G_to_K,PolyX_PolyG_31,PolyX_PolyK_31,aa_change,G,K,31,31,0,True,15.356038,15.456038,23.043121490788682,23.143121490788683,1.990036726095888,2.0900367260958874,13.366001273904113,B5
G_to_V,PolyX_PolyG_31,PolyX_PolyV_31,aa_change,G,V,31,31,0,True,3.713278,3.813278,8.95678328614251,9.05678328614251,,,,
G_to_I,PolyX_PolyG_31,PolyX_PolyI_31,aa_change,G,I,31,31,0,True,5.953919,6.053919,13.883693268292467,13.983693268292466,,,,
G_to_F,PolyX_PolyG_31,PolyX_PolyF_31,aa_change,G,F,31,31,0,True,4.737115,4.837115,12.749654875660696,12.849654875660695,,,,
G_to_A,PolyX_PolyG_32,PolyX_PolyA_32,aa_change,G,A,32,32,0,True,4.858984,4.958984,8.506323638436127,8.606323638436127,,,,
G_to_S,PolyX_PolyG_32,PolyX_PolyS_32,aa_change,G,S,32,32,0,True,3.224286,3.324286,11.309185579697559,11.409185579697558,1.304431565516481,1.4044315655164812,1.9198544344835191,B5
G_to_E,PolyX_PolyG_32,PolyX_PolyE_32,aa_change,G,E,32,32,0,True,6.750682,6.850682,12.788394700084993,12.888394700084993,2.2607758412141536,2.3607758412141537,4.489906158785846,B5
G_to_L,PolyX_PolyG_32,PolyX_PolyL_32,aa_change,G,L,32,32,0,True,5.514673,5.614673,14.438552111697263,14.538552111697262,3.2725039234847766,3.3725039234847767,2.242169076515224,B5
G_to_K,PolyX_PolyG_32,PolyX_PolyK_32,aa_change,G,K,32,32,0,True,17.870202,17.970202,22.016135278244263,22.116135278244265,2.4509667210594674,2.5509667210594675,15.419235278940532,B5
G_to_V,PolyX_PolyG_32,PolyX_PolyV_32,aa_change,G,V,32,32,0,True,5.35346,5.45346,8.123078629595655,8.223078629595655,,,,
G_to_I,PolyX_PolyG_32,PolyX_PolyI_32,aa_change,G,I,32,32,0,True,5.140654,5.240654,13.288517865117402,13.388517865117402,,,,
G_to_F,PolyX_PolyG_32,PolyX_PolyF_32,aa_change,G,F,32,32,0,True,5.39489,5.49489,9.027304105435013,9.127304105435012,,,,
G_to_A,PolyX_PolyG_33,PolyX_PolyA_33,aa_change,G,A,33,33,0,True,5.132873,5.232873,12.90822364313018,13.00822364313018,,,,
G_to_S,PolyX_PolyG_33,PolyX_PolyS_33,aa_change,G,S,33,33,0,True,4.348575,4.448575,14.162347340925121,14.262347340925121,1.455963374860959,1.5559633748609591,2.892611625139041,B5
G_to_E,PolyX_PolyG_33,PolyX_PolyE_33,aa_change,G,E,33,33,0,True,4.954332,5.054332,9.364048340666404,9.464048340666404,2.41217601646326,2.5121760164632594,2.54215598353674,B5
G_to_L,PolyX_PolyG_33,PolyX_PolyL_33,aa_change,G,L,33,33,0,True,6.866355,6.966355,13.068176756334138,13.168176756334137,4.0631605654429,4.163160565442899,2.8031944345571,B5
G_to_K,PolyX_PolyG_33,PolyX_PolyK_33,aa_change,G,K,33,33,0,True,13.928632,14.028632,17.746926235458364,17.846926235458366,1.9476602266254488,2.0476602266254487,11.980971773374552,B5
G_to_V,PolyX_PolyG_33,PolyX_PolyV_33,aa_change,G,V,33,33,0,True,5.359965,5.459965,12.486618453953978,12.586618453953978,,,,
G_to_I,PolyX_PolyG_33,PolyX_PolyI_33,aa_change,G,I,33,33,0,True,6.092309,6.192309,11.526997067553129,11.626997067553129,,,,
G_to_F,PolyX_PolyG_33,PolyX_PolyF_33,aa_change,G,F,33,33,0,True,6.172137,6.272137,19.15743478268116,19.257434782681162,,,,
G_to_A,PolyX_PolyG_34,PolyX_PolyA_34,aa_change,G,A,34,34,0,True,8.089482,8.189482,10.851950716541701,10.9519507165417,,,,
G_to_S,PolyX_PolyG_34,PolyX_PolyS_34,aa_change,G,S,34,34,0,True,5.061612,5.161612,10.195534685777597,10.295534685777596,1.651692294196329,1.751692294196329,3.409919705803671,B5
G_to_E,PolyX_PolyG_34,PolyX_PolyE_34,aa_change,G,E,34,34,0,True,1.992125,2.092125,9.399790188526895,9.499790188526894,2.0185263083996223,2.1185263083996224,-0.0264013083996224,B5
G_to_L,PolyX_PolyG_34,PolyX_PolyL_34,aa_change,G,L,34,34,0,True,4.770744,4.870744,8.822338019556385,8.922338019556385,3.341479358744756,3.441479358744756,1.4292646412552434,B5
G_to_K,PolyX_PolyG_34,PolyX_PolyK_34,aa_change,G,K,34,34,0,True,15.83448,15.93448,17.238355805939655,17.338355805939656,1.99552789425727,2.09552789425727,13.83895210574273,B5
G_to_V,PolyX_PolyG_34,PolyX_PolyV_34,aa_change,G,V,34,34,0,True,7.55294,7.65294,9.096789988458896,9.196789988458896,,,,
G_to_I,PolyX_PolyG_34,PolyX_PolyI_34,aa_change,G,I,34,34,0,True,6.368754,6.468754,13.254320915182877,13.354320915182877,,,,
G_to_F,PolyX_PolyG_34,PolyX_PolyF_34,aa_change,G,F,34,34,0,True,6.718875,6.818875,8.887176710082093,8.987176710082093,,,,
G_to_A,PolyX_PolyG_35,PolyX_PolyA_35,aa_change,G,A,35,35,0,True,4.035482,4.135482,16.962624686456184,17.062624686456186,,,,
G_to_S,PolyX_PolyG_35,PolyX_PolyS_35,aa_change,G,S,35,35,0,True,5.075816,5.175816,11.068405979787553,11.168405979787552,0.73758766500434,0.83758766500434,4.33822833499566,B5
G_to_E,PolyX_PolyG_35,PolyX_PolyE_35,aa_change,G,E,35,35,0,True,5.255427,5.355427,12.62207550275079,12.722075502750789,2.7390113929751907,2.839011392975191,2.5164156070248094,B5
G_to_L,PolyX_PolyG_35,PolyX_PolyL_35,aa_change,G,L,35,35,0,True,5.344653,5.444653,11.432087697817911,11.53208769781791,4.592235133373038,4.692235133373037,0.7524178666269625,B5
G_to_K,PolyX_PolyG_35,PolyX_PolyK_35,aa_change,G,K,35,35,0,True,13.44764,13.54764,16.14521968540265,16.245219685402652,2.530542396829332,2.630542396829332,10.917097603170667,B5
G_to_V,PolyX_PolyG_35,PolyX_PolyV_35,aa_change,G,V,35,35,0,True,4.959959,5.059959,13.13364421637425,13.23364421637425,,,,
G_to_I,PolyX_PolyG_35,PolyX_PolyI_35,aa_change,G,I,35,35,0,True,4.782877,4.882877,12.354051845296285,12.454051845296284,,,,
G_to_F,PolyX_PolyG_35,PolyX_PolyF_35,aa_change,G,F,35,35,0,True,6.947013,7.047013,11.739835409680367,11.839835409680367,,,,
G_to_A,PolyX_PolyG_36,PolyX_PolyA_36,aa_change,G,A,36,36,0,True,5.001387,5.101387,8.670908361933131,8.770908361933131,,,,
G_to_S,PolyX_PolyG_36,PolyX_PolyS_36,aa_change,G,S,36,36,0,True,3.021854,3.121854,12.22578714611813,12.32578714611813,0.875094913723763,0.975094913723763,2.1467590862762367,B5
G_to_E,PolyX_PolyG_36,PolyX_PolyE_36,aa_change,G,E,36,36,0,True,3.809506,3.909506,8.870014383404241,8.97001438340424,2.3659352088965377,2.465935208896538,1.443570791103462,B5
G_to_L,PolyX_PolyG_36,PolyX_PolyL_36,aa_change,G,L,36,36,0,True,7.701629,7.801629,10.529658588524155,10.629658588524155,2.353534207050659,2.453534207050659,5.3480947929493405,B5
G_to_K,PolyX_PolyG_36,PolyX_PolyK_36,aa_change,G,K,36,36,0,True,16.337022,16.437022,19.510578887892606,19.610578887892608,2.360894082181674,2.460894082181674,13.976127917818328,B5
G_to_V,PolyX_PolyG_36,PolyX_PolyV_36,aa_change,G,V,36,36,0,True,4.520658,4.620658,12.01635478107594,12.11635478107594,,,,
G_to_I,PolyX_PolyG_36,PolyX_PolyI_36,aa_change,G,I,36,36,0,True,8.648528,8.748528,11.80228732498959,11.90228732498959,,,,
G_to_F,PolyX_PolyG_36,PolyX_PolyF_36,aa_change,G,F,36,36,0,True,4.939949,5.039949,14.195443332930425,14.295443332930425,,,,
G_to_A,PolyX_PolyG_37,PolyX_PolyA_37,aa_change,G,A,37,37,0,True,8.318149,8.418149,11.095054387732251,11.19505438773225,,,,
G_to_S,PolyX_PolyG_37,PolyX_PolyS_37,aa_change,G,S,37,37,0,True,4.357278,4.457278,11.8795792336345,11.9795792336345,0.8610993616459948,0.9610993616459949,3.496178638354005,B5
G_to_E,PolyX_PolyG_37,PolyX_PolyE_37,aa_change,G,E,37,37,0,True,5.830861,5.930861,12.377866468418835,12.477866468418835,2.6531661747385056,2.7531661747385057,3.177694825261494,B5
G_to_L,PolyX_PolyG_37,PolyX_PolyL_37,aa_change,G,L,37,37,0,True,7.22297,7.32297,12.62526722287313,12.72526722287313,2.200946185106868,2.300946185106868,5.022023814893132,B5
G_to_K,PolyX_PolyG_37,PolyX_PolyK_37,aa_change,G,K,37,37,0,True,16.077218,16.177218,21.531145514591913,21.631145514591914,2.741115661768305,2.8411156617683053,13.336102338231694,B5
G_to_V,PolyX_PolyG_37,PolyX_PolyV_37,aa_change,G,V,37,37,0,True,4.386774,4.486774,10.437562531984437,10.537562531984436,,,,
G_to_I,PolyX_PolyG_37,PolyX_PolyI_37,aa_change,G,I,37,37,0,True,6.429897,6.529897,11.581375099652243,11.681375099652243,,,,
G_to_F,PolyX_PolyG_37,PolyX_PolyF_37,aa_change,G,F,37,37,0,True,6.282326,6.382326,10.723495082166998,10.823495082166998,,,,
G_to_A,PolyX_PolyG_38,PolyX_PolyA_38,aa_change,G,A,38,38,0,True,4.700953,4.800953,9.04152613775166,9.14152613775166,,,,
G_to_S,PolyX_PolyG_38,PolyX_PolyS_38,aa_change,G,S,38,38,0,True,4.537286,4.637286,11.232891314585052,11.332891314585051,1.1184306032647175,1.2184306032647176,3.4188553967352826,B5
G_to_E,PolyX_PolyG_38,PolyX_PolyE_38,aa_change,G,E,38,38,0,True,2.290357,2.390357,11.256841917039456,11.356841917039455,2.3465726779878726,2.4465726779878727,-0.0562156779878724,B5
G_to_L,PolyX_PolyG_38,PolyX_PolyL_38,aa_change,G,L,38,38,0,True,7.291705,7.391705,10.258893665923685,10.358893665923684,3.1973755330698346,3.2973755330698347,4.094329466930166,B5
G_to_K,PolyX_PolyG_38,PolyX_PolyK_38,aa_change,G,K,38,38,0,True,16.095765,16.195765,20.51853312640868,20.618533126408682,2.355305617117734,2.455305617117734,13.740459382882266,B5
G_to_V,PolyX_PolyG_38,PolyX_PolyV_38,aa_change,G,V,38,38,0,True,7.296669,7.396669,11.89944770912279,11.999447709122789,,,,
G_to_I,PolyX_PolyG_38,PolyX_PolyI_38,aa_change,G,I,38,38,0,True,8.437573,8.537573,10.256935444560636,10.356935444560635,,,,
G_to_F,PolyX_PolyG_38,PolyX_PolyF_38,aa_change,G,F,38,38,0,True,6.709066,6.809066,10.275224898506222,10.375224898506222,,,,
G_to_A,PolyX_PolyG_39,PolyX_PolyA_39,aa_change,G,A,39,39,0,True,5.884416,5.984416,12.590798066783528,12.690798066783527,,,,
G_to_S,PolyX_PolyG_39,PolyX_PolyS_39,aa_change,G,S,39,39,0,True,4.100477,4.200477,9.95187804622861,10.051878046228609,0.8956189353064617,0.9956189353064616,3.204858064693538,B5
G_to_E,PolyX_PolyG_39,PolyX_PolyE_39,aa_change,G,E,39,39,0,True,5.18207,5.28207,9.681711945325727,9.781711945325727,2.0782430116592345,2.1782430116592346,3.103826988340766,B5
G_to_L,PolyX_PolyG_39,PolyX_PolyL_39,aa_change,G,L,39,39,0,True,6.292697,6.392697,14.550298775489575,14.650298775489574,3.385489037606609,3.485489037606609,2.9072079623933917,B5
G_to_K,PolyX_PolyG_39,PolyX_PolyK_39,aa_change,G,K,39,39,0,True,15.627201,15.727201,19.229491856821856,19.329491856821857,2.433604497423382,2.533604497423382,13.193596502576618,B5
G_to_V,PolyX_PolyG_39,PolyX_PolyV_39,aa_change,G,V,39,39,0,True,7.204131,7.304131,15.338234623556229,15.438234623556228,,,,
G_to_I,PolyX_PolyG_39,PolyX_PolyI_39,aa_change,G,I,39,39,0,True,7.574632,7.674632,10.247590514140017,10.347590514140016,,,,
G_to_F,PolyX_PolyG_39,PolyX_PolyF_39,aa_change,G,F,39,39,0,True,7.017671,7.117671,12.761029213017608,12.861029213017607,,,,
G_to_A,PolyX_PolyG_40,PolyX_PolyA_40,aa_change,G,A,40,40,0,True,6.825817,6.925817,12.771481070888584,12.871481070888583,,,,
G_to_S,PolyX_PolyG_40,PolyX_PolyS_40,aa_change,G,S,40,40,0,True,7.384221,7.484221,14.222245087364898,14.322245087364898,0.9816724315378864,1.0816724315378865,6.402548568462114,B5
G_to_E,PolyX_PolyG_40,PolyX_PolyE_40,aa_change,G,E,40,40,0,True,7.207227,7.307227,19.41613174802415,19.51613174802415,2.220736238070475,2.320736238070475,4.986490761929525,B5
G_to_L,PolyX_PolyG_40,PolyX_PolyL_40,aa_change,G,L,40,40,0,True,9.694866,9.794866,13.45101750513433,13.551017505134329,2.055882255383382,2.155882255383382,7.638983744616617,B5
G_to_K,PolyX_PolyG_40,PolyX_PolyK_40,aa_change,G,K,40,40,0,True,12.979997,13.079997,22.33608445497112,22.436084454971123,2.578947146042067,2.678947146042068,10.401049853957932,B5
G_to_V,PolyX_PolyG_40,PolyX_PolyV_40,aa_change,G,V,40,40,0,True,7.054297,7.154297,16.244287416483193,16.344287416483194,,,,
G_to_I,PolyX_PolyG_40,PolyX_PolyI_40,aa_change,G,I,40,40,0,True,8.749952,8.849952,16.09429726280115,16.19429726280115,,,,
G_to_F,PolyX_PolyG_40,PolyX_PolyF_40,aa_change,G,F,40,40,0,True,8.73887,8.83887,17.185006811655132,17.285006811655133,,,,
G_to_A,PolyX_PolyG_41,PolyX_PolyA_41,aa_change,G,A,41,41,0,True,7.450788,7.550788,11.521718205680543,11.621718205680542,,,,
G_to_S,PolyX_PolyG_41,PolyX_PolyS_41,aa_change,G,S,41,41,0,True,4.301214,4.401214,12.016050413754181,12.11605041375418,1.1366524349250091,1.2366524349250094,3.1645615650749908,B5
G_to_E,PolyX_PolyG_41,PolyX_PolyE_41,aa_change,G,E,41,41,0,True,6.6124,6.7124,9.292468746212446,9.392468746212446,2.7917191656599227,2.891719165659923,3.820680834340077,B5
G_to_L,PolyX_PolyG_41,PolyX_PolyL_41,aa_change,G,L,41,41,0,True,5.471613,5.571613,11.734828827570908,11.834828827570908,4.117306241642099,4.217306241642099,1.3543067583579005,B5
G_to_K,PolyX_PolyG_41,PolyX_PolyK_41,aa_change,G,K,41,41,0,True,15.888305,15.988305,19.476452778906538,19.57645277890654,2.8059849209240424,2.9059849209240425,13.08232007907596,B5
G_to_V,PolyX_PolyG_41,PolyX_PolyV_41,aa_change,G,V,41,41,0,True,3.928334,4.028334,9.444508846806434,9.544508846806433,,,,
G_to_I,PolyX_PolyG_41,PolyX_PolyI_41,aa_change,G,I,41,41,0,True,5.053221,5.153221,8.839853298970437,8.939853298970437,,,,
G_to_F,PolyX_PolyG_41,PolyX_PolyF_41,aa_change,G,F,41,41,0,True,6.502453,6.602453,14.216535817097336,14.316535817097336,,,,
G_to_A,PolyX_PolyG_42,PolyX_PolyA_42,aa_change,G,A,42,42,0,True,5.739362,5.839362,12.323695288170223,12.423695288170222,,,,
G_to_S,PolyX_PolyG_42,PolyX_PolyS_42,aa_change,G,S,42,42,0,True,3.787163,3.887163,10.114156622616207,10.214156622616207,1.6507621923839666,1.750762192383967,2.1364008076160337,B5
G_to_E,PolyX_PolyG_42,PolyX_PolyE_42,aa_change,G,E,42,42,0,True,3.167889,3.267889,14.254488350036848,14.354488350036847,2.442306020021173,2.542306020021173,0.7255829799788271,B5
G_to_L,PolyX_PolyG_42,PolyX_PolyL_42,aa_change,G,L,42,42,0,True,5.506585,5.606585,16.420117360618093,16.520117360618094,4.057433483751519,4.157433483751519,1.449151516248481,B5
G_to_K,PolyX_PolyG_42,PolyX_PolyK_42,aa_change,G,K,42,42,0,True,16.788015,16.888015,20.701588064902722,20.801588064902724,2.8551003781134576,2.9551003781134577,13.932914621886544,B5
G_to_V,PolyX_PolyG_42,PolyX_PolyV_42,aa_change,G,V,42,42,0,True,4.1634,4.2634,10.89915983126193,10.99915983126193,,,,
G_to_I,PolyX_PolyG_42,PolyX_PolyI_42,aa_change,G,I,42,42,0,True,6.002255,6.102255,9.007957396717064,9.107957396717064,,,,
G_to_F,PolyX_PolyG_42,PolyX_PolyF_42,aa_change,G,F,42,42,0,True,6.336251,6.436251,13.562083767506417,13.662083767506417,,,,
G_to_A,PolyX_PolyG_43,PolyX_PolyA_43,aa_change,G,A,43,43,0,True,6.985389,7.085389,13.142697518358732,13.242697518358732,,,,
G_to_S,PolyX_PolyG_43,PolyX_PolyS_43,aa_change,G,S,43,43,0,True,3.608852,3.708852,13.015752733338303,13.115752733338303,1.3983425003560064,1.4983425003560065,2.210509499643994,B5
G_to_E,PolyX_PolyG_43,PolyX_PolyE_43,aa_change,G,E,43,43,0,True,5.542095,5.642095,13.324604185095426,13.424604185095426,2.168226711003905,2.268226711003905,3.373868288996095,B5
G_to_L,PolyX_PolyG_43,PolyX_PolyL_43,aa_change,G,L,43,43,0,True,6.290511,6.390511,15.837681812449578,15.937681812449577,2.52388824577325,2.62388824577325,3.7666227542267503,B5
G_to_K,PolyX_PolyG_43,PolyX_PolyK_43,aa_change,G,K,43,43,0,True,19.732112,19.832112,21.600761710544266,21.700761710544267,2.9191927917119047,3.019192791711905,16.812919208288097,B5
G_to_V,PolyX_PolyG_43,PolyX_PolyV_43,aa_change,G,V,43,43,0,True,4.389399,4.489399,12.247515736347573,12.347515736347573,,,,
G_to_I,PolyX_PolyG_43,PolyX_PolyI_43,aa_change,G,I,43,43,0,True,6.72165,6.82165,11.9539224090665,12.0539224090665,,,,
G_to_F,PolyX_PolyG_43,PolyX_PolyF_43,aa_change,G,F,43,43,0,True,7.267388,7.367388,12.447342442234453,12.547342442234452,,,,
G_to_A,PolyX_PolyG_44,PolyX_PolyA_44,aa_change,G,A,44,44,0,True,6.077553,6.177553,10.49366322393506,10.59366322393506,,,,
G_to_S,PolyX_PolyG_44,PolyX_PolyS_44,aa_change,G,S,44,44,0,True,3.340806,3.440806,7.150103649026766,7.250103649026766,1.0376969473529225,1.1376969473529226,2.303109052647078,B5
G_to_E,PolyX_PolyG_44,PolyX_PolyE_44,aa_change,G,E,44,44,0,True,3.68691,3.78691,10.177422677084111,10.277422677084111,2.380126671048619,2.480126671048619,1.306783328951381,B5
G_to_L,PolyX_PolyG_44,PolyX_PolyL_44,aa_change,G,L,44,44,0,True,8.852808,8.952808,10.718072249184551,10.818072249184551,3.172931106200706,3.2729311062007063,5.679876893799293,B5
G_to_K,PolyX_PolyG_44,PolyX_PolyK_44,aa_change,G,K,44,44,0,True,16.006783,16.106783,22.179456262647868,22.27945626264787,3.077495048811108,3.177495048811108,12.92928795118889,B5
G_to_V,PolyX_PolyG_44,PolyX_PolyV_44,aa_change,G,V,44,44,0,True,5.605825,5.705825,8.647279929637392,8.747279929637392,,,,
G_to_I,PolyX_PolyG_44,PolyX_PolyI_44,aa_change,G,I,44,44,0,True,7.950929,8.050929,10.39086727420853,10.49086727420853,,,,
G_to_F,PolyX_PolyG_44,PolyX_PolyF_44,aa_change,G,F,44,44,0,True,8.596459,8.696459,10.909395622111871,11.009395622111871,,,,
G_to_A,PolyX_PolyG_45,PolyX_PolyA_45,aa_change,G,A,45,45,0,True,7.747601,7.847601,12.355415942590511,12.45541594259051,,,,
G_to_S,PolyX_PolyG_45,PolyX_PolyS_45,aa_change,G,S,45,45,0,True,4.807854,4.907854,8.839106901372629,8.939106901372629,1.2018280101461258,1.301828010146126,3.606025989853874,B5
G_to_E,PolyX_PolyG_45,PolyX_PolyE_45,aa_change,G,E,45,45,0,True,7.445288,7.545288,10.388788851464872,10.488788851464871,1.9922582046302133,2.0922582046302134,5.453029795369787,B5
G_to_L,PolyX_PolyG_45,PolyX_PolyL_45,aa_change,G,L,45,45,0,True,7.190551,7.290551,13.500803827804374,13.600803827804373,3.488851023625997,3.5888510236259976,3.701699976374003,B5
G_to_K,PolyX_PolyG_45,PolyX_PolyK_45,aa_change,G,K,45,45,0,True,20.259267,20.359267,23.678472501658124,23.778472501658126,3.0766388137943217,3.176638813794322,17.18262818620568,B5
G_to_V,PolyX_PolyG_45,PolyX_PolyV_45,aa_change,G,V,45,45,0,True,5.364872,5.464872,12.332477356305027,12.432477356305027,,,,
G_to_I,PolyX_PolyG_45,PolyX_PolyI_45,aa_change,G,I,45,45,0,True,6.67059,6.77059,15.35467609216355,15.454676092163549,,,,
G_to_F,PolyX_PolyG_45,PolyX_PolyF_45,aa_change,G,F,45,45,0,True,9.434648,9.534648,10.107763478526449,10.207763478526449,,,,
G_to_A,PolyX_PolyG_46,PolyX_PolyA_46,aa_change,G,A,46,46,0,True,8.493678,8.593678,14.039067704923749,14.139067704923749,,,,
G_to_S,PolyX_PolyG_46,PolyX_PolyS_46,aa_change,G,S,46,46,0,True,4.76934,4.86934,11.988781791089837,12.088781791089836,4.745650364268481,4.84565036426848,0.023689635731519,B5
G_to_E,PolyX_PolyG_46,PolyX_PolyE_46,aa_change,G,E,46,46,0,True,11.375778,11.475778,13.606144826135735,13.706144826135734,2.2359538452658674,2.3359538452658675,9.139824154734132,B5
G_to_L,PolyX_PolyG_46,PolyX_PolyL_46,aa_change,G,L,46,46,0,True,9.738127,9.838127,11.814931821511761,11.914931821511761,3.705925880605713,3.805925880605713,6.032201119394287,B5
G_to_K,PolyX_PolyG_46,PolyX_PolyK_46,aa_change,G,K,46,46,0,True,19.686652,19.786652,22.123993232956412,22.223993232956413,3.244894654600841,3.3448946546008416,16.441757345399157,B5
G_to_V,PolyX_PolyG_46,PolyX_PolyV_46,aa_change,G,V,46,46,0,True,10.660478,10.760478,12.702606239204663,12.802606239204662,,,,
G_to_I,PolyX_PolyG_46,PolyX_PolyI_46,aa_change,G,I,46,46,0,True,7.946261,8.046261,10.825262263103554,10.925262263103553,,,,
G_to_F,PolyX_PolyG_46,PolyX_PolyF_46,aa_change,G,F,46,46,0,True,9.059848,9.159848,11.383728438800013,11.483728438800012,,,,
G_to_A,PolyX_PolyG_47,PolyX_PolyA_47,aa_change,G,A,47,47,0,True,8.633961,8.733961,13.159024228331083,13.259024228331082,,,,
G_to_S,PolyX_PolyG_47,PolyX_PolyS_47,aa_change,G,S,47,47,0,True,2.916931,3.016931,4.630648085819138,4.730648085819138,1.710637579520634,1.8106375795206344,1.2062934204793658,B5
G_to_E,PolyX_PolyG_47,PolyX_PolyE_47,aa_change,G,E,47,47,0,True,3.914822,4.014822,13.675892104593787,13.775892104593787,2.1693813370650847,2.269381337065085,1.7454406629349153,B5
G_to_L,PolyX_PolyG_47,PolyX_PolyL_47,aa_change,G,L,47,47,0,True,7.274364,7.374364,11.341308823308134,11.441308823308134,3.7846600718829473,3.8846600718829474,3.489703928117053,B5
G_to_K,PolyX_PolyG_47,PolyX_PolyK_47,aa_change,G,K,47,47,0,True,20.379897,20.479897,22.26792584189943,22.36792584189943,3.670919124896194,3.770919124896194,16.708977875103805,B5
G_to_V,PolyX_PolyG_47,PolyX_PolyV_47,aa_change,G,V,47,47,0,True,8.158631,8.258631,11.826535602949527,11.926535602949526,,,,
G_to_I,PolyX_PolyG_47,PolyX_PolyI_47,aa_change,G,I,47,47,0,True,6.795055,6.895055,11.101441649354623,11.201441649354622,,,,
G_to_F,PolyX_PolyG_47,PolyX_PolyF_47,aa_change,G,F,47,47,0,True,7.837017,7.937017,12.879486513424808,12.979486513424808,,,,
G_to_A,PolyX_PolyG_48,PolyX_PolyA_48,aa_change,G,A,48,48,0,True,7.843533,7.943533,12.34700635485156,12.44700635485156,,,,
G_to_S,PolyX_PolyG_48,PolyX_PolyS_48,aa_change,G,S,48,48,0,True,3.722595,3.822595,10.964678133358339,11.064678133358338,1.180410974809587,1.280410974809587,2.542184025190413,B5
G_to_E,PolyX_PolyG_48,PolyX_PolyE_48,aa_change,G,E,48,48,0,True,4.284772,4.384772,12.746835927190357,12.846835927190357,2.2954269233062496,2.3954269233062497,1.9893450766937504,B5
G_to_L,PolyX_PolyG_48,PolyX_PolyL_48,aa_change,G,L,48,48,0,True,10.616776,10.716776,12.123026874984673,12.223026874984672,3.585435897358844,3.685435897358844,7.031340102641156,B5
G_to_K,PolyX_PolyG_48,PolyX_PolyK_48,aa_change,G,K,48,48,0,True,21.04515,21.14515,21.63195162494791,21.73195162494791,4.910745429121314,5.010745429121314,16.134404570878687,B5
G_to_V,PolyX_PolyG_48,PolyX_PolyV_48,aa_change,G,V,48,48,0,True,5.872677,5.972677,11.613203344041791,11.71320334404179,,,,
G_to_I,PolyX_PolyG_48,PolyX_PolyI_48,aa_change,G,I,48,48,0,True,7.072733,7.172733,12.394531225011455,12.494531225011455,,,,
G_to_F,PolyX_PolyG_48,PolyX_PolyF_48,aa_change,G,F,48,48,0,True,9.39545,9.49545,14.430720861189648,14.530720861189648,,,,
G_to_A,PolyX_PolyG_49,PolyX_PolyA_49,aa_change,G,A,49,49,0,True,8.571616,8.671616,14.581448374517347,14.681448374517347,,,,
G_to_S,PolyX_PolyG_49,PolyX_PolyS_49,aa_change,G,S,49,49,0,True,2.295558,2.395558,9.344995465813119,9.444995465813118,15.522597564498748,15.622597564498747,-13.227039564498748,B5
G_to_E,PolyX_PolyG_49,PolyX_PolyE_49,aa_change,G,E,49,49,0,True,4.185998,4.285998,10.893403517384499,10.993403517384499,2.072985935965608,2.172985935965608,2.1130120640343915,B5
G_to_L,PolyX_PolyG_49,PolyX_PolyL_49,aa_change,G,L,49,49,0,True,8.269021,8.369021,14.91294502108191,15.01294502108191,3.2480142076891103,3.3480142076891104,5.0210067923108905,B5
G_to_K,PolyX_PolyG_49,PolyX_PolyK_49,aa_change,G,K,49,49,0,True,24.559542,24.659542,25.553453943358438,25.65345394335844,3.5923873582600985,3.6923873582600986,20.967154641739903,B5
G_to_V,PolyX_PolyG_49,PolyX_PolyV_49,aa_change,G,V,49,49,0,True,7.169754,7.269754,12.09175813416531,12.19175813416531,,,,
G_to_I,PolyX_PolyG_49,PolyX_PolyI_49,aa_change,G,I,49,49,0,True,7.253038,7.353038,11.747893505724564,11.847893505724564,,,,
G_to_F,PolyX_PolyG_49,PolyX_PolyF_49,aa_change,G,F,49,49,0,True,10.682586,10.782586,14.357566363470022,14.457566363470022,,,,
G_to_A,PolyX_PolyG_50,PolyX_PolyA_50,aa_change,G,A,50,50,0,True,10.971835,11.071835,11.696760087078816,11.796760087078816,,,,
G_to_S,PolyX_PolyG_50,PolyX_PolyS_50,aa_change,G,S,50,50,0,True,4.801858,4.901858,9.537547800154423,9.637547800154422,7.045719897724669,7.1457198977246685,-2.2438618977246687,B5
G_to_E,PolyX_PolyG_50,PolyX_PolyE_50,aa_change,G,E,50,50,0,True,8.322278,8.422278,8.853321723162141,8.95332172316214,2.6196875623774734,2.719687562377473,5.702590437622527,B5
G_to_L,PolyX_PolyG_50,PolyX_PolyL_50,aa_change,G,L,50,50,0,True,11.317309,11.417309,11.78171576951274,11.88171576951274,4.663022621595621,4.763022621595621,6.654286378404379,B5
G_to_K,PolyX_PolyG_50,PolyX_PolyK_50,aa_change,G,K,50,50,0,True,24.318689,24.418689,26.231649134651178,26.33164913465118,7.3494220186974655,7.449422018697465,16.969266981302532,B5
G_to_V,PolyX_PolyG_50,PolyX_PolyV_50,aa_change,G,V,50,50,0,True,8.191486,8.291486,12.08552467718444,12.18552467718444,,,,
G_to_I,PolyX_PolyG_50,PolyX_PolyI_50,aa_change,G,I,50,50,0,True,10.031514,10.131514,15.20706022705817,15.30706022705817,,,,
G_to_F,PolyX_PolyG_50,PolyX_PolyF_50,aa_change,G,F,50,50,0,True,10.569346,10.669346,13.315462325790701,13.4154623257907,,,,
G_n17_to_n18,PolyX_PolyG_17,PolyX_PolyG_18,chain_growth,G,G,17,17,0,True,4.463142,4.463142,9.97558644847951,9.97558644847951,0.4562802445803469,0.4562802445803469,4.006861755419654,B5
G_n18_to_n19,PolyX_PolyG_18,PolyX_PolyG_19,chain_growth,G,G,18,18,0,True,5.913048,5.913048,13.422664357491058,13.422664357491058,0.6809343410858874,0.6809343410858874,5.232113658914113,B5
G_n19_to_n20,PolyX_PolyG_19,PolyX_PolyG_20,chain_growth,G,G,19,19,0,True,8.714934,8.714934,10.903022319525789,10.903022319525789,0.3297633743110883,0.3297633743110883,8.385170625688911,B5
G_n20_to_n21,PolyX_PolyG_20,PolyX_PolyG_21,chain_growth,G,G,20,20,0,True,6.191636,6.191636,10.522164541864543,10.522164541864543,0.4724116454162366,0.4724116454162366,5.719224354583764,B5
G_n21_to_n22,PolyX_PolyG_21,PolyX_PolyG_22,chain_growth,G,G,21,21,0,True,6.985121,6.985121,9.591871310014783,9.591871310014783,0.318376469742321,0.318376469742321,6.666744530257679,B5
G_n22_to_n23,PolyX_PolyG_22,PolyX_PolyG_23,chain_growth,G,G,22,22,0,True,4.984998,4.984998,10.492740681320253,10.492740681320253,0.5371433618863415,0.5371433618863415,4.447854638113658,B5
G_n23_to_n24,PolyX_PolyG_23,PolyX_PolyG_24,chain_growth,G,G,23,23,0,True,2.194843,2.194843,7.924299447510815,7.924299447510815,0.2276912636522383,0.2276912636522383,1.9671517363477615,B5
G_n24_to_n25,PolyX_PolyG_24,PolyX_PolyG_25,chain_growth,G,G,24,24,0,True,1.751134,1.751134,9.977071032196978,9.977071032196978,0.4203963128560207,0.4203963128560207,1.330737687143979,B5
G_n25_to_n26,PolyX_PolyG_25,PolyX_PolyG_26,chain_growth,G,G,25,25,0,True,2.562556,2.562556,13.148191759686616,13.148191759686616,0.5943503956020755,0.5943503956020755,1.9682056043979244,B5
G_n26_to_n27,PolyX_PolyG_26,PolyX_PolyG_27,chain_growth,G,G,26,26,0,True,4.587147,4.587147,6.213746068104552,6.213746068104552,1.0008625209586994,1.0008625209586994,3.5862844790413004,B5
G_n27_to_n28,PolyX_PolyG_27,PolyX_PolyG_28,chain_growth,G,G,27,27,0,True,4.754531,4.754531,14.334551915753186,14.334551915753186,0.2401169275593827,0.2401169275593827,4.514414072440617,B5
G_n28_to_n29,PolyX_PolyG_28,PolyX_PolyG_29,chain_growth,G,G,28,28,0,True,6.494707,6.494707,12.50734203801004,12.50734203801004,0.7781864872753018,0.7781864872753018,5.716520512724698,B5
G_n29_to_n30,PolyX_PolyG_29,PolyX_PolyG_30,chain_growth,G,G,29,29,0,True,5.187716,5.187716,7.776675217144505,7.776675217144505,0.6415974805653062,0.6415974805653062,4.546118519434694,B5
G_n30_to_n31,PolyX_PolyG_30,PolyX_PolyG_31,chain_growth,G,G,30,30,0,True,3.242944,3.242944,7.3698828489489,7.3698828489489,0.3056985555894485,0.3056985555894485,2.937245444410552,B5
G_n31_to_n32,PolyX_PolyG_31,PolyX_PolyG_32,chain_growth,G,G,31,31,0,True,2.048103,2.048103,12.42508146148397,12.42508146148397,0.5023299608227613,0.5023299608227613,1.5457730391772384,B5
G_n32_to_n33,PolyX_PolyG_32,PolyX_PolyG_33,chain_growth,G,G,32,32,0,True,2.0052,2.0052,12.194104274463758,12.194104274463758,0.4885957363567991,0.4885957363567991,1.516604263643201,B5
G_n33_to_n34,PolyX_PolyG_33,PolyX_PolyG_34,chain_growth,G,G,33,33,0,True,4.795719,4.795719,11.712396473308203,11.712396473308203,1.0208934604206223,1.0208934604206223,3.7748255395793775,B5
G_n34_to_n35,PolyX_PolyG_34,PolyX_PolyG_35,chain_growth,G,G,34,34,0,True,3.900919,3.900919,12.86939135854539,12.86939135854539,1.6948130532894974,1.6948130532894974,2.206105946710503,B5
G_n35_to_n36,PolyX_PolyG_35,PolyX_PolyG_36,chain_growth,G,G,35,35,0,True,4.191512,4.191512,10.31226596566784,10.31226596566784,0.5357353154215485,0.5357353154215485,3.655776684578452,B5
G_n36_to_n37,PolyX_PolyG_36,PolyX_PolyG_37,chain_growth,G,G,36,36,0,True,4.009168,4.009168,8.429035428770925,8.429035428770925,0.1196545270212992,0.1196545270212992,3.8895134729787006,B5
G_n37_to_n38,PolyX_PolyG_37,PolyX_PolyG_38,chain_growth,G,G,37,37,0,True,2.118488,2.118488,7.519348601469371,7.519348601469371,0.3343410015996728,0.3343410015996728,1.7841469984003273,B5
G_n38_to_n39,PolyX_PolyG_38,PolyX_PolyG_39,chain_growth,G,G,38,38,0,True,5.513805,5.513805,10.518308280257134,10.518308280257134,0.1804578097648046,0.1804578097648046,5.333347190235195,B5
G_n39_to_n40,PolyX_PolyG_39,PolyX_PolyG_40,chain_growth,G,G,39,39,0,True,3.923123,3.923123,13.600719701441673,13.600719701441673,0.2801252629181808,0.2801252629181808,3.642997737081819,B5
G_n40_to_n41,PolyX_PolyG_40,PolyX_PolyG_41,chain_growth,G,G,40,40,0,True,6.589901,6.589901,14.414952051465454,14.414952051465454,1.2419472179401356,1.2419472179401356,5.347953782059864,B5
G_n41_to_n42,PolyX_PolyG_41,PolyX_PolyG_42,chain_growth,G,G,41,41,0,True,2.40295,2.40295,10.099270927424953,10.099270927424953,0.2021979683959171,0.2021979683959171,2.200752031604083,B5
G_n42_to_n43,PolyX_PolyG_42,PolyX_PolyG_43,chain_growth,G,G,42,42,0,True,4.034609,4.034609,10.240437607815785,10.240437607815785,0.7841409858951264,0.7841409858951264,3.2504680141048734,B5
G_n43_to_n44,PolyX_PolyG_43,PolyX_PolyG_44,chain_growth,G,G,43,43,0,True,5.292463,5.292463,11.143631147067554,11.143631147067554,0.3256496568645433,0.3256496568645433,4.966813343135456,B5
G_n44_to_n45,PolyX_PolyG_44,PolyX_PolyG_45,chain_growth,G,G,44,44,0,True,5.937069,5.937069,10.466411781562885,10.466411781562885,0.6178249647811762,0.6178249647811762,5.319244035218824,B5
G_n45_to_n46,PolyX_PolyG_45,PolyX_PolyG_46,chain_growth,G,G,45,45,0,True,7.990328,7.990328,11.886582436596662,11.886582436596662,0.990643760714293,0.990643760714293,6.999684239285707,B5
G_n46_to_n47,PolyX_PolyG_46,PolyX_PolyG_47,chain_growth,G,G,46,46,0,True,6.486057,6.486057,12.051320773439075,12.051320773439075,2.253256507672469,2.253256507672469,4.232800492327531,B5
G_n47_to_n48,PolyX_PolyG_47,PolyX_PolyG_48,chain_growth,G,G,47,47,0,True,2.568662,2.568662,10.273685758744037,10.273685758744037,1.1660143217809609,1.1660143217809609,1.402647678219039,B5
G_n48_to_n49,PolyX_PolyG_48,PolyX_PolyG_49,chain_growth,G,G,48,48,0,True,2.397315,2.397315,12.483231934708574,12.483231934708574,0.1919179773515069,0.1919179773515069,2.205397022648493,B5
G_n49_to_n50,PolyX_PolyG_49,PolyX_PolyG_50,chain_growth,G,G,49,49,0,True,3.967531,3.967531,8.058319382158011,8.058319382158011,1.4395436351952804,1.4395436351952804,2.52798736480472,B5
A_n17_to_n18,PolyX_PolyA_17,PolyX_PolyA_18,chain_growth,A,A,17,17,0,True,7.282584,7.282584,15.173710221142455,15.173710221142455,,,,
A_n18_to_n19,PolyX_PolyA_18,PolyX_PolyA_19,chain_growth,A,A,18,18,0,True,8.9435,8.9435,14.466995379852312,14.466995379852312,,,,
A_n19_to_n20,PolyX_PolyA_19,PolyX_PolyA_20,chain_growth,A,A,19,19,0,True,6.40911,6.40911,10.06643832731954,10.06643832731954,,,,
A_n20_to_n21,PolyX_PolyA_20,PolyX_PolyA_21,chain_growth,A,A,20,20,0,True,4.925288,4.925288,8.624258045911628,8.624258045911628,,,,
A_n21_to_n22,PolyX_PolyA_21,PolyX_PolyA_22,chain_growth,A,A,21,21,0,True,3.152304,3.152304,6.924101167947246,6.924101167947246,,,,
A_n22_to_n23,PolyX_PolyA_22,PolyX_PolyA_23,chain_growth,A,A,22,22,0,True,6.64176,6.64176,8.187424866944722,8.187424866944722,,,,
A_n23_to_n24,PolyX_PolyA_23,PolyX_PolyA_24,chain_growth,A,A,23,23,0,True,2.103516,2.103516,9.278917974127795,9.278917974127795,,,,
A_n24_to_n25,PolyX_PolyA_24,PolyX_PolyA_25,chain_growth,A,A,24,24,0,True,2.027616,2.027616,8.66783310903926,8.66783310903926,,,,
A_n25_to_n26,PolyX_PolyA_25,PolyX_PolyA_26,chain_growth,A,A,25,25,0,True,4.532752,4.532752,12.476960102546846,12.476960102546846,,,,
A_n26_to_n27,PolyX_PolyA_26,PolyX_PolyA_27,chain_growth,A,A,26,26,0,True,2.968266,2.968266,13.868609324792157,13.868609324792157,,,,
A_n27_to_n28,PolyX_PolyA_27,PolyX_PolyA_28,chain_growth,A,A,27,27,0,True,2.017249,2.017249,5.815224018459966,5.815224018459966,,,,
A_n28_to_n29,PolyX_PolyA_28,PolyX_PolyA_29,chain_growth,A,A,28,28,0,True,4.936937,4.936937,9.93917313621987,9.93917313621987,,,,
A_n29_to_n30,PolyX_PolyA_29,PolyX_PolyA_30,chain_growth,A,A,29,29,0,True,6.253828,6.253828,8.280689834000723,8.280689834000723,,,,
A_n30_to_n31,PolyX_PolyA_30,PolyX_PolyA_31,chain_growth,A,A,30,30,0,True,3.564423,3.564423,8.435838895307985,8.435838895307985,,,,
A_n31_to_n32,PolyX_PolyA_31,PolyX_PolyA_32,chain_growth,A,A,31,31,0,True,2.308418,2.308418,9.664901610092206,9.664901610092206,,,,
A_n32_to_n33,PolyX_PolyA_32,PolyX_PolyA_33,chain_growth,A,A,32,32,0,True,4.813001,4.813001,9.188331432757819,9.188331432757819,,,,
A_n33_to_n34,PolyX_PolyA_33,PolyX_PolyA_34,chain_growth,A,A,33,33,0,True,7.393702,7.393702,8.73813555382937,8.73813555382937,,,,
A_n34_to_n35,PolyX_PolyA_34,PolyX_PolyA_35,chain_growth,A,A,34,34,0,True,6.011908,6.011908,16.659789372358055,16.659789372358055,,,,
A_n35_to_n36,PolyX_PolyA_35,PolyX_PolyA_36,chain_growth,A,A,35,35,0,True,3.438773,3.438773,12.51780227028802,12.51780227028802,,,,
A_n36_to_n37,PolyX_PolyA_36,PolyX_PolyA_37,chain_growth,A,A,36,36,0,True,7.858337,7.858337,10.474515164677838,10.474515164677838,,,,
A_n37_to_n38,PolyX_PolyA_37,PolyX_PolyA_38,chain_growth,A,A,37,37,0,True,7.426571,7.426571,15.065606506804865,15.065606506804865,,,,
A_n38_to_n39,PolyX_PolyA_38,PolyX_PolyA_39,chain_growth,A,A,38,38,0,True,2.929983,2.929983,9.511342002213896,9.511342002213896,,,,
A_n39_to_n40,PolyX_PolyA_39,PolyX_PolyA_40,chain_growth,A,A,39,39,0,True,5.824366,5.824366,8.96211508911695,8.96211508911695,,,,
A_n40_to_n41,PolyX_PolyA_40,PolyX_PolyA_41,chain_growth,A,A,40,40,0,True,1.236454,1.236454,7.666449411492198,7.666449411492198,,,,
A_n41_to_n42,PolyX_PolyA_41,PolyX_PolyA_42,chain_growth,A,A,41,41,0,True,3.078853,3.078853,11.495112688617874,11.495112688617874,,,,
A_n42_to_n43,PolyX_PolyA_42,PolyX_PolyA_43,chain_growth,A,A,42,42,0,True,4.278959,4.278959,7.133758531291064,7.133758531291064,,,,
A_n43_to_n44,PolyX_PolyA_43,PolyX_PolyA_44,chain_growth,A,A,43,43,0,True,4.481897,4.481897,10.2271011535692,10.2271011535692,,,,
A_n44_to_n45,PolyX_PolyA_44,PolyX_PolyA_45,chain_growth,A,A,44,44,0,True,3.443791,3.443791,8.894461778044334,8.894461778044334,,,,
A_n45_to_n46,PolyX_PolyA_45,PolyX_PolyA_46,chain_growth,A,A,45,45,0,True,2.953654,2.953654,10.281496620409014,10.281496620409014,,,,
A_n46_to_n47,PolyX_PolyA_46,PolyX_PolyA_47,chain_growth,A,A,46,46,0,True,6.193256,6.193256,16.855494974205044,16.855494974205044,,,,
A_n47_to_n48,PolyX_PolyA_47,PolyX_PolyA_48,chain_growth,A,A,47,47,0,True,3.695443,3.695443,11.299994944734221,11.299994944734221,,,,
A_n48_to_n49,PolyX_PolyA_48,PolyX_PolyA_49,chain_growth,A,A,48,48,0,True,7.217731,7.217731,8.284943343287985,8.284943343287985,,,,
A_n49_to_n50,PolyX_PolyA_49,PolyX_PolyA_50,chain_growth,A,A,49,49,0,True,8.123378,8.123378,14.014152156096273,14.014152156096273,,,,
S_n17_to_n18,PolyX_PolyS_17,PolyX_PolyS_18,chain_growth,S,S,17,17,0,True,2.645273,2.645273,9.373791292536831,9.373791292536831,0.2439135962087674,0.2439135962087674,2.4013594037912327,B5
S_n18_to_n19,PolyX_PolyS_18,PolyX_PolyS_19,chain_growth,S,S,18,18,0,True,5.776844,5.776844,8.171896149611449,8.171896149611449,0.1679532947268075,0.1679532947268075,5.608890705273192,B5
S_n19_to_n20,PolyX_PolyS_19,PolyX_PolyS_20,chain_growth,S,S,19,19,0,True,4.937893,4.937893,8.63017651536064,8.63017651536064,0.481393138353772,0.481393138353772,4.456499861646228,B5
S_n20_to_n21,PolyX_PolyS_20,PolyX_PolyS_21,chain_growth,S,S,20,20,0,True,2.294798,2.294798,9.734461114593234,9.734461114593234,0.1849312345092943,0.1849312345092943,2.1098667654907057,B5
S_n21_to_n22,PolyX_PolyS_21,PolyX_PolyS_22,chain_growth,S,S,21,21,0,True,2.41407,2.41407,11.822259498957772,11.822259498957772,1.0723307508675948,1.0723307508675948,1.3417392491324054,B5
S_n22_to_n23,PolyX_PolyS_22,PolyX_PolyS_23,chain_growth,S,S,22,22,0,True,5.150326,5.150326,8.353424498471838,8.353424498471838,0.7298863847610266,0.7298863847610266,4.420439615238973,B5
S_n23_to_n24,PolyX_PolyS_23,PolyX_PolyS_24,chain_growth,S,S,23,23,0,True,7.618233,7.618233,10.011705578632649,10.011705578632649,0.1314266723117276,0.1314266723117276,7.486806327688273,B5
S_n24_to_n25,PolyX_PolyS_24,PolyX_PolyS_25,chain_growth,S,S,24,24,0,True,8.104635,8.104635,5.815203339384403,5.815203339384403,0.4175604679095621,0.4175604679095621,7.687074532090438,B5
S_n25_to_n26,PolyX_PolyS_25,PolyX_PolyS_26,chain_growth,S,S,25,25,0,True,4.683955,4.683955,11.407906596394543,11.407906596394543,1.0926788680575146,1.0926788680575146,3.591276131942485,B5
S_n26_to_n27,PolyX_PolyS_26,PolyX_PolyS_27,chain_growth,S,S,26,26,0,True,1.946795,1.946795,8.861384384294286,8.861384384294286,0.8456673741256656,0.8456673741256656,1.1011276258743343,B5
S_n27_to_n28,PolyX_PolyS_27,PolyX_PolyS_28,chain_growth,S,S,27,27,0,True,6.650077,6.650077,12.121556435268003,12.121556435268003,0.3778097086698253,0.3778097086698253,6.272267291330175,B5
S_n28_to_n29,PolyX_PolyS_28,PolyX_PolyS_29,chain_growth,S,S,28,28,0,True,9.520004,9.520004,10.771383802364664,10.771383802364664,0.3153081956015418,0.3153081956015418,9.204695804398458,B5
S_n29_to_n30,PolyX_PolyS_29,PolyX_PolyS_30,chain_growth,S,S,29,29,0,True,9.81739,9.81739,8.562189830245721,8.562189830245721,0.3899765052389232,0.3899765052389232,9.427413494761076,B5
S_n30_to_n31,PolyX_PolyS_30,PolyX_PolyS_31,chain_growth,S,S,30,30,0,True,7.212283,7.212283,9.322577420177184,9.322577420177184,0.5623113921149592,0.5623113921149592,6.649971607885041,B5
S_n31_to_n32,PolyX_PolyS_31,PolyX_PolyS_32,chain_growth,S,S,31,31,0,True,3.625834,3.625834,9.627423625526097,9.627423625526097,1.098318545183848,1.098318545183848,2.527515454816152,B5
S_n32_to_n33,PolyX_PolyS_32,PolyX_PolyS_33,chain_growth,S,S,32,32,0,True,2.002587,2.002587,9.879298421608592,9.879298421608592,0.3234732479214974,0.3234732479214974,1.6791137520785029,B5
S_n33_to_n34,PolyX_PolyS_33,PolyX_PolyS_34,chain_growth,S,S,33,33,0,True,1.328166,1.328166,6.344169191258149,6.344169191258149,1.5399547209728264,1.5399547209728264,-0.2117887209728264,B5
S_n34_to_n35,PolyX_PolyS_34,PolyX_PolyS_35,chain_growth,S,S,34,34,0,True,3.364643,3.364643,10.209422825886202,10.209422825886202,0.47300836566406,0.47300836566406,2.89163463433594,B5
S_n35_to_n36,PolyX_PolyS_35,PolyX_PolyS_36,chain_growth,S,S,35,35,0,True,3.003523,3.003523,11.30652994169186,11.30652994169186,0.9946491899590332,0.9946491899590332,2.0088738100409667,B5
S_n36_to_n37,PolyX_PolyS_36,PolyX_PolyS_37,chain_growth,S,S,36,36,0,True,5.244762,5.244762,12.965881969944126,12.965881969944126,0.4432651262364929,0.4432651262364929,4.801496873763507,B5
S_n37_to_n38,PolyX_PolyS_37,PolyX_PolyS_38,chain_growth,S,S,37,37,0,True,5.110497,5.110497,11.117716880881854,11.117716880881854,0.9564317517070612,0.9564317517070612,4.154065248292938,B5
S_n38_to_n39,PolyX_PolyS_38,PolyX_PolyS_39,chain_growth,S,S,38,38,0,True,6.805821,6.805821,8.31329872721337,8.31329872721337,0.7262856028457211,0.7262856028457211,6.079535397154279,B5
S_n39_to_n40,PolyX_PolyS_39,PolyX_PolyS_40,chain_growth,S,S,39,39,0,True,8.332589,8.332589,10.14427405781802,10.14427405781802,0.8289848741053107,0.8289848741053107,7.5036041258946895,B5
S_n40_to_n41,PolyX_PolyS_40,PolyX_PolyS_41,chain_growth,S,S,40,40,0,True,6.875992,6.875992,11.131934773436843,11.131934773436843,0.5304135607394991,0.5304135607394991,6.3455784392605015,B5
S_n41_to_n42,PolyX_PolyS_41,PolyX_PolyS_42,chain_growth,S,S,41,41,0,True,0.924564,0.924564,10.804008119455576,10.804008119455576,0.8659778461251049,0.8659778461251049,0.0585861538748951,B5
S_n42_to_n43,PolyX_PolyS_42,PolyX_PolyS_43,chain_growth,S,S,42,42,0,True,4.631365,4.631365,9.025557038379182,9.025557038379182,1.510714392447133,1.510714392447133,3.120650607552867,B5
S_n43_to_n44,PolyX_PolyS_43,PolyX_PolyS_44,chain_growth,S,S,43,43,0,True,4.948465,4.948465,8.20719248137593,8.20719248137593,1.3854189722593502,1.3854189722593502,3.5630460277406497,B5
S_n44_to_n45,PolyX_PolyS_44,PolyX_PolyS_45,chain_growth,S,S,44,44,0,True,2.104865,2.104865,9.792304713766404,9.792304713766404,0.8016588328656913,0.8016588328656913,1.303206167134309,B5
S_n45_to_n46,PolyX_PolyS_45,PolyX_PolyS_46,chain_growth,S,S,45,45,0,True,4.2047,4.2047,10.008760829749114,10.008760829749114,4.730553122406145,4.730553122406145,-0.5258531224061453,B5
S_n46_to_n47,PolyX_PolyS_46,PolyX_PolyS_47,chain_growth,S,S,46,46,0,True,7.90398,7.90398,12.432098376208256,12.432098376208256,4.881486838575144,4.881486838575144,3.022493161424856,B5
S_n47_to_n48,PolyX_PolyS_47,PolyX_PolyS_48,chain_growth,S,S,47,47,0,True,3.914912,3.914912,11.567838924650433,11.567838924650433,0.3261075430701023,0.3261075430701023,3.588804456929898,B5
S_n48_to_n49,PolyX_PolyS_48,PolyX_PolyS_49,chain_growth,S,S,48,48,0,True,2.916761,2.916761,7.812458866661818,7.812458866661818,15.335798155382362,15.335798155382362,-12.419037155382362,B5
S_n49_to_n50,PolyX_PolyS_49,PolyX_PolyS_50,chain_growth,S,S,49,49,0,True,1.966529,1.966529,8.440797797973568,8.440797797973568,8.163343704570265,8.163343704570265,-6.196814704570265,B5
E_n17_to_n18,PolyX_PolyE_17,PolyX_PolyE_18,chain_growth,E,E,17,17,0,True,7.447686,7.447686,10.07026363696523,10.07026363696523,0.3656325619660489,0.3656325619660489,7.082053438033952,B5
E_n18_to_n19,PolyX_PolyE_18,PolyX_PolyE_19,chain_growth,E,E,18,18,0,True,8.241473,8.241473,15.565714149685087,15.565714149685087,0.6914301560514418,0.6914301560514418,7.550042843948558,B5
E_n19_to_n20,PolyX_PolyE_19,PolyX_PolyE_20,chain_growth,E,E,19,19,0,True,4.529911,4.529911,11.277554883633439,11.277554883633439,0.2941279356817686,0.2941279356817686,4.235783064318231,B5
E_n20_to_n21,PolyX_PolyE_20,PolyX_PolyE_21,chain_growth,E,E,20,20,0,True,4.317405,4.317405,11.571778522822083,11.571778522822083,0.3733062175646797,0.3733062175646797,3.94409878243532,B5
E_n21_to_n22,PolyX_PolyE_21,PolyX_PolyE_22,chain_growth,E,E,21,21,0,True,2.637071,2.637071,11.243196053824292,11.243196053824292,1.0728889611706245,1.0728889611706245,1.5641820388293757,B5
E_n22_to_n23,PolyX_PolyE_22,PolyX_PolyE_23,chain_growth,E,E,22,22,0,True,4.356876,4.356876,8.048110170817251,8.048110170817251,0.7985952765673392,0.7985952765673392,3.5582807234326603,B5
E_n23_to_n24,PolyX_PolyE_23,PolyX_PolyE_24,chain_growth,E,E,23,23,0,True,4.254015,4.254015,10.637989871378924,10.637989871378924,0.2807240101867439,0.2807240101867439,3.973290989813256,B5
E_n24_to_n25,PolyX_PolyE_24,PolyX_PolyE_25,chain_growth,E,E,24,24,0,True,6.257095,6.257095,12.948325256697041,12.948325256697041,0.2739933203806426,0.2739933203806426,5.983101679619357,B5
E_n25_to_n26,PolyX_PolyE_25,PolyX_PolyE_26,chain_growth,E,E,25,25,0,True,5.384577,5.384577,7.395323583206468,7.395323583206468,1.4715643127654463,1.4715643127654463,3.913012687234554,B5
E_n26_to_n27,PolyX_PolyE_26,PolyX_PolyE_27,chain_growth,E,E,26,26,0,True,3.938205,3.938205,9.081937653828215,9.081937653828215,1.0783861329354978,1.0783861329354978,2.859818867064502,B5
E_n27_to_n28,PolyX_PolyE_27,PolyX_PolyE_28,chain_growth,E,E,27,27,0,True,8.68171,8.68171,11.977119302692635,11.977119302692635,1.4983723498584869,1.4983723498584869,7.183337650141514,B5
E_n28_to_n29,PolyX_PolyE_28,PolyX_PolyE_29,chain_growth,E,E,28,28,0,True,5.415375,5.415375,12.713482058274023,12.713482058274023,1.441164548805107,1.441164548805107,3.974210451194893,B5
E_n29_to_n30,PolyX_PolyE_29,PolyX_PolyE_30,chain_growth,E,E,29,29,0,True,1.999485,1.999485,13.969072366268831,13.969072366268831,0.9806355139696912,0.9806355139696912,1.0188494860303088,B5
E_n30_to_n31,PolyX_PolyE_30,PolyX_PolyE_31,chain_growth,E,E,30,30,0,True,2.929476,2.929476,11.73984837749646,11.73984837749646,0.4061263095994058,0.4061263095994058,2.5233496904005945,B5
E_n31_to_n32,PolyX_PolyE_31,PolyX_PolyE_32,chain_growth,E,E,31,31,0,True,6.053268,6.053268,11.021944856251546,11.021944856251546,0.4030259394633184,0.4030259394633184,5.650242060536682,B5
E_n32_to_n33,PolyX_PolyE_32,PolyX_PolyE_33,chain_growth,E,E,32,32,0,True,10.100975,10.100975,14.400170539609366,14.400170539609366,0.6878471263354244,0.6878471263354244,9.413127873664576,B5
E_n33_to_n34,PolyX_PolyE_33,PolyX_PolyE_34,chain_growth,E,E,33,33,0,True,5.359009,5.359009,6.481956072309069,6.481956072309069,1.2795756845522546,1.2795756845522546,4.079433315447746,B5
E_n34_to_n35,PolyX_PolyE_34,PolyX_PolyE_35,chain_growth,E,E,34,34,0,True,7.269818,7.269818,8.391145031402866,8.391145031402866,0.8849624919074939,0.8849624919074939,6.384855508092506,B5
E_n35_to_n36,PolyX_PolyE_35,PolyX_PolyE_36,chain_growth,E,E,35,35,0,True,4.575099,4.575099,10.583363510037257,10.583363510037257,0.5925762895268041,0.5925762895268041,3.982522710473196,B5
E_n36_to_n37,PolyX_PolyE_36,PolyX_PolyE_37,chain_growth,E,E,36,36,0,True,5.406669,5.406669,10.453391418465594,10.453391418465594,0.3997604298128873,0.3997604298128873,5.006908570187113,B5
E_n37_to_n38,PolyX_PolyE_37,PolyX_PolyE_38,chain_growth,E,E,37,37,0,True,5.480694,5.480694,10.547716916602164,10.547716916602164,0.4357351257761599,0.4357351257761599,5.044958874223839,B5
E_n38_to_n39,PolyX_PolyE_38,PolyX_PolyE_39,chain_growth,E,E,38,38,0,True,2.388251,2.388251,11.093408202364822,11.093408202364822,0.6089148268240395,0.6089148268240395,1.7793361731759605,B5
E_n39_to_n40,PolyX_PolyE_39,PolyX_PolyE_40,chain_growth,E,E,39,39,0,True,7.124502,7.124502,11.882482832869044,11.882482832869044,0.4723927331631871,0.4723927331631871,6.6521092668368125,B5
E_n40_to_n41,PolyX_PolyE_40,PolyX_PolyE_41,chain_growth,E,E,40,40,0,True,9.62551,9.62551,12.073513798223779,12.073513798223779,0.2855667315976368,0.2855667315976368,9.339943268402363,B5
E_n41_to_n42,PolyX_PolyE_41,PolyX_PolyE_42,chain_growth,E,E,41,41,0,True,6.483958,6.483958,11.529139917298108,11.529139917298108,0.3539677744647068,0.3539677744647068,6.129990225535294,B5
E_n42_to_n43,PolyX_PolyE_42,PolyX_PolyE_43,chain_growth,E,E,42,42,0,True,3.822024,3.822024,10.799748444506122,10.799748444506122,0.255888102649911,0.255888102649911,3.566135897350089,B5
E_n43_to_n44,PolyX_PolyE_43,PolyX_PolyE_44,chain_growth,E,E,43,43,0,True,8.044033,8.044033,12.607024845399485,12.607024845399485,0.5870352737079015,0.5870352737079015,7.456997726292099,B5
E_n44_to_n45,PolyX_PolyE_44,PolyX_PolyE_45,chain_growth,E,E,44,44,0,True,6.789034,6.789034,13.997977389596809,13.997977389596809,0.7563145938307639,0.7563145938307639,6.032719406169236,B5
E_n45_to_n46,PolyX_PolyE_45,PolyX_PolyE_46,chain_growth,E,E,45,45,0,True,10.763876,10.763876,8.485704828384655,8.485704828384655,0.213609682292615,0.213609682292615,10.550266317707385,B5
E_n46_to_n47,PolyX_PolyE_46,PolyX_PolyE_47,chain_growth,E,E,46,46,0,True,6.917712,6.917712,15.70721947343187,15.70721947343187,0.4347586853777873,0.4347586853777873,6.482953314622213,B5
E_n47_to_n48,PolyX_PolyE_47,PolyX_PolyE_48,chain_growth,E,E,47,47,0,True,3.971027,3.971027,9.195115717126182,9.195115717126182,0.8017406872155858,0.8017406872155858,3.169286312784414,B5
E_n48_to_n49,PolyX_PolyE_48,PolyX_PolyE_49,chain_growth,E,E,48,48,0,True,3.540135,3.540135,12.323080903425671,12.323080903425671,1.5530098275867437,1.5530098275867437,1.987125172413256,B5
E_n49_to_n50,PolyX_PolyE_49,PolyX_PolyE_50,chain_growth,E,E,49,49,0,True,2.36863,2.36863,8.771032950860675,8.771032950860675,0.1861566165731756,0.1861566165731756,2.1824733834268244,B5
L_n17_to_n18,PolyX_PolyL_17,PolyX_PolyL_18,chain_growth,L,L,17,17,0,True,4.174422,4.174422,8.160630940970012,8.160630940970012,2.180832769396281,2.180832769396281,1.9935892306037188,B5
L_n18_to_n19,PolyX_PolyL_18,PolyX_PolyL_19,chain_growth,L,L,18,18,0,True,6.900161,6.900161,13.015949933061338,13.015949933061338,2.3712281340927213,2.3712281340927213,4.528932865907279,B5
L_n19_to_n20,PolyX_PolyL_19,PolyX_PolyL_20,chain_growth,L,L,19,19,0,True,2.504584,2.504584,12.838512639985968,12.838512639985968,0.1483103251496726,0.1483103251496726,2.3562736748503275,B5
L_n20_to_n21,PolyX_PolyL_20,PolyX_PolyL_21,chain_growth,L,L,20,20,0,True,5.084618,5.084618,11.883356719453383,11.883356719453383,0.8229195129308595,0.8229195129308595,4.261698487069141,B5
L_n21_to_n22,PolyX_PolyL_21,PolyX_PolyL_22,chain_growth,L,L,21,21,0,True,4.951357,4.951357,9.396020593119028,9.396020593119028,2.9730844389112487,2.9730844389112487,1.978272561088751,B5
L_n22_to_n23,PolyX_PolyL_22,PolyX_PolyL_23,chain_growth,L,L,22,22,0,True,5.136642,5.136642,8.491700301990846,8.491700301990846,2.172260889674229,2.172260889674229,2.964381110325771,B5
L_n23_to_n24,PolyX_PolyL_23,PolyX_PolyL_24,chain_growth,L,L,23,23,0,True,6.221333,6.221333,10.244355377400861,10.244355377400861,1.3336866182290574,1.3336866182290574,4.887646381770942,B5
L_n24_to_n25,PolyX_PolyL_24,PolyX_PolyL_25,chain_growth,L,L,24,24,0,True,2.575934,2.575934,10.679876862691357,10.679876862691357,0.5442317208230525,0.5442317208230525,2.0317022791769475,B5
L_n25_to_n26,PolyX_PolyL_25,PolyX_PolyL_26,chain_growth,L,L,25,25,0,True,3.134247,3.134247,8.347449074400163,8.347449074400163,0.5430652648718531,0.5430652648718531,2.5911817351281465,B5
L_n26_to_n27,PolyX_PolyL_26,PolyX_PolyL_27,chain_growth,L,L,26,26,0,True,7.026832,7.026832,9.587329759740289,9.587329759740289,0.5132340339752226,0.5132340339752226,6.513597966024777,B5
L_n27_to_n28,PolyX_PolyL_27,PolyX_PolyL_28,chain_growth,L,L,27,27,0,True,1.429876,1.429876,12.584971167818141,12.584971167818141,0.4865698515831175,0.4865698515831175,0.9433061484168824,B5
L_n28_to_n29,PolyX_PolyL_28,PolyX_PolyL_29,chain_growth,L,L,28,28,0,True,2.994037,2.994037,7.245122984115317,7.245122984115317,0.4847151233668653,0.4847151233668653,2.509321876633135,B5
L_n29_to_n30,PolyX_PolyL_29,PolyX_PolyL_30,chain_growth,L,L,29,29,0,True,2.410816,2.410816,10.305164116185109,10.305164116185109,4.164317244658018,4.164317244658018,-1.7535012446580178,B5
L_n30_to_n31,PolyX_PolyL_30,PolyX_PolyL_31,chain_growth,L,L,30,30,0,True,5.030045,5.030045,9.799922317196858,9.799922317196858,1.9505625175663408,1.9505625175663408,3.07948248243366,B5
L_n31_to_n32,PolyX_PolyL_31,PolyX_PolyL_32,chain_growth,L,L,31,31,0,True,6.104021,6.104021,9.915836717398838,9.915836717398838,0.7244933179395168,0.7244933179395168,5.379527682060484,B5
L_n32_to_n33,PolyX_PolyL_32,PolyX_PolyL_33,chain_growth,L,L,32,32,0,True,7.888491,7.888491,14.262781413209995,14.262781413209995,0.885722065779239,0.885722065779239,7.002768934220761,B5
L_n33_to_n34,PolyX_PolyL_33,PolyX_PolyL_34,chain_growth,L,L,33,33,0,True,3.455104,3.455104,8.567388428850625,8.567388428850625,0.5195667839512829,0.5195667839512829,2.935537216048717,B5
L_n34_to_n35,PolyX_PolyL_34,PolyX_PolyL_35,chain_growth,L,L,34,34,0,True,4.316798,4.316798,5.431574779735868,5.431574779735868,0.5764797202610804,0.5764797202610804,3.74031827973892,B5
L_n35_to_n36,PolyX_PolyL_35,PolyX_PolyL_36,chain_growth,L,L,35,35,0,True,1.904869,1.904869,8.14931543559538,8.14931543559538,4.437811074865353,4.437811074865353,-2.5329420748653533,B5
L_n36_to_n37,PolyX_PolyL_36,PolyX_PolyL_37,chain_growth,L,L,36,36,0,True,6.212226,6.212226,12.568120101313843,12.568120101313843,1.5112835585081528,1.5112835585081528,4.700942441491847,B5
L_n37_to_n38,PolyX_PolyL_37,PolyX_PolyL_38,chain_growth,L,L,37,37,0,True,6.006627,6.006627,11.757508137578732,11.757508137578732,1.598284085016164,1.598284085016164,4.408342914983836,B5
L_n38_to_n39,PolyX_PolyL_38,PolyX_PolyL_39,chain_growth,L,L,38,38,0,True,8.56275,8.56275,10.166243555909023,10.166243555909023,0.383015973475782,0.383015973475782,8.179734026524217,B5
L_n39_to_n40,PolyX_PolyL_39,PolyX_PolyL_40,chain_growth,L,L,39,39,0,True,6.092615,6.092615,10.663610484424806,10.663610484424806,2.649516455686073,2.649516455686073,3.4430985443139277,B5
L_n40_to_n41,PolyX_PolyL_40,PolyX_PolyL_41,chain_growth,L,L,40,40,0,True,2.153386,2.153386,7.315797333540012,7.315797333540012,2.490428690142319,2.490428690142319,-0.3370426901423191,B5
L_n41_to_n42,PolyX_PolyL_41,PolyX_PolyL_42,chain_growth,L,L,41,41,0,True,2.575175,2.575175,15.549828395788941,15.549828395788941,0.1645102657687447,0.1645102657687447,2.4106647342312555,B5
L_n42_to_n43,PolyX_PolyL_42,PolyX_PolyL_43,chain_growth,L,L,42,42,0,True,3.10891,3.10891,13.385373468981237,13.385373468981237,1.9960304532937203,1.9960304532937203,1.1128795467062795,B5
L_n43_to_n44,PolyX_PolyL_43,PolyX_PolyL_44,chain_growth,L,L,43,43,0,True,6.956537,6.956537,9.685224062919826,9.685224062919826,1.005812603906517,1.005812603906517,5.950724396093483,B5
L_n44_to_n45,PolyX_PolyL_44,PolyX_PolyL_45,chain_growth,L,L,44,44,0,True,6.918416,6.918416,7.669767500154532,7.669767500154532,1.0828737761368885,1.0828737761368885,5.835542223863111,B5
L_n45_to_n46,PolyX_PolyL_45,PolyX_PolyL_46,chain_growth,L,L,45,45,0,True,2.703597,2.703597,10.584205802195802,10.584205802195802,0.5470702658691875,0.5470702658691875,2.1565267341308125,B5
L_n46_to_n47,PolyX_PolyL_46,PolyX_PolyL_47,chain_growth,L,L,46,46,0,True,3.762012,3.762012,11.352624584793352,11.352624584793352,3.07526471121926,3.07526471121926,0.6867472887807398,B5
L_n47_to_n48,PolyX_PolyL_47,PolyX_PolyL_48,chain_growth,L,L,47,47,0,True,8.341784,8.341784,11.138046007540423,11.138046007540423,0.8934581148054432,0.8934581148054432,7.448325885194557,B5
L_n48_to_n49,PolyX_PolyL_48,PolyX_PolyL_49,chain_growth,L,L,48,48,0,True,8.174424,8.174424,11.679319021455743,11.679319021455743,0.5400243370383531,0.5400243370383531,7.634399662961647,B5
L_n49_to_n50,PolyX_PolyL_49,PolyX_PolyL_50,chain_growth,L,L,49,49,0,True,6.811392,6.811392,13.841556533956682,13.841556533956682,0.3689385643168585,0.3689385643168585,6.4424534356831415,B5
K_n17_to_n18,PolyX_PolyK_17,PolyX_PolyK_18,chain_growth,K,K,17,17,0,True,6.49025,6.49025,17.28901599088206,17.28901599088206,0.5748580974082261,0.5748580974082261,5.915391902591773,B5
K_n18_to_n19,PolyX_PolyK_18,PolyX_PolyK_19,chain_growth,K,K,18,18,0,True,4.579217,4.579217,16.101703186013008,16.101703186013008,0.6758295516325112,0.6758295516325112,3.903387448367488,B5
K_n19_to_n20,PolyX_PolyK_19,PolyX_PolyK_20,chain_growth,K,K,19,19,0,True,5.867825,5.867825,13.595867687728559,13.595867687728559,0.4550004023374225,0.4550004023374225,5.412824597662578,B5
K_n20_to_n21,PolyX_PolyK_20,PolyX_PolyK_21,chain_growth,K,K,20,20,0,True,9.323087,9.323087,14.433548317126256,14.433548317126256,0.3225602109195315,0.3225602109195315,9.000526789080467,B5
K_n21_to_n22,PolyX_PolyK_21,PolyX_PolyK_22,chain_growth,K,K,21,21,0,True,9.20469,9.20469,14.83910718586319,14.83910718586319,0.3573472967796879,0.3573472967796879,8.847342703220312,B5
K_n22_to_n23,PolyX_PolyK_22,PolyX_PolyK_23,chain_growth,K,K,22,22,0,True,7.692466,7.692466,15.253196047499804,15.253196047499804,0.3342771475514253,0.3342771475514253,7.358188852448574,B5
K_n23_to_n24,PolyX_PolyK_23,PolyX_PolyK_24,chain_growth,K,K,23,23,0,True,6.431824,6.431824,13.758867335454752,13.758867335454752,0.3205235810720137,0.3205235810720137,6.1113004189279865,B5
K_n24_to_n25,PolyX_PolyK_24,PolyX_PolyK_25,chain_growth,K,K,24,24,0,True,5.634449,5.634449,14.982308261190555,14.982308261190555,0.5062210714692875,0.5062210714692875,5.128227928530713,B5
K_n25_to_n26,PolyX_PolyK_25,PolyX_PolyK_26,chain_growth,K,K,25,25,0,True,3.117085,3.117085,15.411305142322455,15.411305142322455,0.4332423230592773,0.4332423230592773,2.6838426769407224,B5
K_n26_to_n27,PolyX_PolyK_26,PolyX_PolyK_27,chain_growth,K,K,26,26,0,True,6.776625,6.776625,14.695957519166356,14.695957519166356,0.3307834982216159,0.3307834982216159,6.445841501778384,B5
K_n27_to_n28,PolyX_PolyK_27,PolyX_PolyK_28,chain_growth,K,K,27,27,0,True,7.365345,7.365345,12.638966271450524,12.638966271450524,1.216313920801418,1.216313920801418,6.149031079198582,B5
K_n28_to_n29,PolyX_PolyK_28,PolyX_PolyK_29,chain_growth,K,K,28,28,0,True,3.285172,3.285172,13.65622503970284,13.65622503970284,0.8363728692382576,0.8363728692382576,2.4487991307617425,B5
K_n29_to_n30,PolyX_PolyK_29,PolyX_PolyK_30,chain_growth,K,K,29,29,0,True,10.228376,10.228376,11.71443268464699,11.71443268464699,0.7321148476855459,0.7321148476855459,9.496261152314457,B5
K_n30_to_n31,PolyX_PolyK_30,PolyX_PolyK_31,chain_growth,K,K,30,30,0,True,9.52573,9.52573,13.88944390541898,13.88944390541898,0.9600778619705584,0.9600778619705584,8.56565213802944,B5
K_n31_to_n32,PolyX_PolyK_31,PolyX_PolyK_32,chain_growth,K,K,31,31,0,True,5.489079,5.489079,17.140557859868156,17.140557859868156,0.517694369490775,0.517694369490775,4.971384630509226,B5
K_n32_to_n33,PolyX_PolyK_32,PolyX_PolyK_33,chain_growth,K,K,32,32,0,True,6.830443,6.830443,14.035211866281227,14.035211866281227,1.2557375559490829,1.2557375559490829,5.574705444050917,B5
K_n33_to_n34,PolyX_PolyK_33,PolyX_PolyK_34,chain_growth,K,K,33,33,0,True,3.687876,3.687876,9.0862092178836,9.0862092178836,0.7589305213841621,0.7589305213841621,2.928945478615838,B5
K_n34_to_n35,PolyX_PolyK_34,PolyX_PolyK_35,chain_growth,K,K,34,34,0,True,4.649503,4.649503,13.300193396258987,13.300193396258987,0.7739147320968589,0.7739147320968589,3.875588267903141,B5
K_n35_to_n36,PolyX_PolyK_35,PolyX_PolyK_36,chain_growth,K,K,35,35,0,True,10.036148,10.036148,15.113867599792046,15.113867599792046,0.3351964032319346,0.3351964032319346,9.700951596768066,B5
K_n36_to_n37,PolyX_PolyK_36,PolyX_PolyK_37,chain_growth,K,K,36,36,0,True,6.111148,6.111148,14.537149221265315,14.537149221265315,0.4697058607207979,0.4697058607207979,5.641442139279202,B5
K_n37_to_n38,PolyX_PolyK_37,PolyX_PolyK_38,chain_growth,K,K,37,37,0,True,3.849073,3.849073,13.488192227539349,13.488192227539349,0.3267405413110015,0.3267405413110015,3.522332458688999,B5
K_n38_to_n39,PolyX_PolyK_38,PolyX_PolyK_39,chain_growth,K,K,38,38,0,True,4.659361,4.659361,10.327617258125922,10.327617258125922,0.6206729111582725,0.6206729111582725,4.038688088841727,B5
K_n39_to_n40,PolyX_PolyK_39,PolyX_PolyK_40,chain_growth,K,K,39,39,0,True,2.562993,2.562993,12.82417719303881,12.82417719303881,0.506257791090866,0.506257791090866,2.056735208909134,B5
K_n40_to_n41,PolyX_PolyK_40,PolyX_PolyK_41,chain_growth,K,K,40,40,0,True,4.588366,4.588366,15.264139833425636,15.264139833425636,0.2333690412399275,0.2333690412399275,4.354996958760072,B5
K_n41_to_n42,PolyX_PolyK_41,PolyX_PolyK_42,chain_growth,K,K,41,41,0,True,4.799072,4.799072,15.929353936843516,15.929353936843516,0.2043190394981809,0.2043190394981809,4.594752960501819,B5
K_n42_to_n43,PolyX_PolyK_42,PolyX_PolyK_43,chain_growth,K,K,42,42,0,True,11.029071,11.029071,18.00466933135701,18.00466933135701,0.6057699385081403,0.6057699385081403,10.42330106149186,B5
K_n43_to_n44,PolyX_PolyK_43,PolyX_PolyK_44,chain_growth,K,K,43,43,0,True,4.578997,4.578997,16.409839607317675,16.409839607317675,0.5605625497447083,0.5605625497447083,4.018434450255292,B5
K_n44_to_n45,PolyX_PolyK_44,PolyX_PolyK_45,chain_growth,K,K,44,44,0,True,4.066841,4.066841,18.281808872136637,18.281808872136637,1.1450619156385151,1.1450619156385151,2.921779084361485,B5
K_n45_to_n46,PolyX_PolyK_45,PolyX_PolyK_46,chain_growth,K,K,45,45,0,True,4.317788,4.317788,12.55836104235,12.55836104235,0.5113921173086449,0.5113921173086449,3.8063958826913553,B5
K_n46_to_n47,PolyX_PolyK_46,PolyX_PolyK_47,chain_growth,K,K,46,46,0,True,3.848838,3.848838,11.6328232342057,11.6328232342057,0.7730053289657863,0.7730053289657863,3.075832671034214,B5
K_n47_to_n48,PolyX_PolyK_47,PolyX_PolyK_48,chain_growth,K,K,47,47,0,True,3.715992,3.715992,14.176034460591131,14.176034460591131,1.609979115863725,1.609979115863725,2.106012884136275,B5
K_n48_to_n49,PolyX_PolyK_48,PolyX_PolyK_49,chain_growth,K,K,48,48,0,True,4.818025,4.818025,12.325377624285945,12.325377624285945,1.794045960144077,1.794045960144077,3.0239790398559228,B5
K_n49_to_n50,PolyX_PolyK_49,PolyX_PolyK_50,chain_growth,K,K,49,49,0,True,5.369876,5.369876,11.873820067480409,11.873820067480409,5.414586811380027,5.414586811380027,-0.0447108113800274,B5
V_n17_to_n18,PolyX_PolyV_17,PolyX_PolyV_18,chain_growth,V,V,17,17,0,True,4.984379,4.984379,9.857804427753067,9.857804427753067,,,,
V_n18_to_n19,PolyX_PolyV_18,PolyX_PolyV_19,chain_growth,V,V,18,18,0,True,8.180454,8.180454,15.111090884408151,15.111090884408151,,,,
V_n19_to_n20,PolyX_PolyV_19,PolyX_PolyV_20,chain_growth,V,V,19,19,0,True,4.492739,4.492739,11.547660994069021,11.547660994069021,,,,
V_n20_to_n21,PolyX_PolyV_20,PolyX_PolyV_21,chain_growth,V,V,20,20,0,True,5.62347,5.62347,12.59202900758811,12.59202900758811,,,,
V_n21_to_n22,PolyX_PolyV_21,PolyX_PolyV_22,chain_growth,V,V,21,21,0,True,2.189291,2.189291,9.992567919823122,9.992567919823122,,,,
V_n22_to_n23,PolyX_PolyV_22,PolyX_PolyV_23,chain_growth,V,V,22,22,0,True,8.374685,8.374685,12.265137268512948,12.265137268512948,,,,
V_n23_to_n24,PolyX_PolyV_23,PolyX_PolyV_24,chain_growth,V,V,23,23,0,True,6.782392,6.782392,7.974873570245768,7.974873570245768,,,,
V_n24_to_n25,PolyX_PolyV_24,PolyX_PolyV_25,chain_growth,V,V,24,24,0,True,7.439733,7.439733,9.474426230986374,9.474426230986374,,,,
V_n25_to_n26,PolyX_PolyV_25,PolyX_PolyV_26,chain_growth,V,V,25,25,0,True,8.037186,8.037186,8.09953051946637,8.09953051946637,,,,
V_n26_to_n27,PolyX_PolyV_26,PolyX_PolyV_27,chain_growth,V,V,26,26,0,True,4.759057,4.759057,10.297734813509399,10.297734813509399,,,,
V_n27_to_n28,PolyX_PolyV_27,PolyX_PolyV_28,chain_growth,V,V,27,27,0,True,3.807763,3.807763,11.630199336858775,11.630199336858775,,,,
V_n28_to_n29,PolyX_PolyV_28,PolyX_PolyV_29,chain_growth,V,V,28,28,0,True,6.267807,6.267807,10.194954091575385,10.194954091575385,,,,
V_n29_to_n30,PolyX_PolyV_29,PolyX_PolyV_30,chain_growth,V,V,29,29,0,True,7.736575,7.736575,11.180460592974791,11.180460592974791,,,,
V_n30_to_n31,PolyX_PolyV_30,PolyX_PolyV_31,chain_growth,V,V,30,30,0,True,3.530685,3.530685,17.404592686016457,17.404592686016457,,,,
V_n31_to_n32,PolyX_PolyV_31,PolyX_PolyV_32,chain_growth,V,V,31,31,0,True,3.229081,3.229081,8.044017704907656,8.044017704907656,,,,
V_n32_to_n33,PolyX_PolyV_32,PolyX_PolyV_33,chain_growth,V,V,32,32,0,True,3.573967,3.573967,6.388059395992416,6.388059395992416,,,,
V_n33_to_n34,PolyX_PolyV_33,PolyX_PolyV_34,chain_growth,V,V,33,33,0,True,4.483674,4.483674,9.523701986287234,9.523701986287234,,,,
V_n34_to_n35,PolyX_PolyV_34,PolyX_PolyV_35,chain_growth,V,V,34,34,0,True,7.474351,7.474351,9.678322515962465,9.678322515962465,,,,
V_n35_to_n36,PolyX_PolyV_35,PolyX_PolyV_36,chain_growth,V,V,35,35,0,True,2.121665,2.121665,11.985270666654367,11.985270666654367,,,,
V_n36_to_n37,PolyX_PolyV_36,PolyX_PolyV_37,chain_growth,V,V,36,36,0,True,3.311895,3.311895,8.62019013322421,8.62019013322421,,,,
V_n37_to_n38,PolyX_PolyV_37,PolyX_PolyV_38,chain_growth,V,V,37,37,0,True,3.644649,3.644649,8.42737519229209,8.42737519229209,,,,
V_n38_to_n39,PolyX_PolyV_38,PolyX_PolyV_39,chain_growth,V,V,38,38,0,True,6.26046,6.26046,9.76861228303341,9.76861228303341,,,,
V_n39_to_n40,PolyX_PolyV_39,PolyX_PolyV_40,chain_growth,V,V,39,39,0,True,3.07752,3.07752,14.394914661815733,14.394914661815733,,,,
V_n40_to_n41,PolyX_PolyV_40,PolyX_PolyV_41,chain_growth,V,V,40,40,0,True,5.455681,5.455681,12.683779297369894,12.683779297369894,,,,
V_n41_to_n42,PolyX_PolyV_41,PolyX_PolyV_42,chain_growth,V,V,41,41,0,True,3.516998,3.516998,7.047712966839423,7.047712966839423,,,,
V_n42_to_n43,PolyX_PolyV_42,PolyX_PolyV_43,chain_growth,V,V,42,42,0,True,2.144841,2.144841,6.390430296896714,6.390430296896714,,,,
V_n43_to_n44,PolyX_PolyV_43,PolyX_PolyV_44,chain_growth,V,V,43,43,0,True,3.361454,3.361454,8.361702113897438,8.361702113897438,,,,
V_n44_to_n45,PolyX_PolyV_44,PolyX_PolyV_45,chain_growth,V,V,44,44,0,True,2.018291,2.018291,11.308497532138444,11.308497532138444,,,,
V_n45_to_n46,PolyX_PolyV_45,PolyX_PolyV_46,chain_growth,V,V,45,45,0,True,2.358599,2.358599,11.986063116702638,11.986063116702638,,,,
V_n46_to_n47,PolyX_PolyV_46,PolyX_PolyV_47,chain_growth,V,V,46,46,0,True,4.316538,4.316538,14.215139540729911,14.215139540729911,,,,
V_n47_to_n48,PolyX_PolyV_47,PolyX_PolyV_48,chain_growth,V,V,47,47,0,True,5.198384,5.198384,14.629495577353575,14.629495577353575,,,,
V_n48_to_n49,PolyX_PolyV_48,PolyX_PolyV_49,chain_growth,V,V,48,48,0,True,2.487429,2.487429,8.002501512052493,8.002501512052493,,,,
V_n49_to_n50,PolyX_PolyV_49,PolyX_PolyV_50,chain_growth,V,V,49,49,0,True,2.353604,2.353604,10.884482877191333,10.884482877191333,,,,
I_n17_to_n18,PolyX_PolyI_17,PolyX_PolyI_18,chain_growth,I,I,17,17,0,True,2.24961,2.24961,7.2065205929855125,7.2065205929855125,,,,
I_n18_to_n19,PolyX_PolyI_18,PolyX_PolyI_19,chain_growth,I,I,18,18,0,True,6.378442,6.378442,7.337154268466888,7.337154268466888,,,,
I_n19_to_n20,PolyX_PolyI_19,PolyX_PolyI_20,chain_growth,I,I,19,19,0,True,7.887051,7.887051,11.098238387556679,11.098238387556679,,,,
I_n20_to_n21,PolyX_PolyI_20,PolyX_PolyI_21,chain_growth,I,I,20,20,0,True,8.683013,8.683013,14.436646811078859,14.436646811078859,,,,
I_n21_to_n22,PolyX_PolyI_21,PolyX_PolyI_22,chain_growth,I,I,21,21,0,True,5.85746,5.85746,11.112154031142612,11.112154031142612,,,,
I_n22_to_n23,PolyX_PolyI_22,PolyX_PolyI_23,chain_growth,I,I,22,22,0,True,2.720131,2.720131,7.381636817900745,7.381636817900745,,,,
I_n23_to_n24,PolyX_PolyI_23,PolyX_PolyI_24,chain_growth,I,I,23,23,0,True,3.389485,3.389485,11.167172588497303,11.167172588497303,,,,
I_n24_to_n25,PolyX_PolyI_24,PolyX_PolyI_25,chain_growth,I,I,24,24,0,True,4.801682,4.801682,9.848177968590772,9.848177968590772,,,,
I_n25_to_n26,PolyX_PolyI_25,PolyX_PolyI_26,chain_growth,I,I,25,25,0,True,3.561985,3.561985,12.50740005744828,12.50740005744828,,,,
I_n26_to_n27,PolyX_PolyI_26,PolyX_PolyI_27,chain_growth,I,I,26,26,0,True,6.596709,6.596709,8.96158146091772,8.96158146091772,,,,
I_n27_to_n28,PolyX_PolyI_27,PolyX_PolyI_28,chain_growth,I,I,27,27,0,True,3.955301,3.955301,7.401657899256554,7.401657899256554,,,,
I_n28_to_n29,PolyX_PolyI_28,PolyX_PolyI_29,chain_growth,I,I,28,28,0,True,2.951451,2.951451,9.374274019636589,9.374274019636589,,,,
I_n29_to_n30,PolyX_PolyI_29,PolyX_PolyI_30,chain_growth,I,I,29,29,0,True,7.079871,7.079871,11.08717311739851,11.08717311739851,,,,
I_n30_to_n31,PolyX_PolyI_30,PolyX_PolyI_31,chain_growth,I,I,30,30,0,True,8.120482,8.120482,8.795881615205035,8.795881615205035,,,,
I_n31_to_n32,PolyX_PolyI_31,PolyX_PolyI_32,chain_growth,I,I,31,31,0,True,4.353504,4.353504,6.435014900230144,6.435014900230144,,,,
I_n32_to_n33,PolyX_PolyI_32,PolyX_PolyI_33,chain_growth,I,I,32,32,0,True,2.840713,2.840713,9.234382642785684,9.234382642785684,,,,
I_n33_to_n34,PolyX_PolyI_33,PolyX_PolyI_34,chain_growth,I,I,33,33,0,True,5.436053,5.436053,14.762167955581756,14.762167955581756,,,,
I_n34_to_n35,PolyX_PolyI_34,PolyX_PolyI_35,chain_growth,I,I,34,34,0,True,3.447172,3.447172,13.05152429722213,13.05152429722213,,,,
I_n35_to_n36,PolyX_PolyI_35,PolyX_PolyI_36,chain_growth,I,I,35,35,0,True,5.130217,5.130217,7.0886820833953745,7.0886820833953745,,,,
I_n36_to_n37,PolyX_PolyI_36,PolyX_PolyI_37,chain_growth,I,I,36,36,0,True,2.99394,2.99394,7.411305215128738,7.411305215128738,,,,
I_n37_to_n38,PolyX_PolyI_37,PolyX_PolyI_38,chain_growth,I,I,37,37,0,True,8.220144,8.220144,10.774304964877548,10.774304964877548,,,,
I_n38_to_n39,PolyX_PolyI_38,PolyX_PolyI_39,chain_growth,I,I,38,38,0,True,8.088835,8.088835,10.397489218233625,10.397489218233625,,,,
I_n39_to_n40,PolyX_PolyI_39,PolyX_PolyI_40,chain_growth,I,I,39,39,0,True,3.662786,3.662786,7.803939381654968,7.803939381654968,,,,
I_n40_to_n41,PolyX_PolyI_40,PolyX_PolyI_41,chain_growth,I,I,40,40,0,True,1.926447,1.926447,7.57367912339995,7.57367912339995,,,,
I_n41_to_n42,PolyX_PolyI_41,PolyX_PolyI_42,chain_growth,I,I,41,41,0,True,3.886794,3.886794,8.227181024587965,8.227181024587965,,,,
I_n42_to_n43,PolyX_PolyI_42,PolyX_PolyI_43,chain_growth,I,I,42,42,0,True,2.355236,2.355236,8.976760822341237,8.976760822341237,,,,
I_n43_to_n44,PolyX_PolyI_43,PolyX_PolyI_44,chain_growth,I,I,43,43,0,True,4.03428,4.03428,11.191092774755852,11.191092774755852,,,,
I_n44_to_n45,PolyX_PolyI_44,PolyX_PolyI_45,chain_growth,I,I,44,44,0,True,2.943683,2.943683,9.810248382347492,9.810248382347492,,,,
I_n45_to_n46,PolyX_PolyI_45,PolyX_PolyI_46,chain_growth,I,I,45,45,0,True,6.688269,6.688269,11.953784275222567,11.953784275222567,,,,
I_n46_to_n47,PolyX_PolyI_46,PolyX_PolyI_47,chain_growth,I,I,46,46,0,True,6.203672,6.203672,12.53162968018587,12.53162968018587,,,,
I_n47_to_n48,PolyX_PolyI_47,PolyX_PolyI_48,chain_growth,I,I,47,47,0,True,4.252435,4.252435,11.408728019166405,11.408728019166405,,,,
I_n48_to_n49,PolyX_PolyI_48,PolyX_PolyI_49,chain_growth,I,I,48,48,0,True,4.360177,4.360177,15.704337268443503,15.704337268443503,,,,
I_n49_to_n50,PolyX_PolyI_49,PolyX_PolyI_50,chain_growth,I,I,49,49,0,True,3.11984,3.11984,13.711414654453336,13.711414654453336,,,,
F_n17_to_n18,PolyX_PolyF_17,PolyX_PolyF_18,chain_growth,F,F,17,17,0,True,7.383725,7.383725,7.4905926740697675,7.4905926740697675,,,,
F_n18_to_n19,PolyX_PolyF_18,PolyX_PolyF_19,chain_growth,F,F,18,18,0,True,5.57418,5.57418,9.0247546413413,9.0247546413413,,,,
F_n19_to_n20,PolyX_PolyF_19,PolyX_PolyF_20,chain_growth,F,F,19,19,0,True,6.247525,6.247525,5.894161581702861,5.894161581702861,,,,
F_n20_to_n21,PolyX_PolyF_20,PolyX_PolyF_21,chain_growth,F,F,20,20,0,True,0.643589,0.643589,8.854954904464218,8.854954904464218,,,,
F_n21_to_n22,PolyX_PolyF_21,PolyX_PolyF_22,chain_growth,F,F,21,21,0,True,4.268654,4.268654,8.540794051854723,8.540794051854723,,,,
F_n22_to_n23,PolyX_PolyF_22,PolyX_PolyF_23,chain_growth,F,F,22,22,0,True,7.00454,7.00454,7.955350727166333,7.955350727166333,,,,
F_n23_to_n24,PolyX_PolyF_23,PolyX_PolyF_24,chain_growth,F,F,23,23,0,True,9.010598,9.010598,10.224884519663286,10.224884519663286,,,,
F_n24_to_n25,PolyX_PolyF_24,PolyX_PolyF_25,chain_growth,F,F,24,24,0,True,3.032652,3.032652,8.187672438743068,8.187672438743068,,,,
F_n25_to_n26,PolyX_PolyF_25,PolyX_PolyF_26,chain_growth,F,F,25,25,0,True,6.074429,6.074429,10.074553613071632,10.074553613071632,,,,
F_n26_to_n27,PolyX_PolyF_26,PolyX_PolyF_27,chain_growth,F,F,26,26,0,True,8.683197,8.683197,10.953775433189344,10.953775433189344,,,,
F_n27_to_n28,PolyX_PolyF_27,PolyX_PolyF_28,chain_growth,F,F,27,27,0,True,7.631861,7.631861,7.924588560484717,7.924588560484717,,,,
F_n28_to_n29,PolyX_PolyF_28,PolyX_PolyF_29,chain_growth,F,F,28,28,0,True,6.54171,6.54171,7.076671561945698,7.076671561945698,,,,
F_n29_to_n30,PolyX_PolyF_29,PolyX_PolyF_30,chain_growth,F,F,29,29,0,True,3.152336,3.152336,11.1103935177984,11.1103935177984,,,,
F_n30_to_n31,PolyX_PolyF_30,PolyX_PolyF_31,chain_growth,F,F,30,30,0,True,3.887098,3.887098,9.663659926418111,9.663659926418111,,,,
F_n31_to_n32,PolyX_PolyF_31,PolyX_PolyF_32,chain_growth,F,F,31,31,0,True,3.782979,3.782979,7.151224103164956,7.151224103164956,,,,
F_n32_to_n33,PolyX_PolyF_32,PolyX_PolyF_33,chain_growth,F,F,32,32,0,True,2.653934,2.653934,11.04246634453339,11.04246634453339,,,,
F_n33_to_n34,PolyX_PolyF_33,PolyX_PolyF_34,chain_growth,F,F,33,33,0,True,4.282947,4.282947,12.38729048061121,12.38729048061121,,,,
F_n34_to_n35,PolyX_PolyF_34,PolyX_PolyF_35,chain_growth,F,F,34,34,0,True,2.831033,2.831033,12.150098571327831,12.150098571327831,,,,
F_n35_to_n36,PolyX_PolyF_35,PolyX_PolyF_36,chain_growth,F,F,35,35,0,True,1.804223,1.804223,16.792744002843914,16.792744002843914,,,,
F_n36_to_n37,PolyX_PolyF_36,PolyX_PolyF_37,chain_growth,F,F,36,36,0,True,3.606722,3.606722,12.48391046731007,12.48391046731007,,,,
F_n37_to_n38,PolyX_PolyF_37,PolyX_PolyF_38,chain_growth,F,F,37,37,0,True,6.629464,6.629464,9.090977176201582,9.090977176201582,,,,
F_n38_to_n39,PolyX_PolyF_38,PolyX_PolyF_39,chain_growth,F,F,38,38,0,True,7.4397,7.4397,15.365966506169778,15.365966506169778,,,,
F_n39_to_n40,PolyX_PolyF_39,PolyX_PolyF_40,chain_growth,F,F,39,39,0,True,5.826907,5.826907,14.370600242791417,14.370600242791417,,,,
F_n40_to_n41,PolyX_PolyF_40,PolyX_PolyF_41,chain_growth,F,F,40,40,0,True,3.382825,3.382825,14.26592516605019,14.26592516605019,,,,
F_n41_to_n42,PolyX_PolyF_41,PolyX_PolyF_42,chain_growth,F,F,41,41,0,True,5.462597,5.462597,12.257688355936136,12.257688355936136,,,,
F_n42_to_n43,PolyX_PolyF_42,PolyX_PolyF_43,chain_growth,F,F,42,42,0,True,4.138409,4.138409,7.915284876286243,7.915284876286243,,,,
F_n43_to_n44,PolyX_PolyF_43,PolyX_PolyF_44,chain_growth,F,F,43,43,0,True,4.480759,4.480759,9.259918367320045,9.259918367320045,,,,
F_n44_to_n45,PolyX_PolyF_44,PolyX_PolyF_45,chain_growth,F,F,44,44,0,True,5.163928,5.163928,9.533597951828275,9.533597951828275,,,,
F_n45_to_n46,PolyX_PolyF_45,PolyX_PolyF_46,chain_growth,F,F,45,45,0,True,8.98581,8.98581,9.898870177761196,9.898870177761196,,,,
F_n46_to_n47,PolyX_PolyF_46,PolyX_PolyF_47,chain_growth,F,F,46,46,0,True,2.337918,2.337918,10.692369354462702,10.692369354462702,,,,
F_n47_to_n48,PolyX_PolyF_47,PolyX_PolyF_48,chain_growth,F,F,47,47,0,True,7.768091,7.768091,7.929980021972815,7.929980021972815,,,,
F_n48_to_n49,PolyX_PolyF_48,PolyX_PolyF_49,chain_growth,F,F,48,48,0,True,2.855748,2.855748,9.295287736496595,9.295287736496595,,,,
F_n49_to_n50,PolyX_PolyF_49,PolyX_PolyF_50,chain_growth,F,F,49,49,0,True,9.528249,9.528249,9.83767245867012,9.83767245867012,,,,
null_random,PolyX_PolyL_32,PolyX_linker_PolyGGGGS_40,,L,unknown,32,40,8,False,5.587255,5.797116,16.60396739319401,16.813828622060825,,,,
null_random,PolyX_PolyA_25,PolyX_PolyS_38,,A,S,25,38,13,False,5.455383,5.687336,22.33893450892076,22.570887375401526,,,,
null_random,PolyX_PolyV_46,PolyX_PolyL_43,,V,L,46,43,3,False,4.728187,4.897501,13.57114196403603,13.740456682092024,,,,
null_random,PolyX_PolyE_26,PolyX_linker_PolyGGGGS_28,,E,unknown,26,28,2,False,6.16042,6.315351,14.687029116125746,14.841959730559152,,,,
null_random,PolyX_PolyE_39,PolyX_PolyK_21,,E,K,39,21,18,False,12.746889,12.994111,33.670496253990436,33.91771820294876,,,,
null_random,PolyX_PolyV_20,PolyX_PolyS_48,,V,S,20,48,28,False,9.222527,9.490892,37.43113203015988,37.6994968216592,,,,
null_random,PolyX_PolyI_32,PolyX_PolyL_28,,I,L,32,28,4,False,3.928549,4.109021,14.165809748709545,14.34628164433125,,,,
null_random,PolyX_PolyK_34,PolyX_linker_PolyGGGGS_39,,K,unknown,34,39,5,False,17.647546,17.837134,19.820633525493072,20.010221498954476,,,,
null_random,PolyX_linker_PolyGGGGS_18,PolyX_PolyA_30,,unknown,A,18,30,12,False,6.333076,6.561324,26.2297781262864,26.45802559415948,,,,
null_random,PolyX_PolyF_39,PolyX_PolyI_43,,F,I,39,43,4,False,6.318791,6.499262,13.52497477222699,13.705446667848696,,,,
null_random,PolyX_PolyE_23,PolyX_PolyE_25,,E,E,23,25,2,False,7.12736,7.182291,8.142198533741368,8.197129148174774,,,,
null_random,PolyX_PolyF_23,PolyX_PolyE_21,,F,E,23,21,2,False,7.113645,7.268576,9.510319282837076,9.665249897270481,,,,
null_random,PolyX_PolyE_38,PolyX_PolyA_26,,E,A,38,26,12,False,6.984334,7.212582,22.28623958797684,22.51448705584992,,,,
null_random,PolyX_PolyV_27,PolyX_PolyL_38,,V,L,27,38,11,False,7.91768,8.141926,23.30432027615055,23.52856560863995,,,,
null_random,PolyX_PolyL_19,PolyX_PolyS_26,,L,S,19,26,7,False,3.971573,4.175545,23.076146356113973,23.280118433197966,,,,
null_random,PolyX_PolyV_43,PolyX_PolyG_37,,V,G,43,37,6,False,4.337902,4.535198,14.214360139823793,14.411655647276557,,,,
null_random,PolyX_PolyL_24,PolyX_PolyL_48,,L,L,24,48,24,False,10.009493,10.170437,33.512231420263134,33.673175211506546,,,,
null_random,PolyX_PolyL_20,PolyX_linker_PolyEAAAK_31,,L,unknown,20,31,11,False,7.503669,7.727915,22.575311100832984,22.799556433322387,,,,
null_random,PolyX_PolyK_39,PolyX_PolyK_42,,K,K,39,42,3,False,9.43606,9.505375,14.360342518309821,14.429657236365815,,,,
null_random,PolyX_PolyG_45,PolyX_PolyS_29,,G,S,45,29,16,False,7.994978,8.236639,27.964080409136052,28.205741076338864,,,,
null_random,PolyX_linker_PolyEAAAK_19,PolyX_linker_PolyEAAAK_29,,unknown,unknown,19,29,10,False,7.461465,7.58136,22.326389374410844,22.446284138050764,,,,
null_random,PolyX_PolyF_40,PolyX_PolyI_45,,F,I,40,45,5,False,4.140561,4.330149,14.169074088264361,14.358662061725763,,,,
null_random,PolyX_linker_PolyGGGGS_18,PolyX_PolyS_36,,unknown,S,18,36,18,False,9.031929,9.279151,35.310965194819964,35.55818714377829,,,,
null_random,PolyX_PolyG_39,PolyX_linker_PolyGGGGS_45,,G,unknown,39,45,6,False,6.286316,6.483611,12.71852006253782,12.915815569990585,,,,
null_random,PolyX_PolyI_32,PolyX_PolyA_44,,I,A,32,44,12,False,5.318521,5.546768,19.16269708631674,19.39094455418982,,,,
null_random,PolyX_linker_PolyGGGGS_34,PolyX_PolyS_50,,unknown,S,34,50,16,False,5.108968,5.350629,23.81162103154607,24.053281698748883,,,,
null_random,PolyX_PolyG_30,PolyX_PolyI_26,,G,I,30,26,4,False,6.109002,6.289474,10.253311927051863,10.433783822673568,,,,
null_random,PolyX_PolyV_45,PolyX_PolyE_47,,V,E,45,47,2,False,4.801739,4.956669,8.392959083094244,8.54788969752765,,,,
null_random,PolyX_PolyL_23,PolyX_linker_PolyGGGGS_44,,L,unknown,23,44,21,False,6.669658,6.92421,31.113733409446656,31.368285532114573,,,,
null_random,PolyX_PolyS_26,PolyX_PolyI_17,,S,I,26,17,9,False,4.630007,4.845136,19.780615900128694,19.995745154778398,,,,
null_random,PolyX_PolyG_46,PolyX_PolyE_20,,G,E,46,20,26,False,8.949887,9.214679,36.208751881750636,36.47354372505085,,,,
null_random,PolyX_PolyG_48,PolyX_PolyG_39,,G,G,48,39,9,False,4.927053,5.042183,12.804277081352046,12.919406336001748,,,,
null_random,PolyX_linker_PolyGGGGS_33,PolyX_linker_PolyGGGGS_18,,unknown,unknown,33,18,15,False,6.809727,6.948357,30.21511327240233,30.353742708514318,,,,
null_random,PolyX_linker_PolyEAAAK_26,PolyX_PolyE_42,,unknown,E,26,42,16,False,5.296462,5.538122,31.89401653265839,32.135677199861206,,,,
null_random,PolyX_PolyS_44,PolyX_linker_PolyGGGGS_45,,S,unknown,44,45,1,False,5.174505,5.309163,10.38011314085814,10.514770499886138,,,,
null_random,PolyX_PolyA_19,PolyX_linker_PolyEAAAK_46,,A,unknown,19,46,27,False,8.086219,8.352829,41.67591352936259,41.94252375487135,,,,
null_random,PolyX_linker_PolyEAAAK_28,PolyX_PolyG_17,,unknown,G,28,17,11,False,5.328634,5.55288,30.49071842419921,30.71496375668861,,,,
null_random,PolyX_linker_PolyGGGGS_48,PolyX_PolyV_32,,unknown,V,48,32,16,False,5.863138,6.104798,23.27859978186437,23.52026044906718,,,,
null_random,PolyX_PolyV_19,PolyX_PolyI_36,,V,I,19,36,17,False,11.42942,11.673938,25.47425361844967,25.71877220634448,,,,
null_random,PolyX_linker_PolyGGGGS_32,PolyX_PolyG_32,,unknown,G,32,32,0,False,5.169875,5.269875,8.625147228483288,8.725147228483287,,,,
null_random,PolyX_PolyV_28,PolyX_PolyG_50,,V,G,28,50,22,False,7.49556,7.752335,30.978731124634734,31.235505835431194,,,,
null_random,PolyX_PolyS_23,PolyX_PolyV_50,,S,V,23,50,27,False,9.870953,10.137563,35.34790730312977,35.61451752863854,,,,
null_random,PolyX_PolyA_24,PolyX_PolyL_28,,A,L,24,28,4,False,1.857888,2.03836,15.69188377600653,15.872355671628236,,,,
null_random,PolyX_PolyG_35,PolyX_PolyA_46,,G,A,35,46,11,False,5.444881,5.669126,15.712060595531577,15.936305928020976,,,,
null_random,PolyX_PolyF_41,PolyX_linker_PolyEAAAK_19,,F,unknown,41,19,22,False,8.527979,8.784753,34.361135638867275,34.61791034966373,,,,
null_random,PolyX_linker_PolyEAAAK_37,PolyX_PolyV_50,,unknown,V,37,50,13,False,4.199133,4.431086,17.241261384365163,17.473214250845928,,,,
null_random,PolyX_PolyG_46,PolyX_PolyL_29,,G,L,46,29,17,False,10.749628,10.994147,20.10741489938948,20.35193348728429,,,,
null_random,PolyX_linker_PolyEAAAK_19,PolyX_PolyI_45,,unknown,I,19,45,26,False,8.031902,8.296694,37.945160169551244,38.20995201285146,,,,
null_random,PolyX_PolyG_38,PolyX_PolyI_20,,G,I,38,20,18,False,9.746305,9.993527,31.34833552051565,31.595557469473974,,,,
null_random,PolyX_PolyI_21,PolyX_PolyF_20,,I,F,21,20,1,False,8.332131,8.466789,11.61447860399985,11.749135963027847,,,,
null_random,PolyX_PolyK_17,PolyX_linker_PolyEAAAK_32,,K,unknown,17,32,15,False,10.290748,10.529377,35.48955133093599,35.72818076704798,,,,
null_random,PolyX_PolyA_23,PolyX_PolyK_49,,A,K,23,49,26,False,31.262262,31.527054,36.1606954070038,36.425487250304016,,,,
null_random,PolyX_PolyV_44,PolyX_PolyA_26,,V,A,44,26,18,False,7.197949,7.445171,26.765382613101277,27.0126045620596,,,,
null_random,PolyX_linker_PolyGGGGS_19,PolyX_linker_PolyGGGGS_34,,unknown,unknown,19,34,15,False,5.619179,5.757808,26.952217902234064,27.09084733834605,,,,
null_random,PolyX_PolyV_45,PolyX_PolyK_37,,V,K,45,37,8,False,17.116222,17.326084,26.969642594047176,27.17950382291399,,,,
null_random,PolyX_PolyE_35,PolyX_linker_PolyGGGGS_43,,E,unknown,35,43,8,False,7.873087,8.082948,14.397409976072153,14.607271204938963,,,,
null_random,PolyX_PolyG_37,PolyX_PolyS_48,,G,S,37,48,11,False,4.631839,4.856084,14.215234584990368,14.439479917479767,,,,
null_random,PolyX_PolyL_37,PolyX_PolyE_47,,L,E,37,47,10,False,7.521347,7.741242,12.950023447699504,13.169918211339422,,,,
null_random,PolyX_PolyI_29,PolyX_linker_PolyEAAAK_31,,I,unknown,29,31,2,False,4.516917,4.671847,11.787539962744862,11.942470577178268,,,,
null_random,PolyX_PolyS_19,PolyX_PolyG_48,,S,G,19,48,29,False,8.646696,8.916756,41.68964257460625,41.95970244368936,,,,
null_random,PolyX_PolyG_20,PolyX_linker_PolyGGGGS_36,,G,unknown,20,36,16,False,5.465223,5.706884,25.205980959603778,25.44764162680659,,,,
null_random,PolyX_PolyA_26,PolyX_PolyK_33,,A,K,26,33,7,False,18.328257,18.532229,17.774502017969148,17.97847409505314,,,,
null_random,PolyX_PolyL_42,PolyX_PolyE_22,,L,E,42,22,20,False,6.133609,6.385835,29.81819225709648,30.070418378982655,,,,
null_random,PolyX_PolyS_42,PolyX_PolyA_23,,S,A,42,23,19,False,7.099846,7.349632,29.23616439978725,29.485951013464952,,,,
null_random,PolyX_linker_PolyGGGGS_40,PolyX_linker_PolyEAAAK_38,,unknown,unknown,40,38,2,False,6.002128,6.057058,9.182928997520682,9.237859611954088,,,,
null_random,PolyX_PolyK_38,PolyX_PolyV_39,,K,V,38,39,1,False,19.991936,20.126593,23.453018899657344,23.58767625868534,,,,
null_random,PolyX_linker_PolyGGGGS_44,PolyX_PolyF_38,,unknown,F,44,38,6,False,6.917271,7.114567,15.52942493271184,15.726720440164605,,,,
null_random,PolyX_PolyL_36,PolyX_PolyK_25,,L,K,36,25,11,False,18.292253,18.516498,28.05111940072261,28.27536473321201,,,,
null_random,PolyX_PolyS_37,PolyX_PolyL_50,,S,L,37,50,13,False,8.92079,9.152743,18.64110633739148,18.873059203872245,,,,
null_random,PolyX_PolyI_45,PolyX_PolyL_29,,I,L,45,29,16,False,6.37506,6.616721,23.188909655267555,23.430570322470366,,,,
null_random,PolyX_PolyE_41,PolyX_PolyI_18,,E,I,41,18,23,False,9.344806,9.603709,35.573435378401335,35.832338069918734,,,,
null_random,PolyX_linker_PolyGGGGS_28,PolyX_PolyK_26,,unknown,K,28,26,2,False,20.085547,20.240478,26.924266662796732,27.07919727723014,,,,
null_random,PolyX_linker_PolyGGGGS_31,PolyX_PolyV_23,,unknown,V,31,23,8,False,5.881831,6.091692,15.026418511323952,15.236279740190762,,,,
null_random,PolyX_linker_PolyEAAAK_40,PolyX_PolyE_33,,unknown,E,40,33,7,False,3.223987,3.427959,10.339655482512462,10.543627559596453,,,,
null_random,PolyX_linker_PolyGGGGS_33,PolyX_PolyK_48,,unknown,K,33,48,15,False,24.92231,25.160939,24.00521690714382,24.243846343255807,,,,
null_random,PolyX_PolyL_25,PolyX_PolyL_20,,L,L,25,20,5,False,5.770848,5.860436,13.828381564660805,13.917969538122207,,,,
null_random,PolyX_linker_PolyGGGGS_23,PolyX_PolyS_50,,unknown,S,23,50,27,False,7.279203,7.545813,38.49227731096323,38.758887536471995,,,,
null_random,PolyX_PolyG_27,PolyX_PolyA_39,,G,A,27,39,12,False,4.653695,4.881942,18.977780369401113,19.206027837274192,,,,
null_random,PolyX_PolyS_33,PolyX_PolyK_47,,S,K,33,47,14,False,24.575364,24.810766,25.26575175858748,25.501154268642594,,,,
null_random,PolyX_PolyE_28,PolyX_PolyF_21,,E,F,28,21,7,False,8.07177,8.275742,17.016446891810787,17.22041896889478,,,,
null_random,PolyX_PolyS_29,PolyX_PolyF_39,,S,F,29,39,10,False,10.789907,11.009802,22.607252124577332,22.827146888217253,,,,
null_random,PolyX_linker_PolyEAAAK_35,PolyX_linker_PolyGGGGS_21,,unknown,unknown,35,21,14,False,8.88811,9.023513,23.899739643564157,24.03514215361927,,,,
null_random,PolyX_PolyK_19,PolyX_PolyF_33,,K,F,19,33,14,False,10.65299,10.888392,34.67125360859571,34.90665611865082,,,,
null_random,PolyX_PolyG_48,PolyX_linker_PolyEAAAK_50,,G,unknown,48,50,2,False,6.084933,6.239863,9.62663493882653,9.781565553259936,,,,
null_random,PolyX_PolyG_32,PolyX_PolyA_21,,G,A,32,21,11,False,6.898822,7.123067,19.904437080149705,20.128682412639108,,,,
null_random,PolyX_PolyF_17,PolyX_PolyV_33,,F,V,17,33,16,False,8.327598,8.569258,25.764993180542685,26.006653847745497,,,,
null_random,PolyX_linker_PolyGGGGS_32,PolyX_PolyS_22,,unknown,S,32,22,10,False,6.670116,6.890011,15.26723312853304,15.487127892172957,,,,
null_random,PolyX_PolyA_47,PolyX_PolyI_29,,A,I,47,29,18,False,9.748506,9.995728,26.161333224426112,26.408555173384435,,,,
null_random,PolyX_PolyI_27,PolyX_PolyI_30,,I,I,27,30,3,False,5.16223,5.231545,8.924707079177743,8.994021797233737,,,,
null_random,PolyX_PolyK_28,PolyX_PolyE_47,,K,E,28,47,19,False,14.140911,14.390698,35.04492628514724,35.29471289882494,,,,
null_random,PolyX_PolyA_42,PolyX_PolyE_46,,A,E,42,46,4,False,5.391366,5.571838,12.668075171245375,12.84854706686708,,,,
null_random,PolyX_PolyK_47,PolyX_PolyV_35,,K,V,47,35,12,False,24.940426,25.168673,21.100731651231865,21.328979119104943,,,,
null_random,PolyX_PolyG_22,PolyX_PolyA_30,,G,A,22,30,8,False,5.183855,5.393717,20.854960234656513,21.064821463523327,,,,
null_random,PolyX_PolyV_39,PolyX_PolyE_34,,V,E,39,34,5,False,2.894012,3.0836,12.816595035161585,13.006183008622987,,,,
null_random,PolyX_PolyE_31,PolyX_PolyV_48,,E,V,31,48,17,False,5.066626,5.311144,23.213148803936374,23.457667391831183,,,,
null_random,PolyX_PolyG_42,PolyX_linker_PolyEAAAK_23,,G,unknown,42,23,19,False,7.408161,7.657947,29.1977702337914,29.4475568474691,,,,
null_random,PolyX_linker_PolyGGGGS_28,PolyX_PolyS_47,,unknown,S,28,47,19,False,9.482367,9.732154,33.237523286433095,33.487309900110795,,,,
null_random,PolyX_PolyI_37,PolyX_PolyK_39,,I,K,37,39,2,False,20.221574,20.376505,22.54064226475321,22.695572879186617,,,,
null_random,PolyX_PolyF_33,PolyX_linker_PolyEAAAK_26,,F,unknown,33,26,7,False,4.459907,4.663879,19.55630700803792,19.760279085121912,,,,
null_random,PolyX_PolyS_11,PolyX_linker_PolyEAAAK_11,,S,unknown,11,11,0,False,12.997626,13.097626,8.337370495152356,8.437370495152356,,,,
null_random,PolyX_PolyI_35,PolyX_linker_PolyEAAAK_44,,I,unknown,35,44,9,False,6.038274,6.253404,13.653893619497907,13.869022874147609,,,,
null_random,PolyX_PolyS_49,PolyX_PolyS_25,,S,S,49,25,24,False,7.565245,7.726188,34.78303397726652,34.94397776850993,,,,
null_random,PolyX_PolyG_48,PolyX_linker_PolyEAAAK_39,,G,unknown,48,39,9,False,9.664519,9.879648,16.060206364348364,16.275335618998067,,,,
null_random,PolyX_PolyF_26,PolyX_PolyA_22,,F,A,26,22,4,False,8.364543,8.545015,11.776408829400639,11.956880725022344,,,,
null_random,PolyX_PolyK_36,PolyX_PolyK_18,,K,K,36,18,18,False,11.071072,11.218294,34.09694384205508,34.24416579101341,,,,
null_random,PolyX_PolyF_45,PolyX_PolyK_17,,F,K,45,17,28,False,11.632872,11.901237,49.1636130554349,49.431977846934224,,,,
null_random,PolyX_PolyK_24,PolyX_PolyE_33,,K,E,24,33,9,False,14.631359,14.846488,28.96431205532356,29.179441309973264,,,,
null_random,PolyX_linker_PolyEAAAK_50,PolyX_PolyF_31,,unknown,F,50,31,19,False,8.93819,9.187976,22.86815913628657,23.117945749964274,,,,
null_random,PolyX_PolyG_27,PolyX_PolyS_46,,G,S,27,46,19,False,9.714416,9.964202,23.12445088964611,23.374237503323812,,,,
null_random,PolyX_PolyV_31,PolyX_PolyF_37,,V,F,31,37,6,False,4.682391,4.879687,13.516352092382185,13.71364759983495,,,,
null_random,PolyX_linker_PolyEAAAK_32,PolyX_PolyA_23,,unknown,A,32,23,9,False,6.756211,6.97134,21.018688963889957,21.23381821853966,,,,
null_random,PolyX_PolyE_31,PolyX_PolyL_18,,E,L,31,18,13,False,7.970517,8.202469,26.73691800780056,26.968870874281325,,,,
null_random,PolyX_PolyK_38,PolyX_PolyV_48,,K,V,38,48,10,False,15.991496,16.21139,24.605728743183036,24.825623506822957,,,,
null_random,PolyX_PolyL_37,PolyX_PolyK_32,,L,K,37,32,5,False,20.80553,20.995118,27.81787597237157,28.007463945832974,,,,
null_random,PolyX_PolyA_43,PolyX_linker_PolyEAAAK_17,,A,unknown,43,17,26,False,7.194279,7.45907,43.26323945686864,43.528031300168855,,,,
null_random,PolyX_PolyL_37,PolyX_PolyL_45,,L,L,37,45,8,False,4.159659,4.269521,12.351589391173176,12.461450620039987,,,,
null_random,PolyX_PolyF_42,PolyX_linker_PolyGGGGS_26,,F,unknown,42,26,16,False,7.61513,7.856791,25.732412935617432,25.974073602820244,,,,
null_random,PolyX_PolyV_44,PolyX_linker_PolyEAAAK_43,,V,unknown,44,43,1,False,7.577885,7.712543,10.039691578068918,10.174348937096916,,,,
null_random,PolyX_PolyE_21,PolyX_PolyG_34,,E,G,21,34,13,False,5.116149,5.348102,26.43395868430231,26.665911550783076,,,,
null_random,PolyX_PolyF_40,PolyX_PolyS_38,,F,S,40,38,2,False,4.118744,4.273674,10.55281617157639,10.707746786009796,,,,
null_random,PolyX_PolyI_31,PolyX_PolyG_29,,I,G,31,29,2,False,5.302766,5.457697,9.358744040843247,9.513674655276652,,,,
null_random,PolyX_PolyA_46,PolyX_linker_PolyGGGGS_23,,A,unknown,46,23,23,False,9.591915,9.850817,33.43414492946915,33.69304762098655,,,,
null_random,PolyX_linker_PolyEAAAK_48,PolyX_PolyA_47,,unknown,A,48,47,1,False,4.255526,4.390184,13.175315410881396,13.309972769909393,,,,
null_random,PolyX_linker_PolyEAAAK_35,PolyX_PolyV_35,,unknown,V,35,35,0,False,5.097677,5.197677,7.901599846511282,8.001599846511283,,,,
null_random,PolyX_PolyV_17,PolyX_PolyA_28,,V,A,17,28,11,False,5.620788,5.845033,30.73588590489883,30.960131237388232,,,,
null_random,PolyX_PolyS_24,PolyX_PolyL_20,,S,L,24,20,4,False,6.318788,6.49926,14.295527500535732,14.475999396157437,,,,
null_random,PolyX_linker_PolyEAAAK_42,PolyX_PolyA_49,,unknown,A,42,49,7,False,7.8168,8.020772,10.39094900418182,10.594921081265811,,,,
null_random,PolyX_PolyI_39,PolyX_PolyF_48,,I,F,39,48,9,False,7.747352,7.962481,17.594964956044453,17.810094210694157,,,,
null_random,PolyX_linker_PolyEAAAK_32,PolyX_PolyV_40,,unknown,V,32,40,8,False,5.360292,5.570153,17.135371340067707,17.34523256893452,,,,
null_random,PolyX_PolyF_20,PolyX_PolyL_50,,F,L,20,50,30,False,13.128109,13.399808,41.217316590243335,41.489015950467596,,,,
null_random,PolyX_PolyF_30,PolyX_PolyF_35,,F,F,30,35,5,False,8.269226,8.358814,15.329313168593208,15.41890114205461,,,,
null_random,PolyX_PolyG_25,PolyX_PolyI_28,,G,I,25,28,3,False,5.091879,5.261194,10.3897106107824,10.559025328838393,,,,
null_random,PolyX_PolyE_7,PolyX_PolyL_7,,E,L,7,7,0,False,17.73625,17.83625,9.060664665598482,9.160664665598482,,,,
null_random,PolyX_PolyV_40,PolyX_linker_PolyGGGGS_43,,V,unknown,40,43,3,False,8.474478,8.643793,13.428114396807798,13.597429114863791,,,,
null_random,PolyX_PolyI_17,PolyX_PolyA_33,,I,A,17,33,16,False,5.1773,5.41896,31.11982630316461,31.361486970367423,,,,
null_random,PolyX_PolyF_36,PolyX_PolyV_18,,F,V,36,18,18,False,7.55674,7.803962,34.70903105416483,34.95625300312316,,,,
null_random,PolyX_PolyF_18,PolyX_PolyK_24,,F,K,18,24,6,False,19.944208,20.141504,21.957102131152322,22.15439763860509,,,,
null_random,PolyX_PolyE_46,PolyX_PolyS_49,,E,S,46,49,3,False,5.043616,5.212931,13.503237746785176,13.67255246484117,,,,
null_random,PolyX_PolyF_22,PolyX_PolyL_46,,F,L,22,46,24,False,8.950482,9.211426,34.16299518717546,34.423938978418875,,,,
null_random,PolyX_PolyF_38,PolyX_PolyF_34,,F,F,38,34,4,False,5.2804,5.360872,6.533174799912945,6.61364669553465,,,,
null_random,PolyX_PolyI_49,PolyX_linker_PolyGGGGS_27,,I,unknown,49,27,22,False,10.227936,10.484711,32.35962431065706,32.61639902145352,,,,
null_random,PolyX_PolyL_38,PolyX_PolyA_49,,L,A,38,49,11,False,11.557,11.781245,13.757341175250394,13.981586507739793,,,,
null_random,PolyX_PolyL_29,PolyX_PolyK_26,,L,K,29,26,3,False,19.735019,19.904334,26.31745124257946,26.486765960635456,,,,
null_random,PolyX_linker_PolyGGGGS_25,PolyX_PolyG_44,,unknown,G,25,44,19,False,8.29523,8.545016,27.062469982750404,27.312256596428107,,,,
null_random,PolyX_PolyF_32,PolyX_PolyK_40,,F,K,32,40,8,False,19.459626,19.669487,23.496813469132892,23.706674697999706,,,,
null_random,PolyX_PolyK_33,PolyX_PolyL_42,,K,L,33,42,9,False,14.493549,14.708679,25.753738229796035,25.968867484445738,,,,
null_random,PolyX_PolyF_37,PolyX_PolyF_49,,F,F,37,49,12,False,6.838337,6.966584,14.420975148733708,14.549222616606786,,,,
null_random,PolyX_linker_PolyGGGGS_20,PolyX_PolyA_18,,unknown,A,20,18,2,False,8.030653,8.185584,14.822535520228822,14.977466134662228,,,,
null_random,PolyX_PolyI_47,PolyX_PolyV_17,,I,V,47,17,30,False,10.458492,10.730191,49.315663920829884,49.587363281054145,,,,
null_random,PolyX_linker_PolyEAAAK_46,PolyX_PolyA_46,,unknown,A,46,46,0,False,4.329504,4.429504,12.558730763926793,12.658730763926792,,,,
null_random,PolyX_PolyK_46,PolyX_linker_PolyEAAAK_18,,K,unknown,46,18,28,False,25.086728,25.355093,38.87336077705584,39.14172556855516,,,,
null_random,PolyX_PolyE_27,PolyX_PolyF_38,,E,F,27,38,11,False,5.851774,6.076019,17.79686343149565,18.021108763985055,,,,
null_random,PolyX_PolyS_32,PolyX_PolyE_44,,S,E,32,44,12,False,4.997973,5.226221,22.06198642473893,22.290233892612008,,,,
null_random,PolyX_PolyA_50,PolyX_linker_PolyEAAAK_27,,A,unknown,50,27,23,False,7.647917,7.90682,28.388636067362214,28.647538758879612,,,,
null_random,PolyX_PolyA_19,PolyX_PolyF_29,,A,F,19,29,10,False,5.373005,5.5929,24.547136757122868,24.76703152076279,,,,
null_random,PolyX_linker_PolyGGGGS_17,PolyX_PolyL_41,,unknown,L,17,41,24,False,6.656227,6.917171,42.580593508138826,42.84153729938224,,,,
null_random,PolyX_PolyI_24,PolyX_PolyG_41,,I,G,24,41,17,False,8.439641,8.68416,25.591082304437595,25.835600892332405,,,,
null_random,PolyX_PolyG_39,PolyX_PolyF_25,,G,F,39,25,14,False,7.819874,8.055277,26.33086163251573,26.566264142570844,,,,
null_random,PolyX_PolyE_23,PolyX_PolyK_33,,E,K,23,33,10,False,17.626606,17.846501,21.161057916327,21.38095267996692,,,,
null_random,PolyX_PolyA_42,PolyX_PolyL_35,,A,L,42,35,7,False,5.67581,5.879782,15.45421115720906,15.658183234293052,,,,
null_random,PolyX_linker_PolyEAAAK_18,PolyX_PolyG_34,,unknown,G,18,34,16,False,7.004581,7.246242,30.954694105576777,31.19635477277959,,,,
null_random,PolyX_PolyF_37,PolyX_PolyE_36,,F,E,37,36,1,False,7.088086,7.222743,9.365202686465388,9.499860045493385,,,,
null_random,PolyX_PolyK_22,PolyX_PolyF_49,,K,F,22,49,27,False,18.016058,18.282669,46.791004608784085,47.05761483429285,,,,
null_random,PolyX_linker_PolyGGGGS_34,PolyX_PolyG_19,,unknown,G,34,19,15,False,4.857401,5.096031,26.656714441118137,26.895343877230125,,,,
null_random,PolyX_PolyV_29,PolyX_linker_PolyEAAAK_45,,V,unknown,29,45,16,False,9.343311,9.584972,21.446908702924038,21.68856937012685,,,,
null_random,PolyX_PolyA_19,PolyX_PolyA_49,,A,A,19,49,30,False,9.849399,10.021098,43.021840291701466,43.193539651925725,,,,
null_random,PolyX_PolyA_24,PolyX_PolyF_45,,A,F,24,45,21,False,10.329079,10.583631,32.77489766687469,33.02944978954261,,,,
null_random,PolyX_PolyE_22,PolyX_PolyS_38,,E,S,22,38,16,False,6.367627,6.609288,21.906940504711805,22.148601171914617,,,,
null_random,PolyX_PolyG_27,PolyX_linker_PolyEAAAK_23,,G,unknown,27,23,4,False,4.809956,4.990428,11.187280712844753,11.367752608466459,,,,
null_random,PolyX_PolyI_30,PolyX_PolyI_35,,I,I,30,35,5,False,7.748769,7.838357,14.295207319825574,14.384795293286976,,,,
null_random,PolyX_linker_PolyEAAAK_48,PolyX_PolyK_23,,unknown,K,48,23,25,False,7.594389,7.857294,42.61043277668951,42.873337603590585,,,,
null_random,PolyX_PolyE_40,PolyX_PolyG_19,,E,G,40,19,21,False,12.612479,12.867031,34.33013930283969,34.58469142550761,,,,
null_random,PolyX_PolyG_42,PolyX_PolyA_36,,G,A,42,36,6,False,5.485542,5.682838,12.802569793441842,12.999865300894607,,,,
null_random,PolyX_PolyF_28,PolyX_PolyK_41,,F,K,28,41,13,False,23.13416,23.366113,22.754450614831697,22.98640348131246,,,,
null_random,PolyX_PolyV_42,PolyX_PolyG_22,,V,G,42,22,20,False,6.142261,6.394487,35.913302496841034,36.16552861872721,,,,
null_random,PolyX_PolyF_49,PolyX_PolyG_42,,F,G,49,42,7,False,8.982082,9.186054,14.938500527184567,15.142472604268558,,,,
null_random,PolyX_PolyS_39,PolyX_PolyG_33,,S,G,39,33,6,False,5.258295,5.45559,11.87542591062609,12.072721418078855,,,,
null_random,PolyX_linker_PolyEAAAK_21,PolyX_PolyA_48,,unknown,A,21,48,27,False,10.54561,10.81222,43.53531203023671,43.801922255745474,,,,
null_random,PolyX_PolyF_40,PolyX_PolyG_23,,F,G,40,23,17,False,5.539265,5.783784,26.447434693988452,26.69195328188326,,,,
null_random,PolyX_PolyI_44,PolyX_PolyA_50,,I,A,44,50,6,False,3.701666,3.898961,11.292796252342907,11.490091759795671,,,,
null_random,PolyX_PolyF_20,PolyX_PolyA_31,,F,A,20,31,11,False,4.247569,4.471814,20.776276169611258,21.00052150210066,,,,
null_random,PolyX_PolyS_37,PolyX_PolyK_45,,S,K,37,45,8,False,22.046594,22.256455,19.646472298984577,19.85633352785139,,,,
null_random,PolyX_linker_PolyEAAAK_35,PolyX_PolyF_36,,unknown,F,35,36,1,False,6.069909,6.204567,9.803486808908241,9.938144167936239,,,,
null_random,PolyX_PolyE_42,PolyX_PolyA_45,,E,A,42,45,3,False,7.820246,7.989561,10.821138125876013,10.990452843932006,,,,
null_random,PolyX_linker_PolyGGGGS_33,PolyX_PolyF_38,,unknown,F,33,38,5,False,6.873672,7.06326,11.177607351304403,11.367195324765804,,,,
null_random,PolyX_PolyK_33,PolyX_PolyS_28,,K,S,33,28,5,False,17.855283,18.044871,16.972504054104295,17.1620920275657,,,,
null_random,PolyX_PolyL_46,PolyX_PolyF_18,,L,F,46,18,28,False,9.763634,10.031999,41.93174128657415,42.200106078073475,,,,
null_random,PolyX_PolyE_32,PolyX_PolyS_43,,E,S,32,43,11,False,6.780505,7.004751,21.135419178451052,21.359664510940455,,,,
null_random,PolyX_PolyS_30,PolyX_PolyG_19,,S,G,30,19,11,False,6.4756,6.699845,22.905152098346175,23.129397430835578,,,,
null_random,PolyX_linker_PolyEAAAK_17,PolyX_linker_PolyEAAAK_22,,unknown,unknown,17,22,5,False,6.828148,6.917736,13.457216527707295,13.546804501168697,,,,
null_random,PolyX_linker_PolyEAAAK_25,PolyX_PolyK_36,,unknown,K,25,36,11,False,19.650118,19.874363,21.530527245024413,21.754772577513815,,,,
null_random,PolyX_PolyK_24,PolyX_PolyA_43,,K,A,24,43,19,False,13.648139,13.897926,39.88472189401795,40.13450850769565,,,,
null_random,PolyX_PolyE_24,PolyX_linker_PolyEAAAK_17,,E,unknown,24,17,7,False,4.469939,4.673911,19.202943622756766,19.40691569984076,,,,
null_random,PolyX_PolyE_18,PolyX_PolyA_24,,E,A,18,24,6,False,11.454078,11.651373,23.147112702834487,23.344408210287256,,,,
null_random,PolyX_PolyF_17,PolyX_linker_PolyGGGGS_42,,F,unknown,17,42,25,False,6.676887,6.939792,36.89481096771118,37.15771579461226,,,,
null_random,PolyX_PolyV_33,PolyX_PolyK_32,,V,K,33,32,1,False,21.30301,21.437667,26.143806698458192,26.27846405748619,,,,
null_random,PolyX_PolyE_33,PolyX_PolyE_26,,E,E,33,26,7,False,7.236815,7.340787,17.69811996020071,17.8020920372847,,,,
null_random,PolyX_PolyE_50,PolyX_PolyA_38,,E,A,50,38,12,False,5.776278,6.004526,17.9619447206065,18.19019218847958,,,,
null_random,PolyX_PolyV_24,PolyX_PolyA_48,,V,A,24,48,24,False,9.940114,10.201058,35.52917721626712,35.790121007510535,,,,
null_random,PolyX_PolyK_29,PolyX_PolyL_21,,K,L,29,21,8,False,23.113493,23.323354,23.91578377294698,24.125645001813794,,,,
null_random,PolyX_PolyS_45,PolyX_PolyF_31,,S,F,45,31,14,False,6.06709,6.302492,17.740432586918622,17.975835096973736,,,,
null_random,PolyX_PolyI_50,PolyX_PolyG_48,,I,G,50,48,2,False,8.047204,8.202134,12.914510310882143,13.069440925315549,,,,
null_random,PolyX_linker_PolyEAAAK_30,PolyX_PolyV_43,,unknown,V,30,43,13,False,3.634733,3.866686,19.780374819949532,20.012327686430297,,,,
null_random,PolyX_PolyL_33,PolyX_linker_PolyGGGGS_47,,L,unknown,33,47,14,False,6.961316,7.196718,21.719833908962254,21.955236419017368,,,,
null_random,PolyX_PolyL_47,PolyX_PolyF_22,,L,F,47,22,25,False,9.586153,9.849058,33.591746930888284,33.85465175778936,,,,
null_random,PolyX_PolyF_23,PolyX_PolyF_25,,F,F,23,25,2,False,6.447874,6.502805,8.711121268004412,8.766051882437818,,,,
null_random,PolyX_PolyG_29,PolyX_PolyF_20,,G,F,29,20,9,False,5.513101,5.72823,21.102059148547657,21.31718840319736,,,,
null_random,PolyX_PolyS_27,PolyX_PolyS_40,,S,S,27,40,13,False,9.068968,9.200921,24.654067384516463,24.786020250997225,,,,
null_random,PolyX_PolyK_41,PolyX_PolyF_49,,K,F,41,49,8,False,19.077163,19.287024,25.975097128846272,26.184958357713086,,,,
null_random,PolyX_PolyV_33,PolyX_PolyV_20,,V,V,33,20,13,False,5.873094,6.005047,24.666318964115494,24.798271830596256,,,,
null_random,PolyX_linker_PolyEAAAK_43,PolyX_PolyF_43,,unknown,F,43,43,0,False,7.712068,7.812068,9.286030878734083,9.386030878734083,,,,
null_random,PolyX_PolyK_18,PolyX_PolyI_36,,K,I,18,36,18,False,12.747508,12.99473,37.424487888783126,37.67170983774145,,,,
null_random,PolyX_PolyE_50,PolyX_PolyS_32,,E,S,50,32,18,False,6.81641,7.063632,28.08764934730057,28.334871296258893,,,,
null_random,PolyX_PolyL_7,PolyX_PolyI_7,,L,I,7,7,0,False,16.28019,16.38019,8.875656359945664,8.975656359945663,,,,
null_random,PolyX_PolyG_23,PolyX_PolyS_35,,G,S,23,35,12,False,3.879858,4.108106,22.486987071567853,22.71523453944093,,,,
null_random,PolyX_PolyA_22,PolyX_PolyG_31,,A,G,22,31,9,False,5.627464,5.842594,18.89157865040741,19.106707905057114,,,,
null_random,PolyX_PolyG_39,PolyX_PolyI_27,,G,I,39,27,12,False,8.601891,8.830139,23.283295425135975,23.511542893009054,,,,
null_random,PolyX_linker_PolyGGGGS_49,PolyX_PolyI_26,,unknown,I,49,26,23,False,7.22122,7.480122,27.8482820106522,28.107184702169597,,,,
null_random,PolyX_linker_PolyGGGGS_32,PolyX_PolyS_25,,unknown,S,32,25,7,False,2.218533,2.422505,13.350170950412252,13.554143027496243,,,,
null_random,PolyX_PolyI_20,PolyX_PolyK_49,,I,K,20,49,29,False,32.943036,33.213096,41.08471748384013,41.354777352923236,,,,
null_random,PolyX_PolyF_34,PolyX_PolyK_34,,F,K,34,34,0,False,18.629231,18.729231,20.717238940799856,20.817238940799857,,,,
null_random,PolyX_PolyG_22,PolyX_PolyI_41,,G,I,22,41,19,False,6.426875,6.676662,32.333461891720795,32.583248505398494,,,,
null_random,PolyX_PolyF_23,PolyX_PolyK_25,,F,K,23,25,2,False,22.060472,22.215403,21.263224434261208,21.418155048694615,,,,
null_random,PolyX_linker_PolyEAAAK_48,PolyX_PolyK_50,,unknown,K,48,50,2,False,22.719115,22.874046,23.532767778396504,23.687698392829912,,,,
null_random,PolyX_PolyF_21,PolyX_PolyV_36,,F,V,21,36,15,False,6.495659,6.734289,27.600791354746075,27.839420790858064,,,,
null_random,PolyX_PolyS_49,PolyX_PolyL_17,,S,L,49,17,32,False,9.54805,9.822875,45.10900455844773,45.38382993652105,,,,
null_random,PolyX_PolyE_50,PolyX_PolyS_27,,E,S,50,27,23,False,8.774039,9.032942,34.76116767947307,35.02007037099047,,,,
null_random,PolyX_PolyE_21,PolyX_linker_PolyEAAAK_38,,E,unknown,21,38,17,False,6.081506,6.326025,31.82098088626795,32.06549947416276,,,,
null_random,PolyX_PolyK_33,PolyX_linker_PolyGGGGS_49,,K,unknown,33,49,16,False,15.784937,16.026598,28.097200487651424,28.338861154854236,,,,
null_random,PolyX_PolyE_27,PolyX_PolyF_24,,E,F,27,24,3,False,4.372981,4.542296,8.793360108737888,8.962674826793881,,,,
null_random,PolyX_PolyV_33,PolyX_PolyE_22,,V,E,33,22,11,False,5.612681,5.836926,16.69980095884989,16.924046291339295,,,,
null_random,PolyX_PolyE_31,PolyX_PolyK_27,,E,K,31,27,4,False,13.033553,13.214025,19.004760366040255,19.185232261661962,,,,
null_random,PolyX_PolyV_28,PolyX_PolyG_17,,V,G,28,17,11,False,5.97933,6.203576,26.63561674121057,26.859862073699972,,,,
null_random,PolyX_PolyL_35,PolyX_PolyG_27,,L,G,35,27,8,False,5.177172,5.387033,15.58768121573603,15.79754244460284,,,,
null_random,PolyX_PolyG_28,PolyX_PolyL_30,,G,L,28,30,2,False,8.64811,8.803041,14.731957200555755,14.88688781498916,,,,
null_random,PolyX_PolyK_37,PolyX_linker_PolyEAAAK_26,,K,unknown,37,26,11,False,19.815667,20.039912,23.990106712920728,24.21435204541013,,,,
null_random,PolyX_PolyL_36,PolyX_linker_PolyEAAAK_42,,L,unknown,36,42,6,False,7.524675,7.721971,16.476883842527336,16.674179349980104,,,,
null_random,PolyX_PolyE_25,PolyX_PolyI_29,,E,I,25,29,4,False,6.452648,6.63312,14.098890745225779,14.279362640847484,,,,
null_random,PolyX_PolyF_24,PolyX_PolyK_33,,F,K,24,33,9,False,19.913493,20.128622,19.24998849885848,19.465117753508185,,,,
null_random,PolyX_linker_PolyGGGGS_34,PolyX_PolyF_49,,unknown,F,34,49,15,False,8.917607,9.156237,22.86646617988178,23.10509561599377,,,,
null_random,PolyX_PolyF_20,PolyX_PolyK_40,,F,K,20,40,20,False,22.791387,23.043614,34.26235417743712,34.51458029932329,,,,
null_random,PolyX_PolyK_31,PolyX_PolyS_18,,K,S,31,18,13,False,21.370866,21.602819,28.353833629738226,28.58578649621899,,,,
null_random,PolyX_PolyI_33,PolyX_PolyK_44,,I,K,33,44,11,False,21.489297,21.713543,27.164890324466,27.389135656955403,,,,
null_random,PolyX_PolyE_37,PolyX_PolyS_24,,E,S,37,24,13,False,9.364406,9.596359,19.151814081172837,19.3837669476536,,,,
null_random,PolyX_linker_PolyEAAAK_48,PolyX_PolyV_32,,unknown,V,48,32,16,False,7.927989,8.169649,22.83360237232812,23.07526303953093,,,,
null_random,PolyX_PolyS_24,PolyX_PolyF_28,,S,F,24,28,4,False,7.546601,7.727073,12.30418678516354,12.484658680785245,,,,
null_random,PolyX_PolyV_41,PolyX_PolyS_19,,V,S,41,19,22,False,7.204901,7.461676,36.64278805770185,36.899562768498306,,,,
null_random,PolyX_PolyS_37,PolyX_PolyE_18,,S,E,37,18,19,False,9.509533,9.75932,39.525857299794836,39.775643913472535,,,,
null_random,PolyX_PolyF_26,PolyX_PolyS_30,,F,S,26,30,4,False,5.771304,5.951776,12.29334849203057,12.473820387652275,,,,
null_random,PolyX_PolyV_39,PolyX_PolyG_21,,V,G,39,21,18,False,5.030847,5.278069,31.738026853312626,31.98524880227095,,,,
null_random,PolyX_PolyK_38,PolyX_PolyK_46,,K,K,38,46,8,False,4.741671,4.851532,16.117053781507177,16.22691501037399,,,,
null_random,PolyX_linker_PolyGGGGS_48,PolyX_PolyK_22,,unknown,K,48,22,26,False,17.369266,17.634058,47.2210841397244,47.48587598302461,,,,
null_random,PolyX_PolyK_24,PolyX_PolyV_33,,K,V,24,33,9,False,15.91268,16.127809,29.116081057473497,29.3312103121232,,,,
null_random,PolyX_linker_PolyEAAAK_32,PolyX_PolyI_46,,unknown,I,32,46,14,False,6.720164,6.955567,18.154151125400976,18.38955363545609,,,,
null_random,PolyX_PolyG_46,PolyX_PolyG_50,,G,G,46,50,4,False,3.492391,3.572863,11.538407218448175,11.61887911406988,,,,
null_random,PolyX_PolyG_22,PolyX_PolyK_35,,G,K,22,35,13,False,16.783192,17.015145,29.18945278574392,29.421405652224685,,,,
null_random,PolyX_PolyG_27,PolyX_PolyF_40,,G,F,27,40,13,False,4.865307,5.097259,19.72193182108211,19.953884687562873,,,,
null_random,PolyX_PolyS_40,PolyX_PolyL_39,,S,L,40,39,1,False,9.682191,9.816848,13.167443908355265,13.302101267383263,,,,
null_random,PolyX_PolyI_43,PolyX_linker_PolyGGGGS_44,,I,unknown,43,44,1,False,7.539341,7.673998,13.55197850620134,13.686635865229338,,,,
null_random,PolyX_PolyI_31,PolyX_linker_PolyGGGGS_39,,I,unknown,31,39,8,False,5.589714,5.799575,17.244183829754533,17.454045058621347,,,,
null_random,PolyX_PolyF_26,PolyX_linker_PolyGGGGS_41,,F,unknown,26,41,15,False,9.198378,9.437008,25.567784046494904,25.806413482606892,,,,
null_random,PolyX_PolyA_29,PolyX_PolyS_19,,A,S,29,19,10,False,6.016706,6.236601,20.330461952659785,20.550356716299707,,,,
null_random,PolyX_PolyS_40,PolyX_PolyK_21,,S,K,40,21,19,False,10.010335,10.260122,35.4901804631133,35.739967076791,,,,
