path_type,seq_from,seq_to,category,n_from,n_to,W2_distance,delta_n,action_A,is_bio
HET_BLOCK_bio,HET_BLOCK_EL_2,HET_BLOCK_GE_2,HET_BLOCK,2.0,2.0,3.7905181030691386,0.0,3.8405181030691384,True
HET_BLOCK_bio,HET_BLOCK_GE_2,HET_BLOCK_KE_2,HET_BLOCK,2.0,2.0,3.9672065841760786,0.0,4.017206584176079,True
HET_BLOCK_bio,HET_BLOCK_KE_2,HET_BLOCK_KL_2,HET_BLOCK,2.0,2.0,1.5487160294398825,0.0,1.5987160294398826,True
HET_BLOCK_bio,HET_BLOCK_KL_2,HET_BLOCK_GE_4,HET_BLOCK,2.0,4.0,3.8202208307769503,2.0,3.8757138922202907,True
HET_BLOCK_bio,HET_BLOCK_GE_4,HET_BLOCK_KE_4,HET_BLOCK,4.0,4.0,2.660838494680326,0.0,2.710838494680326,True
HET_BLOCK_bio,HET_BLOCK_KE_4,HET_BLOCK_KL_4,HET_BLOCK,4.0,4.0,2.2930546722591965,0.0,2.3430546722591963,True
HET_BLOCK_bio,HET_BLOCK_KL_4,HET_BLOCK_EL_4,HET_BLOCK,4.0,4.0,3.8738164868483076,0.0,3.9238164868483074,True
HET_BLOCK_bio,HET_BLOCK_EL_4,HET_BLOCK_KE_6,HET_BLOCK,4.0,6.0,4.141120472368738,2.0,4.196613533812078,True
HET_BLOCK_bio,HET_BLOCK_KE_6,HET_BLOCK_KL_6,HET_BLOCK,6.0,6.0,0.852145617222132,0.0,0.902145617222132,True
HET_BLOCK_bio,HET_BLOCK_KL_6,HET_BLOCK_GE_6,HET_BLOCK,6.0,6.0,2.5932280938226597,0.0,2.6432280938226596,True
HET_BLOCK_bio,HET_BLOCK_GE_6,HET_BLOCK_EL_6,HET_BLOCK,6.0,6.0,1.444841443480426,0.0,1.494841443480426,True
HET_BLOCK_bio,HET_BLOCK_EL_6,HET_BLOCK_KL_8,HET_BLOCK,6.0,8.0,2.233244492213865,2.0,2.288737553657205,True
HET_BLOCK_bio,HET_BLOCK_KL_8,HET_BLOCK_EL_8,HET_BLOCK,8.0,8.0,1.3402629959203625,0.0,1.3902629959203625,True
HET_BLOCK_bio,HET_BLOCK_EL_8,HET_BLOCK_KE_8,HET_BLOCK,8.0,8.0,0.686915731388001,0.0,0.736915731388001,True
HET_BLOCK_bio,HET_BLOCK_KE_8,HET_BLOCK_GE_8,HET_BLOCK,8.0,8.0,1.3171241864656211,0.0,1.3671241864656212,True
HET_BLOCK_bio,HET_BLOCK_GE_8,HET_BLOCK_KE_10,HET_BLOCK,8.0,10.0,1.3358749188202632,2.0,1.3913679802636039,True
HET_BLOCK_bio,HET_BLOCK_KE_10,HET_BLOCK_GE_10,HET_BLOCK,10.0,10.0,3.2019228288091734,0.0,3.2519228288091733,True
HET_BLOCK_bio,HET_BLOCK_GE_10,HET_BLOCK_EL_10,HET_BLOCK,10.0,10.0,1.1013174484526962,0.0,1.1513174484526962,True
HET_BLOCK_bio,HET_BLOCK_EL_10,HET_BLOCK_KL_10,HET_BLOCK,10.0,10.0,2.0357224717226496,0.0,2.0857224717226495,True
HET_BLOCK_bio,HET_BLOCK_KL_10,HET_BLOCK_EL_12,HET_BLOCK,10.0,12.0,1.430538472282554,2.0,1.4860315337258947,True
HET_BLOCK_bio,HET_BLOCK_EL_12,HET_BLOCK_KL_12,HET_BLOCK,12.0,12.0,0.9606653941842387,0.0,1.0106653941842387,True
HET_BLOCK_bio,HET_BLOCK_KL_12,HET_BLOCK_KE_12,HET_BLOCK,12.0,12.0,1.458792544273618,0.0,1.508792544273618,True
HET_BLOCK_bio,HET_BLOCK_KE_12,HET_BLOCK_GE_12,HET_BLOCK,12.0,12.0,3.2073819397896557,0.0,3.2573819397896555,True
HET_BLOCK_bio,HET_BLOCK_GE_12,HET_BLOCK_GE_15,HET_BLOCK,12.0,15.0,1.629252248609376,3.0,1.6861837204149754,True
HET_BLOCK_bio,HET_BLOCK_GE_15,HET_BLOCK_EL_15,HET_BLOCK,15.0,15.0,2.6251880097369282,0.0,2.675188009736928,True
HET_BLOCK_bio,HET_BLOCK_EL_15,HET_BLOCK_KE_15,HET_BLOCK,15.0,15.0,1.8881014604719333,0.0,1.9381014604719333,True
HET_BLOCK_bio,HET_BLOCK_KE_15,HET_BLOCK_KL_15,HET_BLOCK,15.0,15.0,2.5279485955295784,0.0,2.5779485955295782,True
HET_BLOCK_bio,HET_BLOCK_KL_15,HET_BLOCK_KE_18,HET_BLOCK,15.0,18.0,3.9769985462798796,3.0,4.033930018085479,True
HET_BLOCK_bio,HET_BLOCK_KE_18,HET_BLOCK_GE_18,HET_BLOCK,18.0,18.0,2.2152317702167097,0.0,2.2652317702167095,True
HET_BLOCK_bio,HET_BLOCK_GE_18,HET_BLOCK_KL_18,HET_BLOCK,18.0,18.0,0.9852260284679967,0.0,1.0352260284679966,True
HET_BLOCK_bio,HET_BLOCK_KL_18,HET_BLOCK_EL_18,HET_BLOCK,18.0,18.0,2.2278360071496497,0.0,2.2778360071496495,True
HET_BLOCK_bio,HET_BLOCK_EL_18,HET_BLOCK_GE_20,HET_BLOCK,18.0,20.0,1.308723275963612,2.0,1.3642163374069527,True
HET_BLOCK_bio,HET_BLOCK_GE_20,HET_BLOCK_EL_20,HET_BLOCK,20.0,20.0,1.9873598758375535,0.0,2.0373598758375535,True
HET_BLOCK_bio,HET_BLOCK_EL_20,HET_BLOCK_KL_20,HET_BLOCK,20.0,20.0,2.000047606887792,0.0,2.0500476068877918,True
HET_BLOCK_bio,HET_BLOCK_KL_20,HET_BLOCK_KE_20,HET_BLOCK,20.0,20.0,1.5491466358172667,0.0,1.5991466358172668,True
HET_BLOCK_bio,HET_BLOCK_KE_20,HET_BLOCK_KE_25,HET_BLOCK,20.0,25.0,2.69284786553959,5.0,2.7518066628857305,True
HET_BLOCK_bio,HET_BLOCK_KE_25,HET_BLOCK_GE_25,HET_BLOCK,25.0,25.0,2.693153938448941,0.0,2.7431539384489407,True
HET_BLOCK_bio,HET_BLOCK_GE_25,HET_BLOCK_EL_25,HET_BLOCK,25.0,25.0,2.0532497737983575,0.0,2.1032497737983573,True
HET_BLOCK_bio,HET_BLOCK_EL_25,HET_BLOCK_KL_25,HET_BLOCK,25.0,25.0,4.056834252630387,0.0,4.106834252630387,True
HET_ALT_bio,HET_ALT_EL_2,HET_ALT_GS_2,HET_ALT,2.0,2.0,1.0391507895592123,0.0,1.0891507895592123,True
HET_ALT_bio,HET_ALT_GS_2,HET_ALT_KE_2,HET_ALT,2.0,2.0,2.5544778520690996,0.0,2.6044778520690994,True
HET_ALT_bio,HET_ALT_KE_2,HET_ALT_KL_2,HET_ALT,2.0,2.0,3.705894588192332,0.0,3.755894588192332,True
HET_ALT_bio,HET_ALT_KL_2,HET_ALT_GS_3,HET_ALT,2.0,3.0,1.4768369741678082,1.0,1.530302710070608,True
HET_ALT_bio,HET_ALT_GS_3,HET_ALT_KE_3,HET_ALT,3.0,3.0,2.1301696122341496,0.0,2.1801696122341494,True
HET_ALT_bio,HET_ALT_KE_3,HET_ALT_KL_3,HET_ALT,3.0,3.0,1.413929772618214,0.0,1.463929772618214,True
HET_ALT_bio,HET_ALT_KL_3,HET_ALT_EL_3,HET_ALT,3.0,3.0,2.0485688730938163,0.0,2.098568873093816,True
HET_ALT_bio,HET_ALT_EL_3,HET_ALT_KL_4,HET_ALT,3.0,4.0,1.9130650713731048,1.0,1.9665308072759045,True
HET_ALT_bio,HET_ALT_KL_4,HET_ALT_KE_4,HET_ALT,4.0,4.0,1.3332288504079028,0.0,1.3832288504079029,True
HET_ALT_bio,HET_ALT_KE_4,HET_ALT_EL_4,HET_ALT,4.0,4.0,1.8789908599318845,0.0,1.9289908599318846,True
HET_ALT_bio,HET_ALT_EL_4,HET_ALT_GS_4,HET_ALT,4.0,4.0,0.8606004735923902,0.0,0.9106004735923903,True
HET_ALT_bio,HET_ALT_GS_4,HET_ALT_GS_5,HET_ALT,4.0,5.0,1.2310582737652198,1.0,1.2845240096680195,True
HET_ALT_bio,HET_ALT_GS_5,HET_ALT_EL_5,HET_ALT,5.0,5.0,1.2404261990040695,0.0,1.2904261990040695,True
HET_ALT_bio,HET_ALT_EL_5,HET_ALT_KE_5,HET_ALT,5.0,5.0,3.1429656053711055,0.0,3.1929656053711053,True
HET_ALT_bio,HET_ALT_KE_5,HET_ALT_KL_5,HET_ALT,5.0,5.0,2.5696141343533943,0.0,2.619614134353394,True
HET_ALT_bio,HET_ALT_KL_5,HET_ALT_KL_6,HET_ALT,5.0,6.0,2.1949459431570015,1.0,2.248411679059801,True
HET_ALT_bio,HET_ALT_KL_6,HET_ALT_KE_6,HET_ALT,6.0,6.0,0.7598190278993996,0.0,0.8098190278993996,True
HET_ALT_bio,HET_ALT_KE_6,HET_ALT_EL_6,HET_ALT,6.0,6.0,1.182408444585298,0.0,1.232408444585298,True
HET_ALT_bio,HET_ALT_EL_6,HET_ALT_GS_6,HET_ALT,6.0,6.0,2.8421186257014637,0.0,2.8921186257014635,True
HET_ALT_bio,HET_ALT_GS_6,HET_ALT_GS_8,HET_ALT,6.0,8.0,2.0383716780212464,2.0,2.093864739464587,True
HET_ALT_bio,HET_ALT_GS_8,HET_ALT_EL_8,HET_ALT,8.0,8.0,0.9041322694651508,0.0,0.9541322694651508,True
HET_ALT_bio,HET_ALT_EL_8,HET_ALT_KL_8,HET_ALT,8.0,8.0,1.642355371547209,0.0,1.692355371547209,True
HET_ALT_bio,HET_ALT_KL_8,HET_ALT_KE_8,HET_ALT,8.0,8.0,0.8950697114130399,0.0,0.94506971141304,True
HET_ALT_bio,HET_ALT_KE_8,HET_ALT_KE_10,HET_ALT,8.0,10.0,1.3720474206014972,2.0,1.4275404820448379,True
HET_ALT_bio,HET_ALT_KE_10,HET_ALT_KL_10,HET_ALT,10.0,10.0,2.1532767012731506,0.0,2.2032767012731505,True
HET_ALT_bio,HET_ALT_KL_10,HET_ALT_EL_10,HET_ALT,10.0,10.0,1.3941173556999762,0.0,1.4441173556999762,True
HET_ALT_bio,HET_ALT_EL_10,HET_ALT_GS_10,HET_ALT,10.0,10.0,2.6961731288036734,0.0,2.7461731288036733,True
HET_ALT_bio,HET_ALT_GS_10,HET_ALT_KL_12,HET_ALT,10.0,12.0,1.3404528425688012,2.0,1.3959459040121418,True
HET_ALT_bio,HET_ALT_KL_12,HET_ALT_KE_12,HET_ALT,12.0,12.0,2.2723250204162673,0.0,2.322325020416267,True
HET_ALT_bio,HET_ALT_KE_12,HET_ALT_GS_12,HET_ALT,12.0,12.0,2.78870720927168,0.0,2.83870720927168,True
HET_ALT_bio,HET_ALT_GS_12,HET_ALT_EL_12,HET_ALT,12.0,12.0,1.2672307041521995,0.0,1.3172307041521996,True
HET_ALT_bio,HET_ALT_EL_12,HET_ALT_KL_15,HET_ALT,12.0,15.0,1.2862314528298406,3.0,1.3431629246354402,True
HET_ALT_bio,HET_ALT_KL_15,HET_ALT_KE_15,HET_ALT,15.0,15.0,0.6162945942149595,0.0,0.6662945942149595,True
HET_ALT_bio,HET_ALT_KE_15,HET_ALT_GS_15,HET_ALT,15.0,15.0,2.2947081712459876,0.0,2.3447081712459874,True
HET_ALT_bio,HET_ALT_GS_15,HET_ALT_EL_15,HET_ALT,15.0,15.0,2.3372026253120914,0.0,2.3872026253120913,True
HET_ALT_bio,HET_ALT_EL_15,HET_ALT_EL_18,HET_ALT,15.0,18.0,2.324465769979485,3.0,2.381397241785084,True
HET_ALT_bio,HET_ALT_EL_18,HET_ALT_KL_18,HET_ALT,18.0,18.0,1.5641720976913334,0.0,1.6141720976913334,True
HET_ALT_bio,HET_ALT_KL_18,HET_ALT_KE_18,HET_ALT,18.0,18.0,1.6464772038685533,0.0,1.6964772038685534,True
HET_ALT_bio,HET_ALT_KE_18,HET_ALT_GS_18,HET_ALT,18.0,18.0,1.671698199408362,0.0,1.721698199408362,True
HET_ALT_bio,HET_ALT_GS_18,HET_ALT_EL_20,HET_ALT,18.0,20.0,2.7025554308491135,2.0,2.758048492292454,True
HET_ALT_bio,HET_ALT_EL_20,HET_ALT_KE_20,HET_ALT,20.0,20.0,2.5122975479921883,0.0,2.562297547992188,True
HET_ALT_bio,HET_ALT_KE_20,HET_ALT_KL_20,HET_ALT,20.0,20.0,1.4744188794096176,0.0,1.5244188794096176,True
HET_ALT_bio,HET_ALT_KL_20,HET_ALT_GS_20,HET_ALT,20.0,20.0,1.6438456494880862,0.0,1.6938456494880862,True
HET_ALT_bio,HET_ALT_GS_20,HET_ALT_KE_25,HET_ALT,20.0,25.0,2.482773808149914,5.0,2.5417326054960543,True
HET_ALT_bio,HET_ALT_KE_25,HET_ALT_GS_25,HET_ALT,25.0,25.0,3.136317106367325,0.0,3.186317106367325,True
HET_ALT_bio,HET_ALT_GS_25,HET_ALT_EL_25,HET_ALT,25.0,25.0,2.3368835236181273,0.0,2.386883523618127,True
HET_ALT_bio,HET_ALT_EL_25,HET_ALT_KL_25,HET_ALT,25.0,25.0,1.5107546216830736,0.0,1.5607546216830737,True
HET_COMP_bio,HET_COMP_K0_L10_10,HET_COMP_K10_L0_10,HET_COMP,10.0,10.0,2.2301693356399603,0.0,2.28016933563996,True
HET_COMP_bio,HET_COMP_K10_L0_10,HET_COMP_K2_L8_10,HET_COMP,10.0,10.0,2.5193705028899385,0.0,2.5693705028899383,True
HET_COMP_bio,HET_COMP_K2_L8_10,HET_COMP_K4_L6_10,HET_COMP,10.0,10.0,1.8120802891149805,0.0,1.8620802891149806,True
HET_COMP_bio,HET_COMP_K4_L6_10,HET_COMP_K6_L4_10,HET_COMP,10.0,10.0,2.4162476103044748,0.0,2.4662476103044746,True
HET_COMP_bio,HET_COMP_K6_L4_10,HET_COMP_K8_L2_10,HET_COMP,10.0,10.0,1.8397998921478558,0.0,1.8897998921478558,True
HET_COMP_bio,HET_COMP_K8_L2_10,HET_COMP_K2_L8_30,HET_COMP,10.0,30.0,1.6061943417881948,20.0,1.671416953976812,True
HET_COMP_bio,HET_COMP_K2_L8_30,HET_COMP_K0_L10_30,HET_COMP,30.0,30.0,1.9045940472975627,0.0,1.9545940472975627,True
HET_COMP_bio,HET_COMP_K0_L10_30,HET_COMP_K6_L4_30,HET_COMP,30.0,30.0,1.7466511165913092,0.0,1.7966511165913093,True
HET_COMP_bio,HET_COMP_K6_L4_30,HET_COMP_K4_L6_30,HET_COMP,30.0,30.0,1.5149164961663055,0.0,1.5649164961663056,True
HET_COMP_bio,HET_COMP_K4_L6_30,HET_COMP_K10_L0_30,HET_COMP,30.0,30.0,7.505462816776259,0.0,7.5554628167762585,True
HET_COMP_bio,HET_COMP_K10_L0_30,HET_COMP_K8_L2_30,HET_COMP,30.0,30.0,6.241210451496802,0.0,6.291210451496802,True
HET_COMP_bio,HET_COMP_K8_L2_30,HET_COMP_K10_L0_50,HET_COMP,30.0,50.0,8.239416128194362,20.0,8.30463874038298,True
HET_COMP_bio,HET_COMP_K10_L0_50,HET_COMP_K2_L8_50,HET_COMP,50.0,50.0,7.414115121120732,0.0,7.464115121120732,True
HET_COMP_bio,HET_COMP_K2_L8_50,HET_COMP_K4_L6_50,HET_COMP,50.0,50.0,2.2118524539816953,0.0,2.261852453981695,True
HET_COMP_bio,HET_COMP_K4_L6_50,HET_COMP_K0_L10_50,HET_COMP,50.0,50.0,1.6878005560300333,0.0,1.7378005560300334,True
HET_COMP_bio,HET_COMP_K0_L10_50,HET_COMP_K6_L4_50,HET_COMP,50.0,50.0,2.8758475283840172,0.0,2.925847528384017,True
HET_COMP_bio,HET_COMP_K6_L4_50,HET_COMP_K8_L2_50,HET_COMP,50.0,50.0,1.4561055291205969,0.0,1.506105529120597,True
HET_IDP_bio,HET_IDP_ASYN_1,HET_IDP_ASYN_2,HET_IDP,1.0,2.0,3.820621272185586,1.0,3.924087008088386,True
HET_IDP_bio,HET_IDP_ASYN_2,HET_IDP_CPEB4_2,HET_IDP,2.0,2.0,2.450731356036333,0.0,2.550731356036333,True
HET_IDP_bio,HET_IDP_CPEB4_2,HET_IDP_DDX4_2,HET_IDP,2.0,2.0,1.8308257197005833,0.0,1.9308257197005834,True
HET_IDP_bio,HET_IDP_DDX4_2,HET_IDP_FUS_2,HET_IDP,2.0,2.0,2.0591874405284325,0.0,2.1591874405284326,True
HET_IDP_bio,HET_IDP_FUS_2,HET_IDP_LAF1_2,HET_IDP,2.0,2.0,2.5232894069636598,0.0,2.62328940696366,True
HET_IDP_bio,HET_IDP_LAF1_2,HET_IDP_EWSR1_2,HET_IDP,2.0,2.0,1.7359105786641529,0.0,1.835910578664153,True
HET_IDP_bio,HET_IDP_EWSR1_2,HET_IDP_PABPN1_2,HET_IDP,2.0,2.0,3.9135688034604903,0.0,4.01356880346049,True
HET_IDP_bio,HET_IDP_PABPN1_2,HET_IDP_RGG_2,HET_IDP,2.0,2.0,2.600560784717398,0.0,2.700560784717398,True
HET_IDP_bio,HET_IDP_RGG_2,HET_IDP_TAU_2,HET_IDP,2.0,2.0,1.9560315683540697,0.0,2.0560315683540695,True
HET_IDP_bio,HET_IDP_TAU_2,HET_IDP_QN_2,HET_IDP,2.0,2.0,1.768724009198411,0.0,1.8687240091984112,True
HET_IDP_bio,HET_IDP_QN_2,HET_IDP_FUS_3,HET_IDP,2.0,3.0,2.2427696178605196,1.0,2.3462353537633196,True
HET_IDP_bio,HET_IDP_FUS_3,HET_IDP_EWSR1_3,HET_IDP,3.0,3.0,2.415760743250101,0.0,2.5157607432501012,True
HET_IDP_bio,HET_IDP_EWSR1_3,HET_IDP_DDX4_3,HET_IDP,3.0,3.0,1.5491022341215344,0.0,1.6491022341215344,True
HET_IDP_bio,HET_IDP_DDX4_3,HET_IDP_ASYN_3,HET_IDP,3.0,3.0,1.7229798468138815,0.0,1.8229798468138816,True
HET_IDP_bio,HET_IDP_ASYN_3,HET_IDP_CPEB4_3,HET_IDP,3.0,3.0,2.60990963863609,0.0,2.70990963863609,True
HET_IDP_bio,HET_IDP_CPEB4_3,HET_IDP_LAF1_3,HET_IDP,3.0,3.0,2.099138249095294,0.0,2.199138249095294,True
HET_IDP_bio,HET_IDP_LAF1_3,HET_IDP_PABPN1_3,HET_IDP,3.0,3.0,2.746243507743321,0.0,2.846243507743321,True
HET_IDP_bio,HET_IDP_PABPN1_3,HET_IDP_RGG_3,HET_IDP,3.0,3.0,1.868295836135473,0.0,1.968295836135473,True
HET_IDP_bio,HET_IDP_RGG_3,HET_IDP_QN_3,HET_IDP,3.0,3.0,2.4822652161299033,0.0,2.5822652161299033,True
HET_IDP_bio,HET_IDP_QN_3,HET_IDP_TAU_3,HET_IDP,3.0,3.0,2.7107341686662907,0.0,2.8107341686662908,True
HET_IDP_bio,HET_IDP_TAU_3,HET_IDP_TAU_4,HET_IDP,3.0,4.0,1.7167755694648414,1.0,1.8202413053676412,True
HET_IDP_bio,HET_IDP_TAU_4,HET_IDP_QN_4,HET_IDP,4.0,4.0,1.5087629975485788,0.0,1.6087629975485789,True
HET_IDP_bio,HET_IDP_QN_4,HET_IDP_RGG_4,HET_IDP,4.0,4.0,1.1947362370672772,0.0,1.2947362370672773,True
HET_IDP_bio,HET_IDP_RGG_4,HET_IDP_EWSR1_4,HET_IDP,4.0,4.0,3.130387189443269,0.0,3.230387189443269,True
HET_IDP_bio,HET_IDP_EWSR1_4,HET_IDP_DDX4_4,HET_IDP,4.0,4.0,2.836027181910631,0.0,2.936027181910631,True
HET_IDP_bio,HET_IDP_DDX4_4,HET_IDP_LAF1_4,HET_IDP,4.0,4.0,0.8420096020771709,0.0,0.9420096020771709,True
HET_IDP_bio,HET_IDP_LAF1_4,HET_IDP_PABPN1_4,HET_IDP,4.0,4.0,1.9779727785443701,0.0,2.0779727785443702,True
HET_IDP_bio,HET_IDP_PABPN1_4,HET_IDP_CPEB4_4,HET_IDP,4.0,4.0,1.996512747011742,0.0,2.096512747011742,True
HET_IDP_bio,HET_IDP_CPEB4_4,HET_IDP_ASYN_4,HET_IDP,4.0,4.0,1.376707792886716,0.0,1.476707792886716,True
HET_IDP_bio,HET_IDP_ASYN_4,HET_IDP_FUS_4,HET_IDP,4.0,4.0,1.4398714050153563,0.0,1.5398714050153564,True
HET_IDP_bio,HET_IDP_FUS_4,HET_IDP_EWSR1_5,HET_IDP,4.0,5.0,1.1327896826354704,1.0,1.2362554185382701,True
HET_IDP_bio,HET_IDP_EWSR1_5,HET_IDP_PABPN1_5,HET_IDP,5.0,5.0,1.0140796240177392,0.0,1.1140796240177393,True
HET_IDP_bio,HET_IDP_PABPN1_5,HET_IDP_QN_5,HET_IDP,5.0,5.0,1.414174307119608,0.0,1.514174307119608,True
HET_IDP_bio,HET_IDP_QN_5,HET_IDP_DDX4_5,HET_IDP,5.0,5.0,1.2559276003716258,0.0,1.3559276003716259,True
HET_IDP_bio,HET_IDP_DDX4_5,HET_IDP_CPEB4_5,HET_IDP,5.0,5.0,1.2261255684194077,0.0,1.3261255684194078,True
HET_IDP_bio,HET_IDP_CPEB4_5,HET_IDP_ASYN_5,HET_IDP,5.0,5.0,3.02911842836731,0.0,3.12911842836731,True
HET_IDP_bio,HET_IDP_ASYN_5,HET_IDP_FUS_5,HET_IDP,5.0,5.0,1.969058071131094,0.0,2.069058071131094,True
HET_IDP_bio,HET_IDP_FUS_5,HET_IDP_RGG_5,HET_IDP,5.0,5.0,0.6254505304576066,0.0,0.7254505304576065,True
HET_IDP_bio,HET_IDP_RGG_5,HET_IDP_TAU_5,HET_IDP,5.0,5.0,2.73437182326237,0.0,2.8343718232623702,True
HET_IDP_bio,HET_IDP_TAU_5,HET_IDP_LAF1_5,HET_IDP,5.0,5.0,3.797840884201686,0.0,3.897840884201686,True
HET_IDP_bio,HET_IDP_LAF1_5,HET_IDP_TAU_6,HET_IDP,5.0,6.0,1.6013035734738703,1.0,1.70476930937667,True
HET_IDP_bio,HET_IDP_TAU_6,HET_IDP_LAF1_6,HET_IDP,6.0,6.0,1.0016525920818007,0.0,1.1016525920818008,True
HET_IDP_bio,HET_IDP_LAF1_6,HET_IDP_PABPN1_6,HET_IDP,6.0,6.0,1.3796059515729235,0.0,1.4796059515729236,True
HET_IDP_bio,HET_IDP_PABPN1_6,HET_IDP_QN_6,HET_IDP,6.0,6.0,1.0941291309879884,0.0,1.1941291309879885,True
HET_IDP_bio,HET_IDP_QN_6,HET_IDP_RGG_6,HET_IDP,6.0,6.0,0.726939776346546,0.0,0.826939776346546,True
HET_IDP_bio,HET_IDP_RGG_6,HET_IDP_EWSR1_6,HET_IDP,6.0,6.0,2.774948653550258,0.0,2.874948653550258,True
HET_IDP_bio,HET_IDP_EWSR1_6,HET_IDP_FUS_6,HET_IDP,6.0,6.0,2.274035480179962,0.0,2.374035480179962,True
HET_IDP_bio,HET_IDP_FUS_6,HET_IDP_DDX4_6,HET_IDP,6.0,6.0,1.0590683054315828,0.0,1.159068305431583,True
HET_IDP_bio,HET_IDP_DDX4_6,HET_IDP_CPEB4_6,HET_IDP,6.0,6.0,2.2259765035710024,0.0,2.3259765035710025,True
HET_IDP_bio,HET_IDP_CPEB4_6,HET_IDP_ASYN_6,HET_IDP,6.0,6.0,3.8623352921371414,0.0,3.9623352921371415,True
HET_IDP_bio,HET_IDP_ASYN_6,HET_IDP_ASYN_7,HET_IDP,6.0,7.0,3.6423627338191777,1.0,3.7458284697219777,True
HET_IDP_bio,HET_IDP_ASYN_7,HET_IDP_PABPN1_8,HET_IDP,7.0,8.0,1.9661105670425092,1.0,2.069576302945309,True
HET_IDP_bio,HET_IDP_PABPN1_8,HET_IDP_LAF1_8,HET_IDP,8.0,8.0,1.1600036285917346,0.0,1.2600036285917346,True
HET_IDP_bio,HET_IDP_LAF1_8,HET_IDP_RGG_8,HET_IDP,8.0,8.0,1.0996641408390184,0.0,1.1996641408390185,True
HET_IDP_bio,HET_IDP_RGG_8,HET_IDP_QN_8,HET_IDP,8.0,8.0,1.1396535471475924,0.0,1.2396535471475925,True
HET_IDP_bio,HET_IDP_QN_8,HET_IDP_EWSR1_8,HET_IDP,8.0,8.0,2.027810098190817,0.0,2.127810098190817,True
HET_IDP_bio,HET_IDP_EWSR1_8,HET_IDP_ASYN_8,HET_IDP,8.0,8.0,1.6432733874615306,0.0,1.7432733874615307,True
HET_IDP_bio,HET_IDP_ASYN_8,HET_IDP_FUS_8,HET_IDP,8.0,8.0,2.3253802078357144,0.0,2.4253802078357145,True
HET_IDP_bio,HET_IDP_FUS_8,HET_IDP_TAU_8,HET_IDP,8.0,8.0,2.063877923712095,0.0,2.163877923712095,True
HET_IDP_bio,HET_IDP_TAU_8,HET_IDP_CPEB4_8,HET_IDP,8.0,8.0,2.5447760963430204,0.0,2.6447760963430205,True
HET_IDP_bio,HET_IDP_CPEB4_8,HET_IDP_DDX4_8,HET_IDP,8.0,8.0,1.261620942803128,0.0,1.361620942803128,True
HET_IDP_bio,HET_IDP_DDX4_8,HET_IDP_ASYN_9,HET_IDP,8.0,9.0,2.905203055208959,1.0,3.008668791111759,True
HET_IDP_bio,HET_IDP_ASYN_9,HET_IDP_FUS_10,HET_IDP,9.0,10.0,2.739707282236066,1.0,2.843173018138866,True
HET_IDP_bio,HET_IDP_FUS_10,HET_IDP_TAU_10,HET_IDP,10.0,10.0,3.152718289079939,0.0,3.252718289079939,True
HET_IDP_bio,HET_IDP_TAU_10,HET_IDP_ASYN_10,HET_IDP,10.0,10.0,1.982007228191609,0.0,2.082007228191609,True
HET_IDP_bio,HET_IDP_ASYN_10,HET_IDP_LAF1_10,HET_IDP,10.0,10.0,2.727892253519151,0.0,2.8278922535191513,True
HET_IDP_bio,HET_IDP_LAF1_10,HET_IDP_DDX4_10,HET_IDP,10.0,10.0,1.4846576114150853,0.0,1.5846576114150854,True
HET_IDP_bio,HET_IDP_DDX4_10,HET_IDP_CPEB4_10,HET_IDP,10.0,10.0,2.3151781773415845,0.0,2.4151781773415846,True
HET_IDP_bio,HET_IDP_CPEB4_10,HET_IDP_QN_10,HET_IDP,10.0,10.0,2.9432069573570363,0.0,3.0432069573570364,True
HET_IDP_bio,HET_IDP_QN_10,HET_IDP_PABPN1_10,HET_IDP,10.0,10.0,1.6308707015291302,0.0,1.7308707015291303,True
HET_IDP_bio,HET_IDP_PABPN1_10,HET_IDP_RGG_10,HET_IDP,10.0,10.0,0.975097168217339,0.0,1.0750971682173391,True
HET_IDP_bio,HET_IDP_RGG_10,HET_IDP_EWSR1_10,HET_IDP,10.0,10.0,1.9341391991101182,0.0,2.0341391991101183,True
HET_IDP_bio,HET_IDP_EWSR1_10,HET_IDP_QN_12,HET_IDP,10.0,12.0,1.8312375045325153,2.0,1.936730565975856,True
HET_IDP_bio,HET_IDP_QN_12,HET_IDP_PABPN1_12,HET_IDP,12.0,12.0,1.7148620374547021,0.0,1.8148620374547022,True
HET_IDP_bio,HET_IDP_PABPN1_12,HET_IDP_RGG_12,HET_IDP,12.0,12.0,1.3151849245674514,0.0,1.4151849245674515,True
HET_IDP_bio,HET_IDP_RGG_12,HET_IDP_TAU_12,HET_IDP,12.0,12.0,4.008359254661213,0.0,4.108359254661212,True
HET_IDP_bio,HET_IDP_TAU_12,HET_IDP_LAF1_12,HET_IDP,12.0,12.0,2.7189811520037477,0.0,2.8189811520037478,True
HET_IDP_bio,HET_IDP_LAF1_12,HET_IDP_DDX4_12,HET_IDP,12.0,12.0,1.3158209636309255,0.0,1.4158209636309256,True
HET_IDP_bio,HET_IDP_DDX4_12,HET_IDP_CPEB4_12,HET_IDP,12.0,12.0,1.2955535797425521,0.0,1.3955535797425522,True
HET_IDP_bio,HET_IDP_CPEB4_12,HET_IDP_FUS_12,HET_IDP,12.0,12.0,1.672479607728251,0.0,1.7724796077282512,True
HET_IDP_bio,HET_IDP_FUS_12,HET_IDP_EWSR1_12,HET_IDP,12.0,12.0,2.4892968293407276,0.0,2.5892968293407277,True
HET_IDP_bio,HET_IDP_EWSR1_12,HET_IDP_LAF1_15,HET_IDP,12.0,15.0,2.43639456120621,3.0,2.5433260330118093,True
HET_IDP_bio,HET_IDP_LAF1_15,HET_IDP_DDX4_15,HET_IDP,15.0,15.0,2.782254130914504,0.0,2.882254130914504,True
HET_IDP_bio,HET_IDP_DDX4_15,HET_IDP_CPEB4_15,HET_IDP,15.0,15.0,2.6454850244596053,0.0,2.7454850244596054,True
HET_IDP_bio,HET_IDP_CPEB4_15,HET_IDP_PABPN1_15,HET_IDP,15.0,15.0,3.981652507534876,0.0,4.0816525075348755,True
HET_IDP_bio,HET_IDP_PABPN1_15,HET_IDP_RGG_15,HET_IDP,15.0,15.0,3.4451324498845306,0.0,3.5451324498845307,True
HET_IDP_bio,HET_IDP_RGG_15,HET_IDP_QN_15,HET_IDP,15.0,15.0,1.7643942117023093,0.0,1.8643942117023093,True
HET_IDP_bio,HET_IDP_QN_15,HET_IDP_TAU_15,HET_IDP,15.0,15.0,6.218019657924585,0.0,6.318019657924585,True
HET_IDP_bio,HET_IDP_TAU_15,HET_IDP_FUS_15,HET_IDP,15.0,15.0,6.42261883374976,0.0,6.5226188337497595,True
HET_IDP_bio,HET_IDP_FUS_15,HET_IDP_EWSR1_15,HET_IDP,15.0,15.0,2.7112867848627342,0.0,2.8112867848627343,True
HET_IDP_bio,HET_IDP_EWSR1_15,HET_IDP_EWSR1_18,HET_IDP,15.0,18.0,2.570842013851247,3.0,2.6777734856568465,True
HET_IDP_bio,HET_IDP_EWSR1_18,HET_IDP_FUS_18,HET_IDP,18.0,18.0,3.75838953333515,0.0,3.85838953333515,True
HET_IDP_bio,HET_IDP_FUS_18,HET_IDP_LAF1_18,HET_IDP,18.0,18.0,3.029234100752406,0.0,3.1292341007524063,True
HET_IDP_bio,HET_IDP_LAF1_18,HET_IDP_DDX4_18,HET_IDP,18.0,18.0,1.7037227942610291,0.0,1.8037227942610292,True
HET_IDP_bio,HET_IDP_DDX4_18,HET_IDP_CPEB4_18,HET_IDP,18.0,18.0,2.359731443485243,0.0,2.4597314434852433,True
HET_IDP_bio,HET_IDP_CPEB4_18,HET_IDP_PABPN1_18,HET_IDP,18.0,18.0,3.8523479689305655,0.0,3.9523479689305656,True
HET_IDP_bio,HET_IDP_PABPN1_18,HET_IDP_RGG_18,HET_IDP,18.0,18.0,2.7826488485761045,0.0,2.8826488485761046,True
HET_IDP_bio,HET_IDP_RGG_18,HET_IDP_QN_18,HET_IDP,18.0,18.0,1.6380889923546122,0.0,1.7380889923546123,True
HET_IDP_bio,HET_IDP_QN_18,HET_IDP_TAU_18,HET_IDP,18.0,18.0,6.360068106357931,0.0,6.460068106357931,True
HET_IDP_bio,HET_IDP_TAU_18,HET_IDP_TAU_20,HET_IDP,18.0,20.0,2.7238206195836034,2.0,2.829313681026944,True
HET_IDP_bio,HET_IDP_TAU_20,HET_IDP_DDX4_20,HET_IDP,20.0,20.0,7.008063066257433,0.0,7.108063066257433,True
HET_IDP_bio,HET_IDP_DDX4_20,HET_IDP_FUS_20,HET_IDP,20.0,20.0,2.3266214695657226,0.0,2.4266214695657227,True
HET_IDP_bio,HET_IDP_FUS_20,HET_IDP_LAF1_20,HET_IDP,20.0,20.0,5.202685828671111,0.0,5.302685828671111,True
HET_IDP_bio,HET_IDP_LAF1_20,HET_IDP_CPEB4_20,HET_IDP,20.0,20.0,1.4107514070275242,0.0,1.5107514070275243,True
HET_IDP_bio,HET_IDP_CPEB4_20,HET_IDP_PABPN1_20,HET_IDP,20.0,20.0,3.3542675153150436,0.0,3.4542675153150437,True
HET_IDP_bio,HET_IDP_PABPN1_20,HET_IDP_RGG_20,HET_IDP,20.0,20.0,2.6473282886901823,0.0,2.7473282886901824,True
HET_IDP_bio,HET_IDP_RGG_20,HET_IDP_QN_20,HET_IDP,20.0,20.0,2.0600562400880253,0.0,2.1600562400880254,True
HET_IDP_bio,HET_IDP_QN_20,HET_IDP_EWSR1_20,HET_IDP,20.0,20.0,3.467988420110655,0.0,3.567988420110655,True
HET_IDP_bio,HET_IDP_EWSR1_20,HET_IDP_EWSR1_25,HET_IDP,20.0,25.0,4.208021253299622,5.0,4.316980050645761,True
HET_IDP_bio,HET_IDP_EWSR1_25,HET_IDP_CPEB4_25,HET_IDP,25.0,25.0,2.167724492897177,0.0,2.267724492897177,True
HET_IDP_bio,HET_IDP_CPEB4_25,HET_IDP_DDX4_25,HET_IDP,25.0,25.0,1.41330554587672,0.0,1.5133055458767202,True
HET_IDP_bio,HET_IDP_DDX4_25,HET_IDP_FUS_25,HET_IDP,25.0,25.0,4.8651521180838255,0.0,4.965152118083825,True
HET_IDP_bio,HET_IDP_FUS_25,HET_IDP_QN_25,HET_IDP,25.0,25.0,4.4586059684975945,0.0,4.558605968497594,True
HET_IDP_bio,HET_IDP_QN_25,HET_IDP_LAF1_25,HET_IDP,25.0,25.0,2.594617244591983,0.0,2.694617244591983,True
HET_IDP_bio,HET_IDP_LAF1_25,HET_IDP_PABPN1_25,HET_IDP,25.0,25.0,3.068268233831683,0.0,3.168268233831683,True
HET_IDP_bio,HET_IDP_PABPN1_25,HET_IDP_RGG_25,HET_IDP,25.0,25.0,3.7568384551070713,0.0,3.8568384551070714,True
HET_IDP_bio,HET_IDP_RGG_25,HET_IDP_TAU_25,HET_IDP,25.0,25.0,6.791010581245218,0.0,6.891010581245218,True
HET_KAPPA_bio,HET_KAPPA_0.0_20,HET_KAPPA_0.3_20,HET_KAPPA,20.0,20.0,3.033135270108409,0.0,3.133135270108409,True
HET_KAPPA_bio,HET_KAPPA_0.3_20,HET_KAPPA_0.5_20,HET_KAPPA,20.0,20.0,1.857139032968048,0.0,1.957139032968048,True
HET_KAPPA_bio,HET_KAPPA_0.5_20,HET_KAPPA_0.7_20,HET_KAPPA,20.0,20.0,3.6282678278878997,0.0,3.7282678278879,True
HET_KAPPA_bio,HET_KAPPA_0.7_20,HET_KAPPA_1.0_20,HET_KAPPA,20.0,20.0,3.6261911755675453,0.0,3.7261911755675454,True
HET_KAPPA_bio,HET_KAPPA_1.0_20,HET_KAPPA_0.9_40,HET_KAPPA,20.0,40.0,1.467662831243375,20.0,1.5828854434319923,True
HET_KAPPA_bio,HET_KAPPA_0.9_40,HET_KAPPA_0.3_40,HET_KAPPA,40.0,40.0,1.1622000811973994,0.0,1.2622000811973995,True
HET_KAPPA_bio,HET_KAPPA_0.3_40,HET_KAPPA_0.0_40,HET_KAPPA,40.0,40.0,2.077202488481022,0.0,2.177202488481022,True
HET_KAPPA_bio,HET_KAPPA_0.0_40,HET_KAPPA_1.0_40,HET_KAPPA,40.0,40.0,3.2608787948573528,0.0,3.360878794857353,True
HET_KAPPA_bio,HET_KAPPA_1.0_40,HET_KAPPA_0.6_40,HET_KAPPA,40.0,40.0,0.8968312163121696,0.0,0.9968312163121695,True
HET_KAPPA_bio,HET_KAPPA_0.6_40,HET_KAPPA_0.0_60,HET_KAPPA,40.0,60.0,3.21655457166471,20.0,3.3317771838533274,True
HET_KAPPA_bio,HET_KAPPA_0.0_60,HET_KAPPA_0.3_60,HET_KAPPA,60.0,60.0,2.742978939090577,0.0,2.8429789390905773,True
HET_KAPPA_bio,HET_KAPPA_0.3_60,HET_KAPPA_0.5_60,HET_KAPPA,60.0,60.0,2.6606391895995865,0.0,2.7606391895995865,True
HET_KAPPA_bio,HET_KAPPA_0.5_60,HET_KAPPA_0.7_60,HET_KAPPA,60.0,60.0,2.171491482200526,0.0,2.271491482200526,True
HET_KAPPA_bio,HET_KAPPA_0.7_60,HET_KAPPA_1.0_60,HET_KAPPA,60.0,60.0,0.6456216726808998,0.0,0.7456216726808997,True
HET_BLOCK_to_HET_ALT,HET_BLOCK_EL_10,HET_ALT_EL_10,HET_BLOCK_to_HET_ALT,10.0,10.0,3.6274489948071342,0.0,3.7274489948071343,True
HET_BLOCK_to_HET_ALT,HET_BLOCK_EL_10,HET_ALT_EL_12,HET_BLOCK_to_HET_ALT,10.0,12.0,1.8064797859177553,2.0,1.911972847361096,True
HET_BLOCK_to_HET_ALT,HET_BLOCK_EL_10,HET_ALT_EL_15,HET_BLOCK_to_HET_ALT,10.0,15.0,0.8192769201287422,5.0,0.9282357174748824,True
HET_BLOCK_to_HET_ALT,HET_BLOCK_EL_10,HET_ALT_EL_18,HET_BLOCK_to_HET_ALT,10.0,18.0,2.4629359955219035,8.0,2.5739221184085848,True
HET_BLOCK_to_HET_ALT,HET_BLOCK_EL_10,HET_ALT_EL_2,HET_BLOCK_to_HET_ALT,10.0,2.0,4.665661625548027,8.0,4.776647748434708,True
HET_BLOCK_to_HET_ALT,HET_BLOCK_EL_10,HET_ALT_EL_20,HET_BLOCK_to_HET_ALT,10.0,20.0,3.673552966960814,10.0,3.785542443324806,True
HET_BLOCK_to_HET_ALT,HET_BLOCK_EL_10,HET_ALT_EL_25,HET_BLOCK_to_HET_ALT,10.0,25.0,2.184809127658991,15.0,2.29867207127019,True
HET_BLOCK_to_HET_ALT,HET_BLOCK_EL_10,HET_ALT_EL_3,HET_BLOCK_to_HET_ALT,10.0,3.0,3.177363369937081,7.0,3.2877605776454804,True
HET_BLOCK_to_HET_ALT,HET_BLOCK_EL_10,HET_ALT_EL_4,HET_BLOCK_to_HET_ALT,10.0,4.0,2.8490973313380614,6.0,2.958826882083338,True
HET_BLOCK_to_HET_ALT,HET_BLOCK_EL_10,HET_ALT_EL_5,HET_BLOCK_to_HET_ALT,10.0,5.0,1.8230127519711894,5.0,1.9319715493173297,True
HET_BLOCK_to_HET_ALT,HET_BLOCK_EL_12,HET_ALT_EL_10,HET_BLOCK_to_HET_ALT,12.0,10.0,2.704268881227137,2.0,2.8097619426704776,True
HET_BLOCK_to_HET_ALT,HET_BLOCK_EL_12,HET_ALT_EL_12,HET_BLOCK_to_HET_ALT,12.0,12.0,0.8852924829147729,0.0,0.9852924829147729,True
HET_BLOCK_to_HET_ALT,HET_BLOCK_EL_12,HET_ALT_EL_15,HET_BLOCK_to_HET_ALT,12.0,15.0,1.525226627621468,3.0,1.6321580994270677,True
HET_BLOCK_to_HET_ALT,HET_BLOCK_EL_12,HET_ALT_EL_18,HET_BLOCK_to_HET_ALT,12.0,18.0,1.7909203502915607,6.0,1.9006499010368374,True
HET_BLOCK_to_HET_ALT,HET_BLOCK_EL_12,HET_ALT_EL_2,HET_BLOCK_to_HET_ALT,12.0,2.0,4.670464122343547,10.0,4.782453598707538,True
HET_BLOCK_to_HET_ALT,HET_BLOCK_EL_12,HET_ALT_EL_20,HET_BLOCK_to_HET_ALT,12.0,20.0,2.7602657315422334,8.0,2.8712518544289147,True
HET_BLOCK_to_HET_ALT,HET_BLOCK_EL_12,HET_ALT_EL_25,HET_BLOCK_to_HET_ALT,12.0,25.0,1.8713391788296292,13.0,1.9845344654777055,True
HET_BLOCK_to_HET_ALT,HET_BLOCK_EL_12,HET_ALT_EL_3,HET_BLOCK_to_HET_ALT,12.0,3.0,3.448980765484293,9.0,3.5604936909492633,True
HET_BLOCK_to_HET_ALT,HET_BLOCK_EL_12,HET_ALT_EL_4,HET_BLOCK_to_HET_ALT,12.0,4.0,2.30187946175935,8.0,2.412865584646031,True
HET_BLOCK_to_HET_ALT,HET_BLOCK_EL_12,HET_ALT_EL_5,HET_BLOCK_to_HET_ALT,12.0,5.0,2.0047385667096362,7.0,2.1151357744180355,True
HET_BLOCK_to_HET_ALT,HET_BLOCK_EL_15,HET_ALT_EL_10,HET_BLOCK_to_HET_ALT,15.0,10.0,1.363765670467583,5.0,1.4727244678137232,True
HET_BLOCK_to_HET_ALT,HET_BLOCK_EL_15,HET_ALT_EL_12,HET_BLOCK_to_HET_ALT,15.0,12.0,1.9054045128908008,3.0,2.0123359846964,True
HET_BLOCK_to_HET_ALT,HET_BLOCK_EL_15,HET_ALT_EL_15,HET_BLOCK_to_HET_ALT,15.0,15.0,3.236418665095153,0.0,3.3364186650951533,True
HET_BLOCK_to_HET_ALT,HET_BLOCK_EL_15,HET_ALT_EL_18,HET_BLOCK_to_HET_ALT,15.0,18.0,1.3594119545193362,3.0,1.4663434263249358,True
HET_BLOCK_to_HET_ALT,HET_BLOCK_EL_15,HET_ALT_EL_2,HET_BLOCK_to_HET_ALT,15.0,2.0,5.2115878717725215,13.0,5.324783158420598,True
HET_BLOCK_to_HET_ALT,HET_BLOCK_EL_15,HET_ALT_EL_20,HET_BLOCK_to_HET_ALT,15.0,20.0,0.9981770931407633,5.0,1.1071358904869038,True
HET_BLOCK_to_HET_ALT,HET_BLOCK_EL_15,HET_ALT_EL_25,HET_BLOCK_to_HET_ALT,15.0,25.0,2.287258892915027,10.0,2.399248369279019,True
HET_BLOCK_to_HET_ALT,HET_BLOCK_EL_15,HET_ALT_EL_3,HET_BLOCK_to_HET_ALT,15.0,3.0,4.284089464920845,12.0,4.396914211708152,True
HET_BLOCK_to_HET_ALT,HET_BLOCK_EL_15,HET_ALT_EL_4,HET_BLOCK_to_HET_ALT,15.0,4.0,2.504298947519158,11.0,2.616723480768098,True
HET_BLOCK_to_HET_ALT,HET_BLOCK_EL_15,HET_ALT_EL_5,HET_BLOCK_to_HET_ALT,15.0,5.0,3.049953436389859,10.0,3.161942912753851,True
HET_BLOCK_to_HET_ALT,HET_BLOCK_EL_18,HET_ALT_EL_10,HET_BLOCK_to_HET_ALT,18.0,10.0,3.0310108149639206,8.0,3.141996937850602,True
HET_BLOCK_to_HET_ALT,HET_BLOCK_EL_18,HET_ALT_EL_12,HET_BLOCK_to_HET_ALT,18.0,12.0,2.4693797853700277,6.0,2.5791093361153044,True
HET_BLOCK_to_HET_ALT,HET_BLOCK_EL_18,HET_ALT_EL_15,HET_BLOCK_to_HET_ALT,18.0,15.0,2.9975115299053705,3.0,3.10444300171097,True
HET_BLOCK_to_HET_ALT,HET_BLOCK_EL_18,HET_ALT_EL_18,HET_BLOCK_to_HET_ALT,18.0,18.0,2.126232498170281,0.0,2.226232498170281,True
HET_BLOCK_to_HET_ALT,HET_BLOCK_EL_18,HET_ALT_EL_2,HET_BLOCK_to_HET_ALT,18.0,2.0,5.4752002671550795,16.0,5.58936633387536,True
HET_BLOCK_to_HET_ALT,HET_BLOCK_EL_18,HET_ALT_EL_20,HET_BLOCK_to_HET_ALT,18.0,20.0,2.127460125279849,2.0,2.2329531867231895,True
HET_BLOCK_to_HET_ALT,HET_BLOCK_EL_18,HET_ALT_EL_25,HET_BLOCK_to_HET_ALT,18.0,25.0,2.0088747529827633,7.0,2.1192719606911625,True
HET_BLOCK_to_HET_ALT,HET_BLOCK_EL_18,HET_ALT_EL_3,HET_BLOCK_to_HET_ALT,18.0,3.0,4.11286811629953,15.0,4.226731059910728,True
HET_BLOCK_to_HET_ALT,HET_BLOCK_EL_18,HET_ALT_EL_4,HET_BLOCK_to_HET_ALT,18.0,4.0,3.223124821286546,14.0,3.336665072292057,True
HET_BLOCK_to_HET_ALT,HET_BLOCK_EL_18,HET_ALT_EL_5,HET_BLOCK_to_HET_ALT,18.0,5.0,3.442689012298351,13.0,3.5558842989464274,True
HET_BLOCK_to_HET_ALT,HET_BLOCK_EL_2,HET_ALT_EL_10,HET_BLOCK_to_HET_ALT,2.0,10.0,4.442731855124111,8.0,4.553717978010792,True
HET_BLOCK_to_HET_ALT,HET_BLOCK_EL_2,HET_ALT_EL_12,HET_BLOCK_to_HET_ALT,2.0,12.0,4.836207609372521,10.0,4.9481970857365125,True
HET_BLOCK_to_HET_ALT,HET_BLOCK_EL_2,HET_ALT_EL_15,HET_BLOCK_to_HET_ALT,2.0,15.0,5.568905741788432,13.0,5.682101028436508,True
HET_BLOCK_to_HET_ALT,HET_BLOCK_EL_2,HET_ALT_EL_18,HET_BLOCK_to_HET_ALT,2.0,18.0,4.981356707639865,16.0,5.095522774360146,True
HET_BLOCK_to_HET_ALT,HET_BLOCK_EL_2,HET_ALT_EL_2,HET_BLOCK_to_HET_ALT,2.0,2.0,1.8355017331763754,0.0,1.9355017331763755,True
HET_BLOCK_to_HET_ALT,HET_BLOCK_EL_2,HET_ALT_EL_20,HET_BLOCK_to_HET_ALT,2.0,20.0,5.102485956024239,18.0,5.2172081509200705,True
HET_BLOCK_to_HET_ALT,HET_BLOCK_EL_2,HET_ALT_EL_25,HET_BLOCK_to_HET_ALT,2.0,25.0,5.313468814432212,23.0,5.429359083583951,True
HET_BLOCK_to_HET_ALT,HET_BLOCK_EL_2,HET_ALT_EL_3,HET_BLOCK_to_HET_ALT,2.0,3.0,2.9758960511255124,1.0,3.0793617870283123,True
HET_BLOCK_to_HET_ALT,HET_BLOCK_EL_2,HET_ALT_EL_4,HET_BLOCK_to_HET_ALT,2.0,4.0,2.5745303612715715,2.0,2.6800234227149122,True
HET_BLOCK_to_HET_ALT,HET_BLOCK_EL_2,HET_ALT_EL_5,HET_BLOCK_to_HET_ALT,2.0,5.0,3.6314028866518187,3.0,3.738334358457418,True
HET_BLOCK_to_HET_ALT,HET_BLOCK_EL_20,HET_ALT_EL_10,HET_BLOCK_to_HET_ALT,20.0,10.0,3.2991203707447414,10.0,3.4111098471087336,True
HET_BLOCK_to_HET_ALT,HET_BLOCK_EL_20,HET_ALT_EL_12,HET_BLOCK_to_HET_ALT,20.0,12.0,1.5995750231374757,8.0,1.7105611460241568,True
HET_BLOCK_to_HET_ALT,HET_BLOCK_EL_20,HET_ALT_EL_15,HET_BLOCK_to_HET_ALT,20.0,15.0,0.9760009404848783,5.0,1.0849597378310185,True
HET_BLOCK_to_HET_ALT,HET_BLOCK_EL_20,HET_ALT_EL_18,HET_BLOCK_to_HET_ALT,20.0,18.0,1.9800880999422394,2.0,2.08558116138558,True
HET_BLOCK_to_HET_ALT,HET_BLOCK_EL_20,HET_ALT_EL_2,HET_BLOCK_to_HET_ALT,20.0,2.0,5.19427396757178,18.0,5.308996162467611,True
HET_BLOCK_to_HET_ALT,HET_BLOCK_EL_20,HET_ALT_EL_20,HET_BLOCK_to_HET_ALT,20.0,20.0,3.28877062842548,0.0,3.38877062842548,True
HET_BLOCK_to_HET_ALT,HET_BLOCK_EL_20,HET_ALT_EL_25,HET_BLOCK_to_HET_ALT,20.0,25.0,1.4589466734986,5.0,1.5679054708447404,True
HET_BLOCK_to_HET_ALT,HET_BLOCK_EL_20,HET_ALT_EL_3,HET_BLOCK_to_HET_ALT,20.0,3.0,3.9775285974214167,17.0,4.091980456210897,True
HET_BLOCK_to_HET_ALT,HET_BLOCK_EL_20,HET_ALT_EL_4,HET_BLOCK_to_HET_ALT,20.0,4.0,3.1702550204627133,16.0,3.2844210871829946,True
HET_BLOCK_to_HET_ALT,HET_BLOCK_EL_20,HET_ALT_EL_5,HET_BLOCK_to_HET_ALT,20.0,5.0,2.0964013391556477,15.0,2.210264282766847,True
HET_BLOCK_to_HET_ALT,HET_BLOCK_EL_25,HET_ALT_EL_10,HET_BLOCK_to_HET_ALT,25.0,10.0,2.4965186973127684,15.0,2.6103816409239675,True
HET_BLOCK_to_HET_ALT,HET_BLOCK_EL_25,HET_ALT_EL_12,HET_BLOCK_to_HET_ALT,25.0,12.0,2.9030424483795954,13.0,3.016237735027672,True
HET_BLOCK_to_HET_ALT,HET_BLOCK_EL_25,HET_ALT_EL_15,HET_BLOCK_to_HET_ALT,25.0,15.0,3.4951735746941517,10.0,3.607163051058144,True
HET_BLOCK_to_HET_ALT,HET_BLOCK_EL_25,HET_ALT_EL_18,HET_BLOCK_to_HET_ALT,25.0,18.0,2.056933630253353,7.0,2.167330837961752,True
HET_BLOCK_to_HET_ALT,HET_BLOCK_EL_25,HET_ALT_EL_2,HET_BLOCK_to_HET_ALT,25.0,2.0,5.8272380824746195,23.0,5.943128351626359,True
HET_BLOCK_to_HET_ALT,HET_BLOCK_EL_25,HET_ALT_EL_20,HET_BLOCK_to_HET_ALT,25.0,20.0,2.551043399217087,5.0,2.6600021965632275,True
HET_BLOCK_to_HET_ALT,HET_BLOCK_EL_25,HET_ALT_EL_25,HET_BLOCK_to_HET_ALT,25.0,25.0,2.314885306290875,0.0,2.4148853062908753,True
HET_BLOCK_to_HET_ALT,HET_BLOCK_EL_25,HET_ALT_EL_3,HET_BLOCK_to_HET_ALT,25.0,3.0,5.108715485387941,22.0,5.224392956467586,True
HET_BLOCK_to_HET_ALT,HET_BLOCK_EL_25,HET_ALT_EL_4,HET_BLOCK_to_HET_ALT,25.0,4.0,3.649957236022473,21.0,3.7654124482892644,True
HET_BLOCK_to_HET_ALT,HET_BLOCK_EL_25,HET_ALT_EL_5,HET_BLOCK_to_HET_ALT,25.0,5.0,3.2629462353293475,20.0,3.3781688475179648,True
HET_BLOCK_to_HET_ALT,HET_BLOCK_EL_4,HET_ALT_EL_10,HET_BLOCK_to_HET_ALT,4.0,10.0,5.053633897514354,6.0,5.16336344825963,True
HET_BLOCK_to_HET_ALT,HET_BLOCK_EL_4,HET_ALT_EL_12,HET_BLOCK_to_HET_ALT,4.0,12.0,3.524237817157521,8.0,3.6352239400442024,True
HET_BLOCK_to_HET_ALT,HET_BLOCK_EL_4,HET_ALT_EL_15,HET_BLOCK_to_HET_ALT,4.0,15.0,3.1238309593852764,11.0,3.2362554926342164,True
HET_BLOCK_to_HET_ALT,HET_BLOCK_EL_4,HET_ALT_EL_18,HET_BLOCK_to_HET_ALT,4.0,18.0,4.341861454197858,14.0,4.455401705203369,True
HET_BLOCK_to_HET_ALT,HET_BLOCK_EL_4,HET_ALT_EL_2,HET_BLOCK_to_HET_ALT,4.0,2.0,3.5845021471034864,2.0,3.689995208546827,True
HET_BLOCK_to_HET_ALT,HET_BLOCK_EL_4,HET_ALT_EL_20,HET_BLOCK_to_HET_ALT,4.0,20.0,5.130741151073675,16.0,5.244907217793956,True
HET_BLOCK_to_HET_ALT,HET_BLOCK_EL_4,HET_ALT_EL_25,HET_BLOCK_to_HET_ALT,4.0,25.0,3.992979570648633,21.0,4.108434782915424,True
HET_BLOCK_to_HET_ALT,HET_BLOCK_EL_4,HET_ALT_EL_3,HET_BLOCK_to_HET_ALT,4.0,3.0,2.2258835847690692,1.0,2.329349320671869,True
HET_BLOCK_to_HET_ALT,HET_BLOCK_EL_4,HET_ALT_EL_4,HET_BLOCK_to_HET_ALT,4.0,4.0,3.1258946683654862,0.0,3.2258946683654863,True
HET_BLOCK_to_HET_ALT,HET_BLOCK_EL_4,HET_ALT_EL_5,HET_BLOCK_to_HET_ALT,4.0,5.0,2.8856076621546696,1.0,2.9890733980574695,True
HET_BLOCK_to_HET_ALT,HET_BLOCK_EL_6,HET_ALT_EL_10,HET_BLOCK_to_HET_ALT,6.0,10.0,2.891865294294121,4.0,2.9999124838562916,True
HET_BLOCK_to_HET_ALT,HET_BLOCK_EL_6,HET_ALT_EL_12,HET_BLOCK_to_HET_ALT,6.0,12.0,1.773966456193281,6.0,1.8836960069385578,True
HET_BLOCK_to_HET_ALT,HET_BLOCK_EL_6,HET_ALT_EL_15,HET_BLOCK_to_HET_ALT,6.0,15.0,2.0420752684759065,9.0,2.1535881939408767,True
HET_BLOCK_to_HET_ALT,HET_BLOCK_EL_6,HET_ALT_EL_18,HET_BLOCK_to_HET_ALT,6.0,18.0,2.1713006719664465,12.0,2.2841254187537543,True
HET_BLOCK_to_HET_ALT,HET_BLOCK_EL_6,HET_ALT_EL_2,HET_BLOCK_to_HET_ALT,6.0,2.0,3.8332618571157453,4.0,3.9413090466779157,True
HET_BLOCK_to_HET_ALT,HET_BLOCK_EL_6,HET_ALT_EL_20,HET_BLOCK_to_HET_ALT,6.0,20.0,2.976928832942118,14.0,3.090469083947629,True
HET_BLOCK_to_HET_ALT,HET_BLOCK_EL_6,HET_ALT_EL_25,HET_BLOCK_to_HET_ALT,6.0,25.0,2.249581589597204,19.0,2.364560250964974,True
HET_BLOCK_to_HET_ALT,HET_BLOCK_EL_6,HET_ALT_EL_3,HET_BLOCK_to_HET_ALT,6.0,3.0,2.4315411995034815,3.0,2.538472671309081,True
HET_BLOCK_to_HET_ALT,HET_BLOCK_EL_6,HET_ALT_EL_4,HET_BLOCK_to_HET_ALT,6.0,4.0,1.7198725327485669,2.0,1.8253655941919076,True
HET_BLOCK_to_HET_ALT,HET_BLOCK_EL_6,HET_ALT_EL_5,HET_BLOCK_to_HET_ALT,6.0,5.0,1.5522886064633294,1.0,1.6557543423661292,True
HET_BLOCK_to_HET_ALT,HET_BLOCK_EL_8,HET_ALT_EL_10,HET_BLOCK_to_HET_ALT,8.0,10.0,0.5730142789939704,2.0,0.6785073404373109,True
HET_BLOCK_to_HET_ALT,HET_BLOCK_EL_8,HET_ALT_EL_12,HET_BLOCK_to_HET_ALT,8.0,12.0,1.927934225157907,4.0,2.0359814147200774,True
HET_BLOCK_to_HET_ALT,HET_BLOCK_EL_8,HET_ALT_EL_15,HET_BLOCK_to_HET_ALT,8.0,15.0,3.410345404633163,7.0,3.520742612341562,True
HET_BLOCK_to_HET_ALT,HET_BLOCK_EL_8,HET_ALT_EL_18,HET_BLOCK_to_HET_ALT,8.0,18.0,1.6590531390113357,10.0,1.7710426153753276,True
HET_BLOCK_to_HET_ALT,HET_BLOCK_EL_8,HET_ALT_EL_2,HET_BLOCK_to_HET_ALT,8.0,2.0,4.784532382388082,6.0,4.8942619331333574,True
HET_BLOCK_to_HET_ALT,HET_BLOCK_EL_8,HET_ALT_EL_20,HET_BLOCK_to_HET_ALT,8.0,20.0,1.7383801216701749,12.0,1.8512048684574827,True
HET_BLOCK_to_HET_ALT,HET_BLOCK_EL_8,HET_ALT_EL_25,HET_BLOCK_to_HET_ALT,8.0,25.0,2.826536110491381,17.0,2.9409879692808616,True
HET_BLOCK_to_HET_ALT,HET_BLOCK_EL_8,HET_ALT_EL_3,HET_BLOCK_to_HET_ALT,8.0,3.0,4.185626219194775,5.0,4.294585016540915,True
HET_BLOCK_to_HET_ALT,HET_BLOCK_EL_8,HET_ALT_EL_4,HET_BLOCK_to_HET_ALT,8.0,4.0,2.0132624713260134,4.0,2.121309660888184,True
HET_BLOCK_to_HET_ALT,HET_BLOCK_EL_8,HET_ALT_EL_5,HET_BLOCK_to_HET_ALT,8.0,5.0,2.604049417990957,3.0,2.710980889796556,True
HET_ALT_to_HET_COMP,HET_ALT_EL_10,HET_COMP_K0_L10_10,HET_ALT_to_HET_COMP,10.0,10.0,1.9211758919936923,0.0,2.021175891993692,True
HET_ALT_to_HET_COMP,HET_ALT_EL_10,HET_COMP_K0_L10_30,HET_ALT_to_HET_COMP,10.0,30.0,3.681470647380062,20.0,3.7966932595686793,True
HET_ALT_to_HET_COMP,HET_ALT_EL_10,HET_COMP_K0_L10_50,HET_ALT_to_HET_COMP,10.0,50.0,3.850559976359484,40.0,3.969127836693006,True
HET_ALT_to_HET_COMP,HET_ALT_EL_10,HET_COMP_K10_L0_10,HET_ALT_to_HET_COMP,10.0,10.0,3.7690185403050434,0.0,3.8690185403050434,True
HET_ALT_to_HET_COMP,HET_ALT_EL_10,HET_COMP_K10_L0_30,HET_ALT_to_HET_COMP,10.0,30.0,7.695958022472691,20.0,7.811180634661308,True
HET_ALT_to_HET_COMP,HET_ALT_EL_10,HET_COMP_K10_L0_50,HET_ALT_to_HET_COMP,10.0,50.0,9.57573203986251,40.0,9.69429990019603,True
HET_ALT_to_HET_COMP,HET_ALT_EL_10,HET_COMP_K2_L8_10,HET_ALT_to_HET_COMP,10.0,10.0,2.858770359875172,0.0,2.9587703598751722,True
HET_ALT_to_HET_COMP,HET_ALT_EL_10,HET_COMP_K2_L8_30,HET_ALT_to_HET_COMP,10.0,30.0,2.2569288488230854,20.0,2.3721514610117027,True
HET_ALT_to_HET_COMP,HET_ALT_EL_10,HET_COMP_K2_L8_50,HET_ALT_to_HET_COMP,10.0,50.0,4.751369864476998,40.0,4.869937724810519,True
HET_ALT_to_HET_COMP,HET_ALT_EL_10,HET_COMP_K4_L6_10,HET_ALT_to_HET_COMP,10.0,10.0,2.174159994445713,0.0,2.274159994445713,True
HET_ALT_to_HET_COMP,HET_ALT_EL_12,HET_COMP_K0_L10_10,HET_ALT_to_HET_COMP,12.0,10.0,2.041366237808655,2.0,2.1468592992519957,True
HET_ALT_to_HET_COMP,HET_ALT_EL_12,HET_COMP_K0_L10_30,HET_ALT_to_HET_COMP,12.0,30.0,2.263896484884399,18.0,2.3786186797802316,True
HET_ALT_to_HET_COMP,HET_ALT_EL_12,HET_COMP_K0_L10_50,HET_ALT_to_HET_COMP,12.0,50.0,2.8158769760154674,38.0,2.934194784246116,True
HET_ALT_to_HET_COMP,HET_ALT_EL_12,HET_COMP_K10_L0_10,HET_ALT_to_HET_COMP,12.0,10.0,2.357640979856421,2.0,2.4631340412997615,True
HET_ALT_to_HET_COMP,HET_ALT_EL_12,HET_COMP_K10_L0_30,HET_ALT_to_HET_COMP,12.0,30.0,7.177637554259237,18.0,7.292359749155069,True
HET_ALT_to_HET_COMP,HET_ALT_EL_12,HET_COMP_K10_L0_50,HET_ALT_to_HET_COMP,12.0,50.0,9.11042969211227,38.0,9.228747500342918,True
HET_ALT_to_HET_COMP,HET_ALT_EL_12,HET_COMP_K2_L8_10,HET_ALT_to_HET_COMP,12.0,10.0,2.4341323996788553,2.0,2.539625461122196,True
HET_ALT_to_HET_COMP,HET_ALT_EL_12,HET_COMP_K2_L8_30,HET_ALT_to_HET_COMP,12.0,30.0,1.9666819534268327,18.0,2.081404148322665,True
HET_ALT_to_HET_COMP,HET_ALT_EL_12,HET_COMP_K2_L8_50,HET_ALT_to_HET_COMP,12.0,50.0,3.4169988955455004,38.0,3.535316703776149,True
HET_ALT_to_HET_COMP,HET_ALT_EL_12,HET_COMP_K4_L6_10,HET_ALT_to_HET_COMP,12.0,10.0,1.840836441240101,2.0,1.9463295026834417,True
HET_ALT_to_HET_COMP,HET_ALT_EL_15,HET_COMP_K0_L10_10,HET_ALT_to_HET_COMP,15.0,10.0,3.156026811803652,5.0,3.2649856091497926,True
HET_ALT_to_HET_COMP,HET_ALT_EL_15,HET_COMP_K0_L10_30,HET_ALT_to_HET_COMP,15.0,30.0,2.2468727326299356,15.0,2.3607356762411347,True
HET_ALT_to_HET_COMP,HET_ALT_EL_15,HET_COMP_K0_L10_50,HET_ALT_to_HET_COMP,15.0,50.0,2.42643571327202,35.0,2.5443533079643004,True
HET_ALT_to_HET_COMP,HET_ALT_EL_15,HET_COMP_K10_L0_10,HET_ALT_to_HET_COMP,15.0,10.0,2.3603174135241627,5.0,2.4692762108703032,True
HET_ALT_to_HET_COMP,HET_ALT_EL_15,HET_COMP_K10_L0_30,HET_ALT_to_HET_COMP,15.0,30.0,6.675414958794482,15.0,6.78927790240568,True
HET_ALT_to_HET_COMP,HET_ALT_EL_15,HET_COMP_K10_L0_50,HET_ALT_to_HET_COMP,15.0,50.0,8.469747817412157,35.0,8.587665412104437,True
HET_ALT_to_HET_COMP,HET_ALT_EL_15,HET_COMP_K2_L8_10,HET_ALT_to_HET_COMP,15.0,10.0,3.005846986037929,5.0,3.1148057833840697,True
HET_ALT_to_HET_COMP,HET_ALT_EL_15,HET_COMP_K2_L8_30,HET_ALT_to_HET_COMP,15.0,30.0,2.7740217141576142,15.0,2.8878846577688133,True
HET_ALT_to_HET_COMP,HET_ALT_EL_15,HET_COMP_K2_L8_50,HET_ALT_to_HET_COMP,15.0,50.0,2.5504554217954443,35.0,2.668373016487725,True
HET_ALT_to_HET_COMP,HET_ALT_EL_15,HET_COMP_K4_L6_10,HET_ALT_to_HET_COMP,15.0,10.0,2.7157750113419694,5.0,2.82473380868811,True
HET_ALT_to_HET_COMP,HET_ALT_EL_18,HET_COMP_K0_L10_10,HET_ALT_to_HET_COMP,18.0,10.0,2.163979314653886,8.0,2.2749654375405672,True
HET_ALT_to_HET_COMP,HET_ALT_EL_18,HET_COMP_K0_L10_30,HET_ALT_to_HET_COMP,18.0,30.0,2.7641983446370313,12.0,2.877023091424339,True
HET_ALT_to_HET_COMP,HET_ALT_EL_18,HET_COMP_K0_L10_50,HET_ALT_to_HET_COMP,18.0,50.0,2.786966881434237,32.0,2.9044494192415695,True
HET_ALT_to_HET_COMP,HET_ALT_EL_18,HET_COMP_K10_L0_10,HET_ALT_to_HET_COMP,18.0,10.0,3.1633665048119215,8.0,3.274352627698603,True
HET_ALT_to_HET_COMP,HET_ALT_EL_18,HET_COMP_K10_L0_30,HET_ALT_to_HET_COMP,18.0,30.0,6.877258378272741,12.0,6.990083125060048,True
HET_ALT_to_HET_COMP,HET_ALT_EL_18,HET_COMP_K10_L0_50,HET_ALT_to_HET_COMP,18.0,50.0,8.600288621671492,32.0,8.717771159478824,True
HET_ALT_to_HET_COMP,HET_ALT_EL_18,HET_COMP_K2_L8_10,HET_ALT_to_HET_COMP,18.0,10.0,2.8931854660892498,8.0,3.004171588975931,True
HET_ALT_to_HET_COMP,HET_ALT_EL_18,HET_COMP_K2_L8_30,HET_ALT_to_HET_COMP,18.0,30.0,1.8393835506648384,12.0,1.9522082974521462,True
HET_ALT_to_HET_COMP,HET_ALT_EL_18,HET_COMP_K2_L8_50,HET_ALT_to_HET_COMP,18.0,50.0,3.6233831740728877,32.0,3.74086571188022,True
HET_ALT_to_HET_COMP,HET_ALT_EL_18,HET_COMP_K4_L6_10,HET_ALT_to_HET_COMP,18.0,10.0,2.09832876514114,8.0,2.2093148880278215,True
HET_ALT_to_HET_COMP,HET_ALT_EL_2,HET_COMP_K0_L10_10,HET_ALT_to_HET_COMP,2.0,10.0,3.5476370950107845,8.0,3.658623217897466,True
HET_ALT_to_HET_COMP,HET_ALT_EL_2,HET_COMP_K0_L10_30,HET_ALT_to_HET_COMP,2.0,30.0,4.270689489231296,28.0,4.387525968381229,True
HET_ALT_to_HET_COMP,HET_ALT_EL_2,HET_COMP_K0_L10_50,HET_ALT_to_HET_COMP,2.0,50.0,4.916906858258623,48.0,5.036365959749176,True
HET_ALT_to_HET_COMP,HET_ALT_EL_2,HET_COMP_K10_L0_10,HET_ALT_to_HET_COMP,2.0,10.0,3.1427910435435362,8.0,3.2537771664302175,True
HET_ALT_to_HET_COMP,HET_ALT_EL_2,HET_COMP_K10_L0_30,HET_ALT_to_HET_COMP,2.0,30.0,9.077101340365914,28.0,9.193937819515845,True
HET_ALT_to_HET_COMP,HET_ALT_EL_2,HET_COMP_K10_L0_50,HET_ALT_to_HET_COMP,2.0,50.0,10.799334827794024,48.0,10.918793929284575,True
HET_ALT_to_HET_COMP,HET_ALT_EL_2,HET_COMP_K2_L8_10,HET_ALT_to_HET_COMP,2.0,10.0,3.5938610170857945,8.0,3.704847139972476,True
HET_ALT_to_HET_COMP,HET_ALT_EL_2,HET_COMP_K2_L8_30,HET_ALT_to_HET_COMP,2.0,30.0,4.134057737833569,28.0,4.250894216983501,True
HET_ALT_to_HET_COMP,HET_ALT_EL_2,HET_COMP_K2_L8_50,HET_ALT_to_HET_COMP,2.0,50.0,5.102577611801226,48.0,5.222036713291779,True
HET_ALT_to_HET_COMP,HET_ALT_EL_2,HET_COMP_K4_L6_10,HET_ALT_to_HET_COMP,2.0,10.0,3.4141440447895244,8.0,3.5251301676762057,True
HET_ALT_to_HET_COMP,HET_ALT_EL_20,HET_COMP_K0_L10_10,HET_ALT_to_HET_COMP,20.0,10.0,2.465761086440096,10.0,2.577750562804088,True
HET_ALT_to_HET_COMP,HET_ALT_EL_20,HET_COMP_K0_L10_30,HET_ALT_to_HET_COMP,20.0,30.0,3.4754180218374278,10.0,3.58740749820142,True
HET_ALT_to_HET_COMP,HET_ALT_EL_20,HET_COMP_K0_L10_50,HET_ALT_to_HET_COMP,20.0,50.0,3.805328745280686,30.0,3.9224986813031117,True
HET_ALT_to_HET_COMP,HET_ALT_EL_20,HET_COMP_K10_L0_10,HET_ALT_to_HET_COMP,20.0,10.0,4.0220333932376775,10.0,4.134022869601669,True
HET_ALT_to_HET_COMP,HET_ALT_EL_20,HET_COMP_K10_L0_30,HET_ALT_to_HET_COMP,20.0,30.0,7.596802216039941,10.0,7.708791692403932,True
HET_ALT_to_HET_COMP,HET_ALT_EL_20,HET_COMP_K10_L0_50,HET_ALT_to_HET_COMP,20.0,50.0,9.099818671467494,30.0,9.216988607489919,True
HET_ALT_to_HET_COMP,HET_ALT_EL_20,HET_COMP_K2_L8_10,HET_ALT_to_HET_COMP,20.0,10.0,3.813043329018294,10.0,3.925032805382286,True
HET_ALT_to_HET_COMP,HET_ALT_EL_20,HET_COMP_K2_L8_30,HET_ALT_to_HET_COMP,20.0,30.0,2.277606593102565,10.0,2.389596069466557,True
HET_ALT_to_HET_COMP,HET_ALT_EL_20,HET_COMP_K2_L8_50,HET_ALT_to_HET_COMP,20.0,50.0,4.759372152254073,30.0,4.876542088276499,True
HET_ALT_to_HET_COMP,HET_ALT_EL_20,HET_COMP_K4_L6_10,HET_ALT_to_HET_COMP,20.0,10.0,2.715053711981231,10.0,2.827043188345223,True
HET_ALT_to_HET_COMP,HET_ALT_EL_25,HET_COMP_K0_L10_10,HET_ALT_to_HET_COMP,25.0,10.0,2.834315606269617,15.0,2.948178549880816,True
HET_ALT_to_HET_COMP,HET_ALT_EL_25,HET_COMP_K0_L10_30,HET_ALT_to_HET_COMP,25.0,30.0,2.4000818346932538,5.0,2.5090406320393943,True
HET_ALT_to_HET_COMP,HET_ALT_EL_25,HET_COMP_K0_L10_50,HET_ALT_to_HET_COMP,25.0,50.0,2.0786911325874473,25.0,2.194981615277555,True
HET_ALT_to_HET_COMP,HET_ALT_EL_25,HET_COMP_K10_L0_10,HET_ALT_to_HET_COMP,25.0,10.0,3.0081310816652564,15.0,3.1219940252764555,True
HET_ALT_to_HET_COMP,HET_ALT_EL_25,HET_COMP_K10_L0_30,HET_ALT_to_HET_COMP,25.0,30.0,6.220295132967436,5.0,6.329253930313576,True
HET_ALT_to_HET_COMP,HET_ALT_EL_25,HET_COMP_K10_L0_50,HET_ALT_to_HET_COMP,25.0,50.0,7.719091799359191,25.0,7.835382282049298,True
HET_ALT_to_HET_COMP,HET_ALT_EL_25,HET_COMP_K2_L8_10,HET_ALT_to_HET_COMP,25.0,10.0,3.381319938008118,15.0,3.495182881619317,True
HET_ALT_to_HET_COMP,HET_ALT_EL_25,HET_COMP_K2_L8_30,HET_ALT_to_HET_COMP,25.0,30.0,2.065742490854084,5.0,2.1747012882002243,True
HET_ALT_to_HET_COMP,HET_ALT_EL_25,HET_COMP_K2_L8_50,HET_ALT_to_HET_COMP,25.0,50.0,2.827048897191806,25.0,2.943339379881914,True
HET_ALT_to_HET_COMP,HET_ALT_EL_25,HET_COMP_K4_L6_10,HET_ALT_to_HET_COMP,25.0,10.0,2.6172403187757385,15.0,2.7311032623869376,True
HET_ALT_to_HET_COMP,HET_ALT_EL_3,HET_COMP_K0_L10_10,HET_ALT_to_HET_COMP,3.0,10.0,2.84373775585922,7.0,2.9541349635676193,True
HET_ALT_to_HET_COMP,HET_ALT_EL_3,HET_COMP_K0_L10_30,HET_ALT_to_HET_COMP,3.0,30.0,2.9508337338359096,27.0,3.0674947563867856,True
HET_ALT_to_HET_COMP,HET_ALT_EL_3,HET_COMP_K0_L10_50,HET_ALT_to_HET_COMP,3.0,50.0,3.9665480539752656,47.0,4.085904059029805,True
HET_ALT_to_HET_COMP,HET_ALT_EL_3,HET_COMP_K10_L0_10,HET_ALT_to_HET_COMP,3.0,10.0,1.9742224244528845,7.0,2.0846196321612838,True
HET_ALT_to_HET_COMP,HET_ALT_EL_3,HET_COMP_K10_L0_30,HET_ALT_to_HET_COMP,3.0,30.0,8.40328543490091,27.0,8.519946457451786,True
HET_ALT_to_HET_COMP,HET_ALT_EL_3,HET_COMP_K10_L0_50,HET_ALT_to_HET_COMP,3.0,50.0,9.923074242213024,47.0,10.042430247267564,True
HET_ALT_to_HET_COMP,HET_ALT_EL_3,HET_COMP_K2_L8_10,HET_ALT_to_HET_COMP,3.0,10.0,3.274663202761597,7.0,3.3850604104699964,True
HET_ALT_to_HET_COMP,HET_ALT_EL_3,HET_COMP_K2_L8_30,HET_ALT_to_HET_COMP,3.0,30.0,3.2366911537594167,27.0,3.3533521763102927,True
HET_ALT_to_HET_COMP,HET_ALT_EL_3,HET_COMP_K2_L8_50,HET_ALT_to_HET_COMP,3.0,50.0,4.114264149144863,47.0,4.233620154199402,True
HET_ALT_to_HET_COMP,HET_ALT_EL_3,HET_COMP_K4_L6_10,HET_ALT_to_HET_COMP,3.0,10.0,2.558388202062818,7.0,2.668785409771217,True
HET_ALT_to_HET_COMP,HET_ALT_EL_4,HET_COMP_K0_L10_10,HET_ALT_to_HET_COMP,4.0,10.0,0.797025816965933,6.0,0.9067553677112096,True
HET_ALT_to_HET_COMP,HET_ALT_EL_4,HET_COMP_K0_L10_30,HET_ALT_to_HET_COMP,4.0,30.0,2.643620272427629,26.0,2.760099456757651,True
HET_ALT_to_HET_COMP,HET_ALT_EL_4,HET_COMP_K0_L10_50,HET_ALT_to_HET_COMP,4.0,50.0,3.4696737748040287,46.0,3.588924512812579,True
HET_ALT_to_HET_COMP,HET_ALT_EL_4,HET_COMP_K10_L0_10,HET_ALT_to_HET_COMP,4.0,10.0,1.8874794401387753,6.0,1.997208990884052,True
HET_ALT_to_HET_COMP,HET_ALT_EL_4,HET_COMP_K10_L0_30,HET_ALT_to_HET_COMP,4.0,30.0,7.994104502798456,26.0,8.110583687128477,True
HET_ALT_to_HET_COMP,HET_ALT_EL_4,HET_COMP_K10_L0_50,HET_ALT_to_HET_COMP,4.0,50.0,9.859117024120533,46.0,9.978367762129082,True
HET_ALT_to_HET_COMP,HET_ALT_EL_4,HET_COMP_K2_L8_10,HET_ALT_to_HET_COMP,4.0,10.0,1.8891315184121096,6.0,1.9988610691573863,True
HET_ALT_to_HET_COMP,HET_ALT_EL_4,HET_COMP_K2_L8_30,HET_ALT_to_HET_COMP,4.0,30.0,1.8879861875381383,26.0,2.00446537186816,True
HET_ALT_to_HET_COMP,HET_ALT_EL_4,HET_COMP_K2_L8_50,HET_ALT_to_HET_COMP,4.0,50.0,4.068676515718372,46.0,4.187927253726922,True
HET_ALT_to_HET_COMP,HET_ALT_EL_4,HET_COMP_K4_L6_10,HET_ALT_to_HET_COMP,4.0,10.0,0.7593516350903898,6.0,0.8690811858356664,True
HET_ALT_to_HET_COMP,HET_ALT_EL_5,HET_COMP_K0_L10_10,HET_ALT_to_HET_COMP,5.0,10.0,1.8916107458651548,5.0,2.000569543211295,True
HET_ALT_to_HET_COMP,HET_ALT_EL_5,HET_COMP_K0_L10_30,HET_ALT_to_HET_COMP,5.0,30.0,2.5222940867361614,25.0,2.638584569426269,True
HET_ALT_to_HET_COMP,HET_ALT_EL_5,HET_COMP_K0_L10_50,HET_ALT_to_HET_COMP,5.0,50.0,2.5670070590151095,45.0,2.686150265997555,True
HET_ALT_to_HET_COMP,HET_ALT_EL_5,HET_COMP_K10_L0_10,HET_ALT_to_HET_COMP,5.0,10.0,1.6022916236168856,5.0,1.711250420963026,True
HET_ALT_to_HET_COMP,HET_ALT_EL_5,HET_COMP_K10_L0_30,HET_ALT_to_HET_COMP,5.0,30.0,6.967568716778718,25.0,7.083859199468825,True
HET_ALT_to_HET_COMP,HET_ALT_EL_5,HET_COMP_K10_L0_50,HET_ALT_to_HET_COMP,5.0,50.0,8.945562525737493,45.0,9.064705732719938,True
HET_ALT_to_HET_COMP,HET_ALT_EL_5,HET_COMP_K2_L8_10,HET_ALT_to_HET_COMP,5.0,10.0,1.3558511749071591,5.0,1.4648099722532995,True
HET_ALT_to_HET_COMP,HET_ALT_EL_5,HET_COMP_K2_L8_30,HET_ALT_to_HET_COMP,5.0,30.0,2.2675328567764677,25.0,2.3838233394665753,True
HET_ALT_to_HET_COMP,HET_ALT_EL_5,HET_COMP_K2_L8_50,HET_ALT_to_HET_COMP,5.0,50.0,2.9270699462951546,45.0,3.0462131532776002,True
HET_ALT_to_HET_COMP,HET_ALT_EL_5,HET_COMP_K4_L6_10,HET_ALT_to_HET_COMP,5.0,10.0,1.3376120036858987,5.0,1.446570801032039,True
HET_BLOCK_to_HET_COMP,HET_BLOCK_EL_10,HET_COMP_K0_L10_10,HET_BLOCK_to_HET_COMP,10.0,10.0,2.7562433376253246,0.0,2.8562433376253247,True
HET_BLOCK_to_HET_COMP,HET_BLOCK_EL_10,HET_COMP_K0_L10_30,HET_BLOCK_to_HET_COMP,10.0,30.0,1.7640960477190497,20.0,1.879318659907667,True
HET_BLOCK_to_HET_COMP,HET_BLOCK_EL_10,HET_COMP_K0_L10_50,HET_BLOCK_to_HET_COMP,10.0,50.0,2.7229680520213004,40.0,2.8415359123548223,True
HET_BLOCK_to_HET_COMP,HET_BLOCK_EL_10,HET_COMP_K10_L0_10,HET_BLOCK_to_HET_COMP,10.0,10.0,1.7476657391263966,0.0,1.8476657391263966,True
HET_BLOCK_to_HET_COMP,HET_BLOCK_EL_10,HET_COMP_K10_L0_30,HET_BLOCK_to_HET_COMP,10.0,30.0,7.2492266055067605,20.0,7.364449217695377,True
HET_BLOCK_to_HET_COMP,HET_BLOCK_EL_10,HET_COMP_K10_L0_50,HET_BLOCK_to_HET_COMP,10.0,50.0,8.964842749816032,40.0,9.083410610149553,True
HET_BLOCK_to_HET_COMP,HET_BLOCK_EL_10,HET_COMP_K2_L8_10,HET_BLOCK_to_HET_COMP,10.0,10.0,2.9142029123720827,0.0,3.014202912372083,True
HET_BLOCK_to_HET_COMP,HET_BLOCK_EL_10,HET_COMP_K2_L8_30,HET_BLOCK_to_HET_COMP,10.0,30.0,2.577951512559369,20.0,2.693174124747986,True
HET_BLOCK_to_HET_COMP,HET_BLOCK_EL_10,HET_COMP_K2_L8_50,HET_BLOCK_to_HET_COMP,10.0,50.0,2.864664405119972,40.0,2.983232265453494,True
HET_BLOCK_to_HET_COMP,HET_BLOCK_EL_10,HET_COMP_K4_L6_10,HET_BLOCK_to_HET_COMP,10.0,10.0,2.322084268772105,0.0,2.422084268772105,True
HET_BLOCK_to_HET_COMP,HET_BLOCK_EL_12,HET_COMP_K0_L10_10,HET_BLOCK_to_HET_COMP,12.0,10.0,2.06980317033303,2.0,2.175296231776371,True
HET_BLOCK_to_HET_COMP,HET_BLOCK_EL_12,HET_COMP_K0_L10_30,HET_BLOCK_to_HET_COMP,12.0,30.0,1.5429322877108689,18.0,1.6576544826067012,True
HET_BLOCK_to_HET_COMP,HET_BLOCK_EL_12,HET_COMP_K0_L10_50,HET_BLOCK_to_HET_COMP,12.0,50.0,2.8072468155208528,38.0,2.925564623751501,True
HET_BLOCK_to_HET_COMP,HET_BLOCK_EL_12,HET_COMP_K10_L0_10,HET_BLOCK_to_HET_COMP,12.0,10.0,1.8444675350334223,2.0,1.949960596476763,True
HET_BLOCK_to_HET_COMP,HET_BLOCK_EL_12,HET_COMP_K10_L0_30,HET_BLOCK_to_HET_COMP,12.0,30.0,7.491815545277714,18.0,7.606537740173546,True
HET_BLOCK_to_HET_COMP,HET_BLOCK_EL_12,HET_COMP_K10_L0_50,HET_BLOCK_to_HET_COMP,12.0,50.0,9.266145663065771,38.0,9.384463471296419,True
HET_BLOCK_to_HET_COMP,HET_BLOCK_EL_12,HET_COMP_K2_L8_10,HET_BLOCK_to_HET_COMP,12.0,10.0,2.7235777746087915,2.0,2.829070836052132,True
HET_BLOCK_to_HET_COMP,HET_BLOCK_EL_12,HET_COMP_K2_L8_30,HET_BLOCK_to_HET_COMP,12.0,30.0,1.821639027115594,18.0,1.9363612220114264,True
HET_BLOCK_to_HET_COMP,HET_BLOCK_EL_12,HET_COMP_K2_L8_50,HET_BLOCK_to_HET_COMP,12.0,50.0,3.2834909011268345,38.0,3.401808709357483,True
HET_BLOCK_to_HET_COMP,HET_BLOCK_EL_12,HET_COMP_K4_L6_10,HET_BLOCK_to_HET_COMP,12.0,10.0,1.817727491904219,2.0,1.9232205533475597,True
HET_BLOCK_to_HET_COMP,HET_BLOCK_EL_15,HET_COMP_K0_L10_10,HET_BLOCK_to_HET_COMP,15.0,10.0,1.784531467837172,5.0,1.8934902651833123,True
HET_BLOCK_to_HET_COMP,HET_BLOCK_EL_15,HET_COMP_K0_L10_30,HET_BLOCK_to_HET_COMP,15.0,30.0,2.7609323785508275,15.0,2.8747953221620266,True
HET_BLOCK_to_HET_COMP,HET_BLOCK_EL_15,HET_COMP_K0_L10_50,HET_BLOCK_to_HET_COMP,15.0,50.0,3.665280997710042,35.0,3.7831985924023224,True
HET_BLOCK_to_HET_COMP,HET_BLOCK_EL_15,HET_COMP_K10_L0_10,HET_BLOCK_to_HET_COMP,15.0,10.0,3.3037119975646623,5.0,3.412670794910803,True
HET_BLOCK_to_HET_COMP,HET_BLOCK_EL_15,HET_COMP_K10_L0_30,HET_BLOCK_to_HET_COMP,15.0,30.0,8.037338406695495,15.0,8.151201350306694,True
HET_BLOCK_to_HET_COMP,HET_BLOCK_EL_15,HET_COMP_K10_L0_50,HET_BLOCK_to_HET_COMP,15.0,50.0,9.649785328421709,35.0,9.767702923113989,True
HET_BLOCK_to_HET_COMP,HET_BLOCK_EL_15,HET_COMP_K2_L8_10,HET_BLOCK_to_HET_COMP,15.0,10.0,3.3460261933101085,5.0,3.454984990656249,True
HET_BLOCK_to_HET_COMP,HET_BLOCK_EL_15,HET_COMP_K2_L8_30,HET_BLOCK_to_HET_COMP,15.0,30.0,1.71944001100121,15.0,1.833302954612409,True
HET_BLOCK_to_HET_COMP,HET_BLOCK_EL_15,HET_COMP_K2_L8_50,HET_BLOCK_to_HET_COMP,15.0,50.0,4.528710598184529,35.0,4.646628192876809,True
HET_BLOCK_to_HET_COMP,HET_BLOCK_EL_15,HET_COMP_K4_L6_10,HET_BLOCK_to_HET_COMP,15.0,10.0,2.074582806337022,5.0,2.1835416036831625,True
HET_BLOCK_to_HET_COMP,HET_BLOCK_EL_18,HET_COMP_K0_L10_10,HET_BLOCK_to_HET_COMP,18.0,10.0,2.675250456103701,8.0,2.7862365789903825,True
HET_BLOCK_to_HET_COMP,HET_BLOCK_EL_18,HET_COMP_K0_L10_30,HET_BLOCK_to_HET_COMP,18.0,30.0,2.215101849519657,12.0,2.327926596306965,True
HET_BLOCK_to_HET_COMP,HET_BLOCK_EL_18,HET_COMP_K0_L10_50,HET_BLOCK_to_HET_COMP,18.0,50.0,3.714398110912237,32.0,3.831880648719569,True
HET_BLOCK_to_HET_COMP,HET_BLOCK_EL_18,HET_COMP_K10_L0_10,HET_BLOCK_to_HET_COMP,18.0,10.0,3.181352037403529,8.0,3.2923381602902104,True
HET_BLOCK_to_HET_COMP,HET_BLOCK_EL_18,HET_COMP_K10_L0_30,HET_BLOCK_to_HET_COMP,18.0,30.0,8.047382080851705,12.0,8.160206827639012,True
HET_BLOCK_to_HET_COMP,HET_BLOCK_EL_18,HET_COMP_K10_L0_50,HET_BLOCK_to_HET_COMP,18.0,50.0,9.23873111849443,32.0,9.356213656301762,True
HET_BLOCK_to_HET_COMP,HET_BLOCK_EL_18,HET_COMP_K2_L8_10,HET_BLOCK_to_HET_COMP,18.0,10.0,4.281444033769996,8.0,4.392430156656677,True
HET_BLOCK_to_HET_COMP,HET_BLOCK_EL_18,HET_COMP_K2_L8_30,HET_BLOCK_to_HET_COMP,18.0,30.0,2.3350341277972935,12.0,2.4478588745846013,True
HET_BLOCK_to_HET_COMP,HET_BLOCK_EL_18,HET_COMP_K2_L8_50,HET_BLOCK_to_HET_COMP,18.0,50.0,4.397999097083322,32.0,4.515481634890654,True
HET_BLOCK_to_HET_COMP,HET_BLOCK_EL_18,HET_COMP_K4_L6_10,HET_BLOCK_to_HET_COMP,18.0,10.0,2.7617821431950693,8.0,2.8727682660817506,True
HET_BLOCK_to_HET_COMP,HET_BLOCK_EL_2,HET_COMP_K0_L10_10,HET_BLOCK_to_HET_COMP,2.0,10.0,3.113118528415423,8.0,3.2241046513021043,True
HET_BLOCK_to_HET_COMP,HET_BLOCK_EL_2,HET_COMP_K0_L10_30,HET_BLOCK_to_HET_COMP,2.0,30.0,4.7153503897921585,28.0,4.832186868942091,True
HET_BLOCK_to_HET_COMP,HET_BLOCK_EL_2,HET_COMP_K0_L10_50,HET_BLOCK_to_HET_COMP,2.0,50.0,4.965813608792499,48.0,5.085272710283052,True
HET_BLOCK_to_HET_COMP,HET_BLOCK_EL_2,HET_COMP_K10_L0_10,HET_BLOCK_to_HET_COMP,2.0,10.0,3.7929930276109602,8.0,3.9039791504976415,True
HET_BLOCK_to_HET_COMP,HET_BLOCK_EL_2,HET_COMP_K10_L0_30,HET_BLOCK_to_HET_COMP,2.0,30.0,8.818155192864797,28.0,8.934991672014728,True
HET_BLOCK_to_HET_COMP,HET_BLOCK_EL_2,HET_COMP_K10_L0_50,HET_BLOCK_to_HET_COMP,2.0,50.0,10.606133228297425,48.0,10.725592329787977,True
HET_BLOCK_to_HET_COMP,HET_BLOCK_EL_2,HET_COMP_K2_L8_10,HET_BLOCK_to_HET_COMP,2.0,10.0,3.3508029853773613,8.0,3.4617891082640426,True
HET_BLOCK_to_HET_COMP,HET_BLOCK_EL_2,HET_COMP_K2_L8_30,HET_BLOCK_to_HET_COMP,2.0,30.0,3.8488730582385307,28.0,3.965709537388463,True
HET_BLOCK_to_HET_COMP,HET_BLOCK_EL_2,HET_COMP_K2_L8_50,HET_BLOCK_to_HET_COMP,2.0,50.0,5.465302825059933,48.0,5.5847619265504855,True
HET_BLOCK_to_HET_COMP,HET_BLOCK_EL_2,HET_COMP_K4_L6_10,HET_BLOCK_to_HET_COMP,2.0,10.0,3.179750790262536,8.0,3.2907369131492175,True
HET_BLOCK_to_HET_COMP,HET_BLOCK_EL_20,HET_COMP_K0_L10_10,HET_BLOCK_to_HET_COMP,20.0,10.0,3.0318500546926734,10.0,3.1438395310566656,True
HET_BLOCK_to_HET_COMP,HET_BLOCK_EL_20,HET_COMP_K0_L10_30,HET_BLOCK_to_HET_COMP,20.0,30.0,2.2646381004843192,10.0,2.3766275768483114,True
HET_BLOCK_to_HET_COMP,HET_BLOCK_EL_20,HET_COMP_K0_L10_50,HET_BLOCK_to_HET_COMP,20.0,50.0,1.6457663369060385,30.0,1.7629362729284643,True
HET_BLOCK_to_HET_COMP,HET_BLOCK_EL_20,HET_COMP_K10_L0_10,HET_BLOCK_to_HET_COMP,20.0,10.0,2.501396912317524,10.0,2.613386388681516,True
HET_BLOCK_to_HET_COMP,HET_BLOCK_EL_20,HET_COMP_K10_L0_30,HET_BLOCK_to_HET_COMP,20.0,30.0,6.1372884317321805,10.0,6.249277908096172,True
HET_BLOCK_to_HET_COMP,HET_BLOCK_EL_20,HET_COMP_K10_L0_50,HET_BLOCK_to_HET_COMP,20.0,50.0,8.012618007809097,30.0,8.129787943831522,True
HET_BLOCK_to_HET_COMP,HET_BLOCK_EL_20,HET_COMP_K2_L8_10,HET_BLOCK_to_HET_COMP,20.0,10.0,2.7601374694365566,10.0,2.8721269458005487,True
HET_BLOCK_to_HET_COMP,HET_BLOCK_EL_20,HET_COMP_K2_L8_30,HET_BLOCK_to_HET_COMP,20.0,30.0,2.3955027282204933,10.0,2.5074922045844854,True
HET_BLOCK_to_HET_COMP,HET_BLOCK_EL_20,HET_COMP_K2_L8_50,HET_BLOCK_to_HET_COMP,20.0,50.0,2.0204502048675557,30.0,2.1376201408899815,True
HET_BLOCK_to_HET_COMP,HET_BLOCK_EL_20,HET_COMP_K4_L6_10,HET_BLOCK_to_HET_COMP,20.0,10.0,2.637022814773415,10.0,2.749012291137407,True
HET_BLOCK_to_HET_COMP,HET_BLOCK_EL_25,HET_COMP_K0_L10_10,HET_BLOCK_to_HET_COMP,25.0,10.0,3.3219393963759036,15.0,3.4358023399871027,True
HET_BLOCK_to_HET_COMP,HET_BLOCK_EL_25,HET_COMP_K0_L10_30,HET_BLOCK_to_HET_COMP,25.0,30.0,4.096442635804899,5.0,4.205401433151039,True
HET_BLOCK_to_HET_COMP,HET_BLOCK_EL_25,HET_COMP_K0_L10_50,HET_BLOCK_to_HET_COMP,25.0,50.0,2.4760760358543235,25.0,2.592366518544431,True
HET_BLOCK_to_HET_COMP,HET_BLOCK_EL_25,HET_COMP_K10_L0_10,HET_BLOCK_to_HET_COMP,25.0,10.0,4.277770454801416,15.0,4.391633398412615,True
HET_BLOCK_to_HET_COMP,HET_BLOCK_EL_25,HET_COMP_K10_L0_30,HET_BLOCK_to_HET_COMP,25.0,30.0,5.547319720216502,5.0,5.656278517562642,True
HET_BLOCK_to_HET_COMP,HET_BLOCK_EL_25,HET_COMP_K10_L0_50,HET_BLOCK_to_HET_COMP,25.0,50.0,7.459339015631546,25.0,7.5756294983216526,True
HET_BLOCK_to_HET_COMP,HET_BLOCK_EL_25,HET_COMP_K2_L8_10,HET_BLOCK_to_HET_COMP,25.0,10.0,3.1187754804629315,15.0,3.2326384240741306,True
HET_BLOCK_to_HET_COMP,HET_BLOCK_EL_25,HET_COMP_K2_L8_30,HET_BLOCK_to_HET_COMP,25.0,30.0,2.744020277839861,5.0,2.8529790751860014,True
HET_BLOCK_to_HET_COMP,HET_BLOCK_EL_25,HET_COMP_K2_L8_50,HET_BLOCK_to_HET_COMP,25.0,50.0,3.424300127686711,25.0,3.5405906103768188,True
HET_BLOCK_to_HET_COMP,HET_BLOCK_EL_25,HET_COMP_K4_L6_10,HET_BLOCK_to_HET_COMP,25.0,10.0,3.207301688506398,15.0,3.321164632117597,True
HET_BLOCK_to_HET_COMP,HET_BLOCK_EL_4,HET_COMP_K0_L10_10,HET_BLOCK_to_HET_COMP,4.0,10.0,3.4355542470134974,6.0,3.545283797758774,True
HET_BLOCK_to_HET_COMP,HET_BLOCK_EL_4,HET_COMP_K0_L10_30,HET_BLOCK_to_HET_COMP,4.0,30.0,2.3426909545753944,26.0,2.4591701389054164,True
HET_BLOCK_to_HET_COMP,HET_BLOCK_EL_4,HET_COMP_K0_L10_50,HET_BLOCK_to_HET_COMP,4.0,50.0,4.164588111249188,46.0,4.283838849257738,True
HET_BLOCK_to_HET_COMP,HET_BLOCK_EL_4,HET_COMP_K10_L0_10,HET_BLOCK_to_HET_COMP,4.0,10.0,1.5512496329711034,6.0,1.66097918371638,True
HET_BLOCK_to_HET_COMP,HET_BLOCK_EL_4,HET_COMP_K10_L0_30,HET_BLOCK_to_HET_COMP,4.0,30.0,8.58848345815368,26.0,8.704962642483702,True
HET_BLOCK_to_HET_COMP,HET_BLOCK_EL_4,HET_COMP_K10_L0_50,HET_BLOCK_to_HET_COMP,4.0,50.0,10.10039119843447,46.0,10.21964193644302,True
HET_BLOCK_to_HET_COMP,HET_BLOCK_EL_4,HET_COMP_K2_L8_10,HET_BLOCK_to_HET_COMP,4.0,10.0,3.9300041613433643,6.0,4.0397337120886405,True
HET_BLOCK_to_HET_COMP,HET_BLOCK_EL_4,HET_COMP_K2_L8_30,HET_BLOCK_to_HET_COMP,4.0,30.0,3.673715937959584,26.0,3.7901951222896058,True
HET_BLOCK_to_HET_COMP,HET_BLOCK_EL_4,HET_COMP_K2_L8_50,HET_BLOCK_to_HET_COMP,4.0,50.0,4.113361803641385,46.0,4.232612541649935,True
HET_BLOCK_to_HET_COMP,HET_BLOCK_EL_4,HET_COMP_K4_L6_10,HET_BLOCK_to_HET_COMP,4.0,10.0,3.1188549458588257,6.0,3.2285844966041024,True
HET_BLOCK_to_HET_COMP,HET_BLOCK_EL_6,HET_COMP_K0_L10_10,HET_BLOCK_to_HET_COMP,6.0,10.0,1.5457340624058624,4.0,1.653781251968033,True
HET_BLOCK_to_HET_COMP,HET_BLOCK_EL_6,HET_COMP_K0_L10_30,HET_BLOCK_to_HET_COMP,6.0,30.0,1.699865888279345,24.0,1.815960267403686,True
HET_BLOCK_to_HET_COMP,HET_BLOCK_EL_6,HET_COMP_K0_L10_50,HET_BLOCK_to_HET_COMP,6.0,50.0,3.079788550597078,44.0,3.1988218630459295,True
HET_BLOCK_to_HET_COMP,HET_BLOCK_EL_6,HET_COMP_K10_L0_10,HET_BLOCK_to_HET_COMP,6.0,10.0,1.4248051315290764,4.0,1.532852321091247,True
HET_BLOCK_to_HET_COMP,HET_BLOCK_EL_6,HET_COMP_K10_L0_30,HET_BLOCK_to_HET_COMP,6.0,30.0,7.677908919582524,24.0,7.794003298706865,True
HET_BLOCK_to_HET_COMP,HET_BLOCK_EL_6,HET_COMP_K10_L0_50,HET_BLOCK_to_HET_COMP,6.0,50.0,9.30290668312652,44.0,9.421939995575372,True
HET_BLOCK_to_HET_COMP,HET_BLOCK_EL_6,HET_COMP_K2_L8_10,HET_BLOCK_to_HET_COMP,6.0,10.0,2.618969993404308,4.0,2.7270171829664784,True
HET_BLOCK_to_HET_COMP,HET_BLOCK_EL_6,HET_COMP_K2_L8_30,HET_BLOCK_to_HET_COMP,6.0,30.0,1.9015454417434,24.0,2.017639820867741,True
HET_BLOCK_to_HET_COMP,HET_BLOCK_EL_6,HET_COMP_K2_L8_50,HET_BLOCK_to_HET_COMP,6.0,50.0,3.546907210428915,44.0,3.665940522877767,True
HET_BLOCK_to_HET_COMP,HET_BLOCK_EL_6,HET_COMP_K4_L6_10,HET_BLOCK_to_HET_COMP,6.0,10.0,1.2113134669287915,4.0,1.3193606564909621,True
HET_BLOCK_to_HET_COMP,HET_BLOCK_EL_8,HET_COMP_K0_L10_10,HET_BLOCK_to_HET_COMP,8.0,10.0,1.420793530914268,2.0,1.5262865923576088,True
HET_BLOCK_to_HET_COMP,HET_BLOCK_EL_8,HET_COMP_K0_L10_30,HET_BLOCK_to_HET_COMP,8.0,30.0,3.3490267631368003,22.0,3.464704234216446,True
HET_BLOCK_to_HET_COMP,HET_BLOCK_EL_8,HET_COMP_K0_L10_50,HET_BLOCK_to_HET_COMP,8.0,50.0,3.695488481174336,42.0,3.8142944817528037,True
HET_BLOCK_to_HET_COMP,HET_BLOCK_EL_8,HET_COMP_K10_L0_10,HET_BLOCK_to_HET_COMP,8.0,10.0,3.309281507701489,2.0,3.41477456914483,True
HET_BLOCK_to_HET_COMP,HET_BLOCK_EL_8,HET_COMP_K10_L0_30,HET_BLOCK_to_HET_COMP,8.0,30.0,7.803467587982874,22.0,7.91914505906252,True
HET_BLOCK_to_HET_COMP,HET_BLOCK_EL_8,HET_COMP_K10_L0_50,HET_BLOCK_to_HET_COMP,8.0,50.0,9.719365273171107,42.0,9.838171273749575,True
HET_BLOCK_to_HET_COMP,HET_BLOCK_EL_8,HET_COMP_K2_L8_10,HET_BLOCK_to_HET_COMP,8.0,10.0,2.438092714215162,2.0,2.5435857756585025,True
HET_BLOCK_to_HET_COMP,HET_BLOCK_EL_8,HET_COMP_K2_L8_30,HET_BLOCK_to_HET_COMP,8.0,30.0,1.9625626832942025,22.0,2.078240154373848,True
HET_BLOCK_to_HET_COMP,HET_BLOCK_EL_8,HET_COMP_K2_L8_50,HET_BLOCK_to_HET_COMP,8.0,50.0,4.542774364406039,42.0,4.6615803649845065,True
HET_BLOCK_to_HET_COMP,HET_BLOCK_EL_8,HET_COMP_K4_L6_10,HET_BLOCK_to_HET_COMP,8.0,10.0,1.6754616081598355,2.0,1.7809546696031762,True
null_random,HET_ALT_KE_10,HET_ALT_EL_25,HET_ALT_to_HET_ALT,10.0,25.0,2.144218887313693,15.0,2.2580818309248922,False
null_random,HET_BLOCK_KE_2,HET_IDP_QN_25,HET_BLOCK_to_HET_IDP,2.0,25.0,8.265086068187037,23.0,8.380976337338776,False
null_random,HET_IDP_PABPN1_8,HET_KAPPA_0.0_20,HET_IDP_to_HET_KAPPA,8.0,20.0,0.8244076630544895,12.0,0.9372324098417972,False
null_random,HET_BLOCK_KE_4,HET_ALT_KE_6,HET_BLOCK_to_HET_ALT,4.0,6.0,1.705561210399984,2.0,1.8110542718433247,False
null_random,HET_IDP_LAF1_12,HET_KAPPA_1.0_20,HET_IDP_to_HET_KAPPA,12.0,20.0,2.9336340122234597,8.0,3.044620135110141,False
null_random,HET_ALT_GS_10,HET_BLOCK_GE_15,HET_ALT_to_HET_BLOCK,10.0,15.0,1.2417337694391113,5.0,1.3506925667852516,False
null_random,HET_BLOCK_EL_2,HET_BLOCK_KL_12,HET_BLOCK_to_HET_BLOCK,2.0,12.0,4.715084124675711,10.0,4.827073601039702,False
null_random,HET_ALT_KE_6,HET_ALT_KL_8,HET_ALT_to_HET_ALT,6.0,8.0,1.1022002140721765,2.0,1.2076932755155172,False
null_random,HET_IDP_QN_5,HET_IDP_FUS_2,HET_IDP_to_HET_IDP,5.0,2.0,2.3197517302930595,3.0,2.426683202098659,False
null_random,HET_IDP_ASYN_4,HET_IDP_DDX4_8,HET_IDP_to_HET_IDP,4.0,8.0,2.3181739684732725,4.0,2.426221158035443,False
null_random,HET_IDP_TAU_4,HET_IDP_FUS_4,HET_IDP_to_HET_IDP,4.0,4.0,1.8567689934339826,0.0,1.9567689934339827,False
null_random,HET_BLOCK_KE_6,HET_IDP_RGG_3,HET_BLOCK_to_HET_IDP,6.0,3.0,2.7551847112469705,3.0,2.86211618305257,False
null_random,HET_COMP_K10_L0_30,HET_COMP_K2_L8_30,HET_COMP_to_HET_COMP,30.0,30.0,7.552256543062188,0.0,7.652256543062188,False
null_random,HET_COMP_K2_L8_30,HET_IDP_ASYN_10,HET_COMP_to_HET_IDP,30.0,10.0,4.363708312544031,20.0,4.478930924732647,False
null_random,HET_KAPPA_0.0_60,HET_BLOCK_EL_8,HET_KAPPA_to_HET_BLOCK,60.0,8.0,4.034361195213731,52.0,4.1542126547814915,False
null_random,HET_IDP_LAF1_20,HET_IDP_FUS_4,HET_IDP_to_HET_IDP,20.0,4.0,6.032919778877378,16.0,6.147085845597659,False
null_random,HET_IDP_EWSR1_5,HET_IDP_LAF1_15,HET_IDP_to_HET_IDP,5.0,15.0,2.5846682371597463,10.0,2.6966577135237384,False
null_random,HET_IDP_CPEB4_12,HET_IDP_ASYN_3,HET_IDP_to_HET_IDP,12.0,3.0,2.872952644669178,9.0,2.9844655701341485,False
null_random,HET_IDP_LAF1_8,HET_BLOCK_EL_25,HET_IDP_to_HET_BLOCK,8.0,25.0,2.105614083802298,17.0,2.220065942591779,False
null_random,HET_BLOCK_EL_12,HET_COMP_K2_L8_10,HET_BLOCK_to_HET_COMP,12.0,10.0,2.7235777746087915,2.0,2.829070836052132,False
null_random,HET_ALT_EL_20,HET_KAPPA_0.7_20,HET_ALT_to_HET_KAPPA,20.0,20.0,5.247232464433183,0.0,5.347232464433183,False
null_random,HET_IDP_DDX4_25,HET_IDP_ASYN_7,HET_IDP_to_HET_IDP,25.0,7.0,5.945761307851027,18.0,6.060483502746859,False
null_random,HET_IDP_TAU_2,HET_KAPPA_0.7_20,HET_IDP_to_HET_KAPPA,2.0,20.0,3.524626197882327,18.0,3.6393483927781594,False
null_random,HET_BLOCK_EL_15,HET_ALT_KE_4,HET_BLOCK_to_HET_ALT,15.0,4.0,3.773717706272656,11.0,3.886142239521596,False
null_random,HET_BLOCK_KE_20,HET_KAPPA_0.5_20,HET_BLOCK_to_HET_KAPPA,20.0,20.0,1.9738749110940157,0.0,2.073874911094016,False
null_random,HET_ALT_EL_15,HET_IDP_DDX4_10,HET_ALT_to_HET_IDP,15.0,10.0,2.4588085353364444,5.0,2.567767332682585,False
null_random,HET_ALT_EL_15,HET_ALT_EL_12,HET_ALT_to_HET_ALT,15.0,12.0,1.7699406451737283,3.0,1.8768721169793279,False
null_random,HET_COMP_K10_L0_50,HET_IDP_TAU_6,HET_COMP_to_HET_IDP,50.0,6.0,8.544393872925195,44.0,8.663427185374045,False
null_random,HET_ALT_KL_3,HET_IDP_CPEB4_10,HET_ALT_to_HET_IDP,3.0,10.0,4.202880394302311,7.0,4.31327760201071,False
null_random,HET_IDP_PABPN1_25,HET_ALT_KE_20,HET_IDP_to_HET_ALT,25.0,20.0,4.5108613813617335,5.0,4.619820178707873,False
null_random,HET_IDP_DDX4_10,HET_COMP_K0_L10_30,HET_IDP_to_HET_COMP,10.0,30.0,2.848371027755863,20.0,2.9635936399444804,False
null_random,HET_ALT_EL_15,HET_IDP_QN_25,HET_ALT_to_HET_IDP,15.0,25.0,5.732850416693909,10.0,5.8448398930579,False
null_random,HET_IDP_RGG_12,HET_BLOCK_GE_12,HET_IDP_to_HET_BLOCK,12.0,12.0,3.023256864191573,0.0,3.123256864191573,False
null_random,HET_IDP_QN_8,HET_IDP_LAF1_3,HET_IDP_to_HET_IDP,8.0,3.0,2.8421399204162316,5.0,2.951098717762372,False
null_random,HET_IDP_LAF1_5,HET_ALT_KE_5,HET_IDP_to_HET_ALT,5.0,5.0,2.6960505310490004,0.0,2.7960505310490005,False
null_random,HET_COMP_K6_L4_30,HET_KAPPA_0.3_60,HET_COMP_to_HET_KAPPA,30.0,60.0,3.942562180126819,30.0,4.059732116149244,False
null_random,HET_IDP_LAF1_2,HET_IDP_PABPN1_10,HET_IDP_to_HET_IDP,2.0,10.0,3.7497272083267217,8.0,3.860713331213403,False
null_random,HET_IDP_EWSR1_5,HET_BLOCK_EL_20,HET_IDP_to_HET_BLOCK,5.0,20.0,1.1496030705347442,15.0,1.2634660141459433,False
null_random,HET_BLOCK_EL_12,HET_IDP_RGG_4,HET_BLOCK_to_HET_IDP,12.0,4.0,1.8757651903590824,8.0,1.9867513132457635,False
null_random,HET_IDP_QN_20,HET_KAPPA_0.0_60,HET_IDP_to_HET_KAPPA,20.0,60.0,1.7866385900051256,40.0,1.9052064503386472,False
null_random,HET_BLOCK_KE_4,HET_ALT_GS_2,HET_BLOCK_to_HET_ALT,4.0,2.0,2.5829362958484254,2.0,2.688429357291766,False
null_random,HET_KAPPA_0.3_60,HET_ALT_KE_8,HET_KAPPA_to_HET_ALT,60.0,8.0,4.299992272222838,52.0,4.419843731790598,False
null_random,HET_BLOCK_GE_12,HET_IDP_LAF1_12,HET_BLOCK_to_HET_IDP,12.0,12.0,2.6049036755265593,0.0,2.7049036755265594,False
null_random,HET_BLOCK_KL_15,HET_IDP_LAF1_4,HET_BLOCK_to_HET_IDP,15.0,4.0,3.343103729297527,11.0,3.455528262546467,False
null_random,HET_BLOCK_KL_10,HET_IDP_QN_6,HET_BLOCK_to_HET_IDP,10.0,6.0,0.7089459800023027,4.0,0.8169931695644732,False
null_random,HET_IDP_QN_6,HET_IDP_DDX4_6,HET_IDP_to_HET_IDP,6.0,6.0,1.5416319289903913,0.0,1.6416319289903913,False
null_random,HET_ALT_GS_3,HET_IDP_TAU_4,HET_ALT_to_HET_IDP,3.0,4.0,3.206903334495931,1.0,3.310369070398731,False
null_random,HET_ALT_KE_5,HET_IDP_FUS_2,HET_ALT_to_HET_IDP,5.0,2.0,2.4091073051691674,3.0,2.5160387769747667,False
null_random,HET_ALT_KE_15,HET_ALT_KL_5,HET_ALT_to_HET_ALT,15.0,5.0,2.2092330613570423,10.0,2.3212225377210345,False
null_random,HET_BLOCK_KE_6,HET_BLOCK_KE_25,HET_BLOCK_to_HET_BLOCK,6.0,25.0,4.372625638687013,19.0,4.487604300054782,False
null_random,HET_IDP_LAF1_6,HET_ALT_KE_5,HET_IDP_to_HET_ALT,6.0,5.0,4.029406601967989,1.0,4.132872337870788,False
null_random,HET_IDP_CPEB4_12,HET_IDP_TAU_10,HET_IDP_to_HET_IDP,12.0,10.0,1.8522483266729195,2.0,1.9577413881162602,False
null_random,HET_BLOCK_KE_12,HET_IDP_TAU_6,HET_BLOCK_to_HET_IDP,12.0,6.0,1.0493739153665196,6.0,1.1591034661117963,False
null_random,HET_IDP_ASYN_8,HET_KAPPA_0.5_20,HET_IDP_to_HET_KAPPA,8.0,20.0,2.3111673292805954,12.0,2.4239920760679032,False
null_random,HET_COMP_K2_L8_10,HET_ALT_KE_8,HET_COMP_to_HET_ALT,10.0,8.0,1.456872377555181,2.0,1.5623654389985218,False
null_random,HET_ALT_KL_4,HET_BLOCK_EL_25,HET_ALT_to_HET_BLOCK,4.0,25.0,3.6530317770191605,21.0,3.768486989285952,False
null_random,HET_IDP_CPEB4_2,HET_IDP_EWSR1_25,HET_IDP_to_HET_IDP,2.0,25.0,7.769403661643569,23.0,7.885293930795308,False
null_random,HET_BLOCK_GE_20,HET_IDP_LAF1_5,HET_BLOCK_to_HET_IDP,20.0,5.0,1.2628788355049472,15.0,1.3767417791161463,False
null_random,HET_KAPPA_0.9_40,HET_KAPPA_0.7_60,HET_KAPPA_to_HET_KAPPA,40.0,60.0,2.951249900285329,20.0,3.0664725124739465,False
null_random,HET_ALT_KL_25,HET_BLOCK_EL_25,HET_ALT_to_HET_BLOCK,25.0,25.0,3.655031309459244,0.0,3.7550313094592442,False
null_random,HET_KAPPA_0.3_20,HET_ALT_EL_8,HET_KAPPA_to_HET_ALT,20.0,8.0,2.301730335380081,12.0,2.414555082167389,False
null_random,HET_ALT_EL_5,HET_IDP_FUS_10,HET_ALT_to_HET_IDP,5.0,10.0,2.901381348438406,5.0,3.0103401457845465,False
null_random,HET_KAPPA_0.3_20,HET_ALT_EL_15,HET_KAPPA_to_HET_ALT,20.0,15.0,0.6603018503899365,5.0,0.7692606477360767,False
null_random,HET_KAPPA_0.5_20,HET_BLOCK_KE_8,HET_KAPPA_to_HET_BLOCK,20.0,8.0,1.6838740563947996,12.0,1.7966988031821074,False
null_random,HET_IDP_CPEB4_6,HET_KAPPA_1.0_60,HET_IDP_to_HET_KAPPA,6.0,60.0,3.8250439808695824,54.0,3.945080646795745,False
null_random,HET_BLOCK_GE_25,HET_ALT_KL_15,HET_BLOCK_to_HET_ALT,25.0,15.0,2.208449135205599,10.0,2.320438611569591,False
null_random,HET_IDP_QN_10,HET_ALT_KE_15,HET_IDP_to_HET_ALT,10.0,15.0,0.9523532717409076,5.0,1.061312069087048,False
null_random,HET_COMP_K10_L0_50,HET_COMP_K2_L8_50,HET_COMP_to_HET_COMP,50.0,50.0,7.414115121120732,0.0,7.5141151211207315,False
null_random,HET_ALT_EL_6,HET_IDP_CPEB4_8,HET_ALT_to_HET_IDP,6.0,8.0,2.8907477691126773,2.0,2.996240830556018,False
null_random,HET_ALT_EL_6,HET_ALT_KL_3,HET_ALT_to_HET_ALT,6.0,3.0,2.406779717830154,3.0,2.5137111896357536,False
null_random,HET_BLOCK_GE_10,HET_ALT_KE_18,HET_BLOCK_to_HET_ALT,10.0,18.0,3.123365542694094,8.0,3.234351665580775,False
null_random,HET_IDP_ASYN_7,HET_IDP_ASYN_1,HET_IDP_to_HET_IDP,7.0,1.0,5.033755442157862,6.0,5.143484992903137,False
null_random,HET_IDP_QN_2,HET_IDP_PABPN1_2,HET_IDP_to_HET_IDP,2.0,2.0,2.5720818207667957,0.0,2.672081820766796,False
null_random,HET_IDP_ASYN_10,HET_IDP_QN_10,HET_IDP_to_HET_IDP,10.0,10.0,3.1858703727669395,0.0,3.2858703727669396,False
null_random,HET_IDP_TAU_4,HET_ALT_EL_15,HET_IDP_to_HET_ALT,4.0,15.0,2.9762952196191215,11.0,3.0887197528680614,False
null_random,HET_IDP_FUS_12,HET_IDP_PABPN1_25,HET_IDP_to_HET_IDP,12.0,25.0,3.7990924208665215,13.0,3.912287707514598,False
null_random,HET_IDP_DDX4_10,HET_IDP_FUS_18,HET_IDP_to_HET_IDP,10.0,18.0,2.7554013390679852,8.0,2.8663874619546665,False
null_random,HET_ALT_KE_3,HET_BLOCK_KL_18,HET_ALT_to_HET_BLOCK,3.0,18.0,3.7814975924168537,15.0,3.8953605360280528,False
null_random,HET_ALT_KL_4,HET_IDP_EWSR1_18,HET_ALT_to_HET_IDP,4.0,18.0,5.311534926430316,14.0,5.4250751774358275,False
null_random,HET_ALT_KE_6,HET_KAPPA_0.0_40,HET_ALT_to_HET_KAPPA,6.0,40.0,3.2254171624316417,34.0,3.3431939027390887,False
null_random,HET_IDP_RGG_6,HET_IDP_ASYN_9,HET_IDP_to_HET_IDP,6.0,9.0,2.9329997238113776,3.0,3.039931195616977,False
null_random,HET_IDP_PABPN1_12,HET_IDP_EWSR1_6,HET_IDP_to_HET_IDP,12.0,6.0,3.629787995666096,6.0,3.739517546411373,False
null_random,HET_ALT_KE_10,HET_IDP_FUS_18,HET_ALT_to_HET_IDP,10.0,18.0,2.450109389239553,8.0,2.561095512126234,False
null_random,HET_BLOCK_EL_15,HET_IDP_EWSR1_5,HET_BLOCK_to_HET_IDP,15.0,5.0,2.1572864183317995,10.0,2.2692758946957916,False
null_random,HET_IDP_TAU_8,HET_ALT_KL_15,HET_IDP_to_HET_ALT,8.0,15.0,2.1015123234450557,7.0,2.211909531153455,False
null_random,HET_IDP_RGG_25,HET_IDP_DDX4_25,HET_IDP_to_HET_IDP,25.0,25.0,0.9971185004116944,0.0,1.0971185004116943,False
null_random,HET_ALT_GS_2,HET_IDP_TAU_15,HET_ALT_to_HET_IDP,2.0,15.0,9.041843301362153,13.0,9.155038588010228,False
null_random,HET_IDP_EWSR1_5,HET_IDP_PABPN1_6,HET_IDP_to_HET_IDP,5.0,6.0,0.6018267837359261,1.0,0.7052925196387259,False
null_random,HET_IDP_DDX4_15,HET_IDP_RGG_4,HET_IDP_to_HET_IDP,15.0,4.0,3.2342220837084747,11.0,3.3466466169574147,False
null_random,HET_BLOCK_KL_8,HET_IDP_QN_8,HET_BLOCK_to_HET_IDP,8.0,8.0,1.3494088104942852,0.0,1.4494088104942853,False
null_random,HET_IDP_TAU_4,HET_IDP_CPEB4_6,HET_IDP_to_HET_IDP,4.0,6.0,2.7122944487188376,2.0,2.8177875101621783,False
null_random,HET_IDP_DDX4_18,HET_KAPPA_0.3_20,HET_IDP_to_HET_KAPPA,18.0,20.0,2.951634728214991,2.0,3.0571277896583315,False
null_random,HET_IDP_EWSR1_5,HET_ALT_EL_2,HET_IDP_to_HET_ALT,5.0,2.0,4.926397223246931,3.0,5.03332869505253,False
null_random,HET_COMP_K6_L4_30,HET_BLOCK_KE_25,HET_COMP_to_HET_BLOCK,30.0,25.0,2.061707314106344,5.0,2.1706661114524843,False
null_random,HET_ALT_KE_3,HET_KAPPA_1.0_60,HET_ALT_to_HET_KAPPA,3.0,60.0,5.129526137843026,57.0,5.249828352895758,False
null_random,HET_IDP_CPEB4_10,HET_IDP_PABPN1_12,HET_IDP_to_HET_IDP,10.0,12.0,3.2389460970449164,2.0,3.344439158488257,False
null_random,HET_IDP_FUS_18,HET_BLOCK_KE_2,HET_IDP_to_HET_BLOCK,18.0,2.0,7.05731797993416,16.0,7.171484046654441,False
null_random,HET_ALT_KE_5,HET_COMP_K10_L0_50,HET_ALT_to_HET_COMP,5.0,50.0,9.647590696683492,45.0,9.766733903665937,False
null_random,HET_IDP_DDX4_5,HET_ALT_GS_25,HET_IDP_to_HET_ALT,5.0,25.0,1.7052321124260232,20.0,1.8204547246146405,False
null_random,HET_KAPPA_0.9_40,HET_BLOCK_KE_12,HET_KAPPA_to_HET_BLOCK,40.0,12.0,1.2665990919512056,28.0,1.3834355711011381,False
null_random,HET_IDP_DDX4_10,HET_IDP_ASYN_2,HET_IDP_to_HET_IDP,10.0,2.0,2.224816633391877,8.0,2.335802756278558,False
null_random,HET_IDP_LAF1_3,HET_IDP_CPEB4_15,HET_IDP_to_HET_IDP,3.0,15.0,3.9716014601030607,12.0,4.0844262068903685,False
null_random,HET_ALT_KL_20,HET_IDP_RGG_2,HET_ALT_to_HET_IDP,20.0,2.0,3.633669993379219,18.0,3.7483921882750515,False
null_random,HET_BLOCK_KL_18,HET_IDP_CPEB4_18,HET_BLOCK_to_HET_IDP,18.0,18.0,4.464684373148786,0.0,4.564684373148785,False
null_random,HET_BLOCK_KL_18,HET_ALT_KE_8,HET_BLOCK_to_HET_ALT,18.0,8.0,2.0971481801672707,10.0,2.209137656531263,False
null_random,HET_IDP_CPEB4_12,HET_BLOCK_EL_20,HET_IDP_to_HET_BLOCK,12.0,20.0,1.349096549950626,8.0,1.460082672837307,False
null_random,HET_IDP_RGG_4,HET_BLOCK_EL_15,HET_IDP_to_HET_BLOCK,4.0,15.0,1.7501119094876072,11.0,1.8625364427365474,False
null_random,HET_ALT_KL_4,HET_BLOCK_KL_20,HET_ALT_to_HET_BLOCK,4.0,20.0,2.8184449843874857,16.0,2.932611051107767,False
null_random,HET_IDP_PABPN1_4,HET_IDP_EWSR1_3,HET_IDP_to_HET_IDP,4.0,3.0,2.822178078388039,1.0,2.9256438142908388,False
null_random,HET_KAPPA_0.7_60,HET_IDP_CPEB4_4,HET_KAPPA_to_HET_IDP,60.0,4.0,4.01449045186663,56.0,4.134705708205802,False
null_random,HET_IDP_PABPN1_8,HET_IDP_FUS_25,HET_IDP_to_HET_IDP,8.0,25.0,2.67994512958493,17.0,2.7943969883744106,False
null_random,HET_IDP_RGG_4,HET_COMP_K8_L2_10,HET_IDP_to_HET_COMP,4.0,10.0,0.7166199604453499,6.0,0.8263495111906265,False
null_random,HET_IDP_TAU_25,HET_IDP_TAU_18,HET_IDP_to_HET_IDP,25.0,18.0,6.155370709361097,7.0,6.265767917069496,False
null_random,HET_COMP_K4_L6_30,HET_BLOCK_KL_12,HET_COMP_to_HET_BLOCK,30.0,12.0,1.6887041957655837,18.0,1.803426390661416,False
null_random,HET_ALT_KE_10,HET_ALT_EL_4,HET_ALT_to_HET_ALT,10.0,4.0,2.648229323678188,6.0,2.7579588744234647,False
null_random,HET_IDP_EWSR1_2,HET_ALT_EL_15,HET_IDP_to_HET_ALT,2.0,15.0,2.724131409419621,13.0,2.8373266960676977,False
null_random,HET_ALT_GS_18,HET_IDP_TAU_25,HET_ALT_to_HET_IDP,18.0,25.0,13.850378803671578,7.0,13.960776011379977,False
null_random,HET_ALT_KL_8,HET_IDP_EWSR1_8,HET_ALT_to_HET_IDP,8.0,8.0,1.716685070484847,0.0,1.8166850704848472,False
null_random,HET_IDP_FUS_10,HET_ALT_KL_3,HET_IDP_to_HET_ALT,10.0,3.0,4.100677167976675,7.0,4.211074375685074,False
null_random,HET_IDP_RGG_6,HET_ALT_KE_5,HET_IDP_to_HET_ALT,6.0,5.0,3.7342627993615283,1.0,3.8377285352643282,False
null_random,HET_KAPPA_0.7_20,HET_IDP_QN_4,HET_KAPPA_to_HET_IDP,20.0,4.0,3.52180963169169,16.0,3.635975698411971,False
null_random,HET_IDP_RGG_8,HET_KAPPA_0.5_60,HET_IDP_to_HET_KAPPA,8.0,60.0,3.330282418112008,52.0,3.450133877679769,False
null_random,HET_IDP_DDX4_8,HET_COMP_K8_L2_50,HET_IDP_to_HET_COMP,8.0,50.0,2.590583978956974,42.0,2.7093899795354415,False
null_random,HET_ALT_EL_20,HET_IDP_DDX4_2,HET_ALT_to_HET_IDP,20.0,2.0,3.7559321332228928,18.0,3.870654328118725,False
null_random,HET_IDP_EWSR1_3,HET_IDP_FUS_8,HET_IDP_to_HET_IDP,3.0,8.0,1.7874852329885533,5.0,1.8964440303346937,False
null_random,HET_BLOCK_GE_20,HET_KAPPA_0.5_60,HET_BLOCK_to_HET_KAPPA,20.0,60.0,3.074415794963149,40.0,3.192983655296671,False
null_random,HET_COMP_K0_L10_50,HET_IDP_QN_5,HET_COMP_to_HET_IDP,50.0,5.0,2.7673022677988652,45.0,2.886445474781311,False
null_random,HET_COMP_K6_L4_30,HET_KAPPA_0.0_20,HET_COMP_to_HET_KAPPA,30.0,20.0,2.1758910839968486,10.0,2.2878805603608408,False
null_random,HET_IDP_QN_8,HET_IDP_LAF1_12,HET_IDP_to_HET_IDP,8.0,12.0,2.7492000962208993,4.0,2.8572472857830697,False
null_random,HET_IDP_PABPN1_4,HET_ALT_KL_5,HET_IDP_to_HET_ALT,4.0,5.0,2.42037835620887,1.0,2.52384409211167,False
null_random,HET_IDP_FUS_8,HET_KAPPA_1.0_60,HET_IDP_to_HET_KAPPA,8.0,60.0,3.6253039396413116,52.0,3.7451553992090725,False
null_random,HET_ALT_KE_18,HET_ALT_GS_5,HET_ALT_to_HET_ALT,18.0,5.0,2.753387104366996,13.0,2.8665823910150725,False
null_random,HET_IDP_LAF1_5,HET_IDP_LAF1_2,HET_IDP_to_HET_IDP,5.0,2.0,3.6078508944152623,3.0,3.7147823662208617,False
null_random,HET_IDP_FUS_18,HET_BLOCK_KE_10,HET_IDP_to_HET_BLOCK,18.0,10.0,3.5887354092008468,8.0,3.699721532087528,False
null_random,HET_ALT_EL_12,HET_ALT_KE_2,HET_ALT_to_HET_ALT,12.0,2.0,5.214899057238283,10.0,5.326888533602275,False
null_random,HET_IDP_QN_10,HET_COMP_K2_L8_50,HET_IDP_to_HET_COMP,10.0,50.0,2.9275281958456576,40.0,3.0460960561791794,False
null_random,HET_IDP_DDX4_6,HET_IDP_TAU_25,HET_IDP_to_HET_IDP,6.0,25.0,13.359604115697758,19.0,13.474582777065528,False
null_random,HET_IDP_DDX4_6,HET_IDP_TAU_18,HET_IDP_to_HET_IDP,6.0,18.0,8.001852485452579,12.0,8.114677232239886,False
null_random,HET_ALT_KL_15,HET_IDP_PABPN1_25,HET_ALT_to_HET_IDP,15.0,25.0,4.196873029188754,10.0,4.308862505552745,False
null_random,HET_BLOCK_GE_8,HET_KAPPA_0.9_40,HET_BLOCK_to_HET_KAPPA,8.0,40.0,2.1295173945491626,32.0,2.246999932356495,False
null_random,HET_IDP_DDX4_5,HET_IDP_QN_4,HET_IDP_to_HET_IDP,5.0,4.0,1.3469676193740026,1.0,1.4504333552768023,False
null_random,HET_IDP_DDX4_3,HET_ALT_EL_25,HET_IDP_to_HET_ALT,3.0,25.0,2.5195096369984413,22.0,2.635187108078087,False
null_random,HET_COMP_K6_L4_30,HET_ALT_GS_5,HET_COMP_to_HET_ALT,30.0,5.0,1.8616820791724908,25.0,1.9779725618625983,False
null_random,HET_COMP_K0_L10_30,HET_BLOCK_KE_6,HET_COMP_to_HET_BLOCK,30.0,6.0,3.36140447620691,24.0,3.4774988553312514,False
null_random,HET_ALT_KE_3,HET_ALT_KL_25,HET_ALT_to_HET_ALT,3.0,25.0,4.554474445882275,22.0,4.67015191696192,False
null_random,HET_COMP_K0_L10_10,HET_IDP_PABPN1_20,HET_COMP_to_HET_IDP,10.0,20.0,3.627830282612082,10.0,3.739819758976074,False
null_random,HET_IDP_DDX4_12,HET_IDP_LAF1_15,HET_IDP_to_HET_IDP,12.0,15.0,1.9776698853377843,3.0,2.084601357143384,False
null_random,HET_BLOCK_EL_18,HET_BLOCK_GE_2,HET_BLOCK_to_HET_BLOCK,18.0,2.0,4.0108311871111075,16.0,4.124997253831388,False
null_random,HET_BLOCK_EL_12,HET_COMP_K0_L10_50,HET_BLOCK_to_HET_COMP,12.0,50.0,2.8072468155208528,38.0,2.925564623751501,False
null_random,HET_ALT_KE_2,HET_IDP_TAU_8,HET_ALT_to_HET_IDP,2.0,8.0,5.6001615745401985,6.0,5.709891125285474,False
null_random,HET_ALT_EL_2,HET_ALT_KE_2,HET_ALT_to_HET_ALT,2.0,2.0,2.531648485487024,0.0,2.631648485487024,False
null_random,HET_ALT_KL_8,HET_IDP_EWSR1_12,HET_ALT_to_HET_IDP,8.0,12.0,4.086101649427666,4.0,4.194148838989836,False
null_random,HET_ALT_KL_2,HET_ALT_EL_5,HET_ALT_to_HET_ALT,2.0,5.0,3.9018402862338286,3.0,4.008771758039428,False
null_random,HET_IDP_RGG_5,HET_BLOCK_GE_18,HET_IDP_to_HET_BLOCK,5.0,18.0,1.770494685471951,13.0,1.8836899721200273,False
null_random,HET_IDP_PABPN1_4,HET_IDP_QN_20,HET_IDP_to_HET_IDP,4.0,20.0,4.030233919617994,16.0,4.144399986338275,False
null_random,HET_ALT_EL_25,HET_KAPPA_0.9_40,HET_ALT_to_HET_KAPPA,25.0,40.0,1.29111229087899,15.0,1.4049752344901891,False
null_random,HET_ALT_KE_3,HET_KAPPA_0.0_40,HET_ALT_to_HET_KAPPA,3.0,40.0,4.4078031475999175,37.0,4.525991078398549,False
null_random,HET_IDP_FUS_8,HET_IDP_PABPN1_3,HET_IDP_to_HET_IDP,8.0,3.0,3.3759252086210028,5.0,3.4848840059671433,False
null_random,HET_IDP_QN_25,HET_IDP_FUS_12,HET_IDP_to_HET_IDP,25.0,12.0,5.308906636145589,13.0,5.422101922793665,False
null_random,HET_BLOCK_KL_2,HET_ALT_KL_10,HET_BLOCK_to_HET_ALT,2.0,10.0,5.134190931538944,8.0,5.245177054425625,False
null_random,HET_ALT_KL_8,HET_KAPPA_0.3_20,HET_ALT_to_HET_KAPPA,8.0,20.0,2.293786068078112,12.0,2.4066108148654197,False
null_random,HET_IDP_TAU_25,HET_COMP_K0_L10_10,HET_IDP_to_HET_COMP,25.0,10.0,14.668426468737698,15.0,14.782289412348897,False
null_random,HET_COMP_K6_L4_30,HET_KAPPA_0.0_40,HET_COMP_to_HET_KAPPA,30.0,40.0,2.8618096116995617,10.0,2.973799088063554,False
null_random,HET_IDP_ASYN_2,HET_IDP_FUS_4,HET_IDP_to_HET_IDP,2.0,4.0,1.5146112235075573,2.0,1.620104284950898,False
null_random,HET_BLOCK_EL_6,HET_IDP_LAF1_8,HET_BLOCK_to_HET_IDP,6.0,8.0,2.426603222862222,2.0,2.5320962843055628,False
null_random,HET_BLOCK_KL_20,HET_IDP_ASYN_1,HET_BLOCK_to_HET_IDP,20.0,1.0,4.990357597015832,19.0,5.105336258383601,False
null_random,HET_IDP_FUS_2,HET_IDP_FUS_4,HET_IDP_to_HET_IDP,2.0,4.0,2.1706392750653145,2.0,2.276132336508655,False
null_random,HET_BLOCK_EL_10,HET_ALT_EL_18,HET_BLOCK_to_HET_ALT,10.0,18.0,2.4629359955219035,8.0,2.5739221184085848,False
null_random,HET_BLOCK_KE_10,HET_IDP_DDX4_18,HET_BLOCK_to_HET_IDP,10.0,18.0,3.5468105032418484,8.0,3.6577966261285297,False
null_random,HET_ALT_GS_8,HET_IDP_TAU_8,HET_ALT_to_HET_IDP,8.0,8.0,2.242558905017791,0.0,2.3425589050177913,False
null_random,HET_BLOCK_EL_12,HET_IDP_TAU_20,HET_BLOCK_to_HET_IDP,12.0,20.0,10.214640517741948,8.0,10.325626640628629,False
null_random,HET_IDP_DDX4_12,HET_IDP_QN_4,HET_IDP_to_HET_IDP,12.0,4.0,2.454908762183623,8.0,2.5658948850703043,False
null_random,HET_IDP_LAF1_20,HET_IDP_TAU_12,HET_IDP_to_HET_IDP,20.0,12.0,1.8315026363446507,8.0,1.9424887592313318,False
null_random,HET_BLOCK_KL_12,HET_ALT_KE_12,HET_BLOCK_to_HET_ALT,12.0,12.0,2.3547809442037266,0.0,2.4547809442037267,False
null_random,HET_IDP_CPEB4_8,HET_ALT_KL_4,HET_IDP_to_HET_ALT,8.0,4.0,2.8727838455801193,4.0,2.9808310351422898,False
null_random,HET_COMP_K6_L4_10,HET_IDP_CPEB4_18,HET_COMP_to_HET_IDP,10.0,18.0,5.977118143096559,8.0,6.08810426598324,False
null_random,HET_IDP_RGG_5,HET_IDP_CPEB4_6,HET_IDP_to_HET_IDP,5.0,6.0,2.3989393101101726,1.0,2.5024050460129725,False
null_random,HET_KAPPA_0.7_60,HET_COMP_K10_L0_50,HET_KAPPA_to_HET_COMP,60.0,50.0,6.112863595107942,10.0,6.224853071471934,False
null_random,HET_COMP_K4_L6_10,HET_IDP_PABPN1_3,HET_COMP_to_HET_IDP,10.0,3.0,1.04416392837846,7.0,1.1545611360868593,False
null_random,HET_ALT_EL_12,HET_ALT_EL_2,HET_ALT_to_HET_ALT,12.0,2.0,4.960671332050578,10.0,5.072660808414569,False
null_random,HET_ALT_KL_8,HET_BLOCK_KL_25,HET_ALT_to_HET_BLOCK,8.0,25.0,3.473601897650517,17.0,3.5880537564399977,False
null_random,HET_BLOCK_KE_4,HET_ALT_EL_20,HET_BLOCK_to_HET_ALT,4.0,20.0,3.3131719591121596,16.0,3.427338025832441,False
null_random,HET_IDP_LAF1_20,HET_IDP_CPEB4_25,HET_IDP_to_HET_IDP,20.0,25.0,1.9716401943425368,5.0,2.080598991688677,False
null_random,HET_ALT_KE_20,HET_COMP_K6_L4_30,HET_ALT_to_HET_COMP,20.0,30.0,1.9084844234810587,10.0,2.0204738998450504,False
null_random,HET_KAPPA_0.3_20,HET_IDP_FUS_3,HET_KAPPA_to_HET_IDP,20.0,3.0,1.6812087615070541,17.0,1.795660620296535,False
null_random,HET_ALT_GS_12,HET_IDP_LAF1_6,HET_ALT_to_HET_IDP,12.0,6.0,1.818418079806038,6.0,1.9281476305513148,False
null_random,HET_BLOCK_EL_4,HET_IDP_DDX4_8,HET_BLOCK_to_HET_IDP,4.0,8.0,4.913026849629282,4.0,5.021074039191452,False
null_random,HET_IDP_PABPN1_20,HET_BLOCK_KL_15,HET_IDP_to_HET_BLOCK,20.0,15.0,3.480063203258229,5.0,3.5890220006043694,False
null_random,HET_IDP_PABPN1_2,HET_BLOCK_KE_18,HET_IDP_to_HET_BLOCK,2.0,18.0,5.681276860893009,16.0,5.79544292761329,False
null_random,HET_IDP_RGG_4,HET_IDP_RGG_8,HET_IDP_to_HET_IDP,4.0,8.0,1.7864830592859735,4.0,1.8945302488481441,False
null_random,HET_ALT_GS_18,HET_BLOCK_KL_8,HET_ALT_to_HET_BLOCK,18.0,8.0,2.4986282989202544,10.0,2.6106177752842465,False
null_random,HET_ALT_KE_12,HET_BLOCK_KL_4,HET_ALT_to_HET_BLOCK,12.0,4.0,3.71871794209812,8.0,3.829704064984801,False
null_random,HET_IDP_LAF1_20,HET_KAPPA_0.0_60,HET_IDP_to_HET_KAPPA,20.0,60.0,3.4670991272636003,40.0,3.585666987597122,False
null_random,HET_IDP_QN_25,HET_ALT_GS_20,HET_IDP_to_HET_ALT,25.0,20.0,6.0518400560508505,5.0,6.16079885339699,False
null_random,HET_KAPPA_0.0_20,HET_IDP_PABPN1_3,HET_KAPPA_to_HET_IDP,20.0,3.0,2.1038673857900743,17.0,2.218319244579555,False
null_random,HET_IDP_ASYN_9,HET_BLOCK_GE_4,HET_IDP_to_HET_BLOCK,9.0,4.0,5.502075631658623,5.0,5.6110344290047625,False
null_random,HET_BLOCK_GE_4,HET_IDP_PABPN1_18,HET_BLOCK_to_HET_IDP,4.0,18.0,4.234495136075931,14.0,4.348035387081442,False
null_random,HET_BLOCK_EL_12,HET_BLOCK_KL_20,HET_BLOCK_to_HET_BLOCK,12.0,20.0,1.7039720370929217,8.0,1.8149581599796027,False
null_random,HET_ALT_KL_4,HET_KAPPA_1.0_40,HET_ALT_to_HET_KAPPA,4.0,40.0,3.1863052717740765,36.0,3.3043598613372978,False
null_random,HET_IDP_CPEB4_10,HET_IDP_RGG_12,HET_IDP_to_HET_IDP,10.0,12.0,3.6978497178618053,2.0,3.803342779305146,False
null_random,HET_COMP_K6_L4_50,HET_BLOCK_KL_25,HET_COMP_to_HET_BLOCK,50.0,25.0,4.133635224848064,25.0,4.2499257075381704,False
null_random,HET_IDP_FUS_18,HET_IDP_LAF1_25,HET_IDP_to_HET_IDP,18.0,25.0,5.086396366131909,7.0,5.196793573840308,False
null_random,HET_BLOCK_KE_8,HET_IDP_PABPN1_2,HET_BLOCK_to_HET_IDP,8.0,2.0,4.2631869297974845,6.0,4.37291648054276,False
null_random,HET_IDP_LAF1_2,HET_IDP_ASYN_6,HET_IDP_to_HET_IDP,2.0,6.0,5.148229919349063,4.0,5.256277108911234,False
null_random,HET_BLOCK_EL_25,HET_COMP_K0_L10_30,HET_BLOCK_to_HET_COMP,25.0,30.0,4.096442635804899,5.0,4.205401433151039,False
null_random,HET_IDP_DDX4_3,HET_ALT_KL_20,HET_IDP_to_HET_ALT,3.0,20.0,2.2166606856775872,17.0,2.331112544467068,False
null_random,HET_IDP_CPEB4_12,HET_IDP_QN_4,HET_IDP_to_HET_IDP,12.0,4.0,2.7127241791693577,8.0,2.823710302056039,False
null_random,HET_BLOCK_EL_20,HET_IDP_TAU_2,HET_BLOCK_to_HET_IDP,20.0,2.0,2.5615983166203606,18.0,2.676320511516193,False
null_random,HET_IDP_QN_3,HET_BLOCK_EL_20,HET_IDP_to_HET_BLOCK,3.0,20.0,2.872799207944056,17.0,2.9872510667335366,False
null_random,HET_IDP_FUS_8,HET_BLOCK_GE_8,HET_IDP_to_HET_BLOCK,8.0,8.0,3.456577390471791,0.0,3.5565773904717912,False
null_random,HET_ALT_EL_8,HET_ALT_KE_25,HET_ALT_to_HET_ALT,8.0,25.0,3.2302422966636297,17.0,3.3446941554531104,False
null_random,HET_IDP_DDX4_3,HET_BLOCK_GE_25,HET_IDP_to_HET_BLOCK,3.0,25.0,3.3082865304971847,22.0,3.4239640015768305,False
null_random,HET_ALT_EL_4,HET_BLOCK_GE_12,HET_ALT_to_HET_BLOCK,4.0,12.0,3.7783948061026296,8.0,3.889380928989311,False
null_random,HET_IDP_LAF1_6,HET_IDP_DDX4_10,HET_IDP_to_HET_IDP,6.0,10.0,0.5836897833896427,4.0,0.6917369729518132,False
null_random,HET_ALT_EL_5,HET_BLOCK_GE_25,HET_ALT_to_HET_BLOCK,5.0,25.0,2.9853464913529595,20.0,3.1005691035415768,False
null_random,HET_IDP_PABPN1_2,HET_IDP_QN_25,HET_IDP_to_HET_IDP,2.0,25.0,8.477986094134621,23.0,8.59387636328636,False
null_random,HET_COMP_K2_L8_50,HET_BLOCK_KL_20,HET_COMP_to_HET_BLOCK,50.0,20.0,3.3818289292416575,30.0,3.4989988652640833,False
null_random,HET_BLOCK_EL_25,HET_KAPPA_0.5_20,HET_BLOCK_to_HET_KAPPA,25.0,20.0,3.4322378006753276,5.0,3.541196598021468,False
null_random,HET_IDP_EWSR1_4,HET_ALT_KE_18,HET_IDP_to_HET_ALT,4.0,18.0,2.580563063955626,14.0,2.694103314961137,False
null_random,HET_IDP_EWSR1_18,HET_BLOCK_EL_12,HET_IDP_to_HET_BLOCK,18.0,12.0,4.644484321400106,6.0,4.754213872145382,False
null_random,HET_IDP_DDX4_10,HET_IDP_PABPN1_8,HET_IDP_to_HET_IDP,10.0,8.0,1.6019306862427454,2.0,1.707423747686086,False
null_random,HET_IDP_LAF1_20,HET_IDP_CPEB4_20,HET_IDP_to_HET_IDP,20.0,20.0,1.4107514070275242,0.0,1.5107514070275243,False
null_random,HET_BLOCK_KL_18,HET_ALT_KE_20,HET_BLOCK_to_HET_ALT,18.0,20.0,2.0841064907613602,2.0,2.189599552204701,False
null_random,HET_COMP_K6_L4_50,HET_BLOCK_KL_10,HET_COMP_to_HET_BLOCK,50.0,10.0,2.9780456726125957,40.0,3.0966135329461175,False
null_random,HET_COMP_K0_L10_30,HET_IDP_FUS_10,HET_COMP_to_HET_IDP,30.0,10.0,2.3683614904080303,20.0,2.4835841025966476,False
null_random,HET_IDP_QN_20,HET_IDP_QN_25,HET_IDP_to_HET_IDP,20.0,25.0,3.882161996767106,5.0,3.9911207941132467,False
null_random,HET_ALT_GS_5,HET_IDP_EWSR1_8,HET_ALT_to_HET_IDP,5.0,8.0,2.849929712015134,3.0,2.9568611838207333,False
null_random,HET_KAPPA_0.0_60,HET_IDP_RGG_18,HET_KAPPA_to_HET_IDP,60.0,18.0,1.4741398426921257,42.0,1.5929458432705936,False
null_random,HET_BLOCK_GE_25,HET_BLOCK_GE_8,HET_BLOCK_to_HET_BLOCK,25.0,8.0,3.5362236174856503,17.0,3.650675476275131,False
null_random,HET_IDP_DDX4_20,HET_IDP_PABPN1_12,HET_IDP_to_HET_IDP,20.0,12.0,2.854512999717362,8.0,2.9654991226040432,False
null_random,HET_IDP_PABPN1_5,HET_IDP_FUS_3,HET_IDP_to_HET_IDP,5.0,3.0,1.0338689865436945,2.0,1.1393620479870352,False
null_random,HET_ALT_EL_20,HET_ALT_GS_12,HET_ALT_to_HET_ALT,20.0,12.0,3.286525013218437,8.0,3.3975111361051185,False
null_random,HET_IDP_QN_2,HET_IDP_CPEB4_8,HET_IDP_to_HET_IDP,2.0,8.0,3.7706064880399004,6.0,3.880336038785177,False
null_random,HET_BLOCK_KE_12,HET_COMP_K6_L4_10,HET_BLOCK_to_HET_COMP,12.0,10.0,2.6978878046434938,2.0,2.8033808660868345,False
null_random,HET_KAPPA_0.3_20,HET_ALT_GS_20,HET_KAPPA_to_HET_ALT,20.0,20.0,1.671277319940692,0.0,1.7712773199406922,False
null_random,HET_ALT_GS_20,HET_KAPPA_1.0_60,HET_ALT_to_HET_KAPPA,20.0,60.0,2.925836124255532,40.0,3.044403984589054,False
null_random,HET_IDP_PABPN1_18,HET_ALT_KE_18,HET_IDP_to_HET_ALT,18.0,18.0,2.1485268210910458,0.0,2.248526821091046,False
null_random,HET_IDP_TAU_10,HET_IDP_QN_6,HET_IDP_to_HET_IDP,10.0,6.0,3.2915541041316714,4.0,3.399601293693842,False
null_random,HET_BLOCK_KE_10,HET_IDP_QN_3,HET_BLOCK_to_HET_IDP,10.0,3.0,2.325994507456107,7.0,2.4363917151645063,False
null_random,HET_IDP_QN_5,HET_BLOCK_KE_6,HET_IDP_to_HET_BLOCK,5.0,6.0,1.2642584814598885,1.0,1.3677242173626882,False
null_random,HET_ALT_KE_3,HET_IDP_EWSR1_18,HET_ALT_to_HET_IDP,3.0,18.0,5.803769356002874,15.0,5.9176322996140724,False
null_random,HET_BLOCK_KE_6,HET_IDP_DDX4_20,HET_BLOCK_to_HET_IDP,6.0,20.0,4.066539496492356,14.0,4.180079747497867,False
null_random,HET_COMP_K10_L0_30,HET_ALT_GS_15,HET_COMP_to_HET_ALT,30.0,15.0,8.23532744936188,15.0,8.34919039297308,False
null_random,HET_IDP_EWSR1_20,HET_ALT_GS_18,HET_IDP_to_HET_ALT,20.0,18.0,3.859988625897171,2.0,3.9654816873405117,False
null_random,HET_COMP_K4_L6_30,HET_COMP_K6_L4_10,HET_COMP_to_HET_COMP,30.0,10.0,2.4254085066367024,20.0,2.5406311188253197,False
null_random,HET_COMP_K6_L4_30,HET_IDP_QN_15,HET_COMP_to_HET_IDP,30.0,15.0,1.6412202197485177,15.0,1.7550831633597168,False
null_random,HET_IDP_ASYN_1,HET_IDP_ASYN_5,HET_IDP_to_HET_IDP,1.0,5.0,3.853050572449405,4.0,3.9610977620115753,False
null_random,HET_KAPPA_0.0_20,HET_IDP_PABPN1_4,HET_KAPPA_to_HET_IDP,20.0,4.0,1.4975330641584348,16.0,1.6116991308787159,False
null_random,HET_IDP_RGG_15,HET_BLOCK_EL_4,HET_IDP_to_HET_BLOCK,15.0,4.0,4.36291389880387,11.0,4.47533843205281,False
null_random,HET_COMP_K6_L4_30,HET_IDP_TAU_6,HET_COMP_to_HET_IDP,30.0,6.0,1.050765207703484,24.0,1.166859586827825,False
null_random,HET_IDP_DDX4_20,HET_ALT_KL_2,HET_IDP_to_HET_ALT,20.0,2.0,7.019967396542414,18.0,7.134689591438246,False
null_random,HET_IDP_LAF1_25,HET_KAPPA_0.0_40,HET_IDP_to_HET_KAPPA,25.0,40.0,6.4042344733039425,15.0,6.518097416915141,False
null_random,HET_IDP_DDX4_20,HET_IDP_FUS_10,HET_IDP_to_HET_IDP,20.0,10.0,3.2058841155545443,10.0,3.3178735919185365,False
null_random,HET_COMP_K4_L6_10,HET_IDP_CPEB4_12,HET_COMP_to_HET_IDP,10.0,12.0,2.953169537810222,2.0,3.0586625992535628,False
null_random,HET_IDP_FUS_3,HET_IDP_EWSR1_15,HET_IDP_to_HET_IDP,3.0,15.0,3.5374319395162517,12.0,3.6502566863035595,False
null_random,HET_IDP_RGG_4,HET_COMP_K6_L4_50,HET_IDP_to_HET_COMP,4.0,50.0,3.43432771471594,46.0,3.5535784527244902,False
null_random,HET_COMP_K4_L6_10,HET_IDP_QN_5,HET_COMP_to_HET_IDP,10.0,5.0,1.3332873525252267,5.0,1.442246149871367,False
null_random,HET_BLOCK_EL_6,HET_IDP_EWSR1_10,HET_BLOCK_to_HET_IDP,6.0,10.0,3.1886735970233695,4.0,3.29672078658554,False
null_random,HET_IDP_RGG_18,HET_IDP_PABPN1_18,HET_IDP_to_HET_IDP,18.0,18.0,2.7826488485761045,0.0,2.8826488485761046,False
null_random,HET_BLOCK_KE_18,HET_COMP_K6_L4_10,HET_BLOCK_to_HET_COMP,18.0,10.0,4.420185031101425,8.0,4.531171153988105,False
null_random,HET_ALT_KL_10,HET_ALT_EL_8,HET_ALT_to_HET_ALT,10.0,8.0,1.7944713541594142,2.0,1.8999644156027549,False
null_random,HET_IDP_DDX4_4,HET_BLOCK_KE_12,HET_IDP_to_HET_BLOCK,4.0,12.0,1.5830338164624516,8.0,1.6940199393491326,False
null_random,HET_IDP_RGG_12,HET_IDP_ASYN_8,HET_IDP_to_HET_IDP,12.0,8.0,1.7001633512700391,4.0,1.8082105408322098,False
null_random,HET_IDP_PABPN1_8,HET_ALT_EL_18,HET_IDP_to_HET_ALT,8.0,18.0,1.262158830471157,10.0,1.374148306835149,False
null_random,HET_IDP_CPEB4_2,HET_ALT_KE_20,HET_IDP_to_HET_ALT,2.0,20.0,4.132358446900514,18.0,4.247080641796345,False
null_random,HET_ALT_EL_25,HET_IDP_FUS_12,HET_ALT_to_HET_IDP,25.0,12.0,1.7609925161064128,13.0,1.8741878027544892,False
null_random,HET_IDP_LAF1_10,HET_IDP_LAF1_3,HET_IDP_to_HET_IDP,10.0,3.0,3.7563508930762985,7.0,3.8667481007846978,False
null_random,HET_IDP_TAU_5,HET_IDP_ASYN_9,HET_IDP_to_HET_IDP,5.0,9.0,4.279438897243897,4.0,4.387486086806067,False
null_random,HET_IDP_QN_8,HET_KAPPA_1.0_60,HET_IDP_to_HET_KAPPA,8.0,60.0,3.643801718122648,52.0,3.7636531776904087,False
null_random,HET_IDP_DDX4_15,HET_IDP_QN_8,HET_IDP_to_HET_IDP,15.0,8.0,2.3863268920336655,7.0,2.4967240997420648,False
null_random,HET_BLOCK_KL_15,HET_ALT_KE_20,HET_BLOCK_to_HET_ALT,15.0,20.0,3.2560780643781446,5.0,3.365036861724285,False
null_random,HET_COMP_K0_L10_10,HET_BLOCK_GE_8,HET_COMP_to_HET_BLOCK,10.0,8.0,1.927614442029361,2.0,2.0331075034727015,False
null_random,HET_IDP_ASYN_1,HET_ALT_EL_6,HET_IDP_to_HET_ALT,1.0,6.0,3.1169321458425205,5.0,3.225890943188661,False
null_random,HET_IDP_QN_2,HET_IDP_CPEB4_10,HET_IDP_to_HET_IDP,2.0,10.0,4.047737460125649,8.0,4.15872358301233,False
null_random,HET_BLOCK_KE_6,HET_IDP_PABPN1_2,HET_BLOCK_to_HET_IDP,6.0,2.0,4.75867631191309,4.0,4.866723501475261,False
null_random,HET_KAPPA_0.6_40,HET_IDP_RGG_15,HET_KAPPA_to_HET_IDP,40.0,15.0,1.1653414110705924,25.0,1.2816318937606999,False
null_random,HET_ALT_KE_4,HET_COMP_K8_L2_10,HET_ALT_to_HET_COMP,4.0,10.0,2.496609551383404,6.0,2.606339102128681,False
null_random,HET_BLOCK_EL_12,HET_IDP_QN_4,HET_BLOCK_to_HET_IDP,12.0,4.0,1.3641651799330847,8.0,1.4751513028197658,False
null_random,HET_IDP_QN_10,HET_COMP_K0_L10_30,HET_IDP_to_HET_COMP,10.0,30.0,2.4693103838133834,20.0,2.5845329960020007,False
null_random,HET_ALT_GS_10,HET_IDP_FUS_20,HET_ALT_to_HET_IDP,10.0,20.0,2.744032934410579,10.0,2.856022410774571,False
null_random,HET_ALT_KL_20,HET_IDP_LAF1_18,HET_ALT_to_HET_IDP,20.0,18.0,3.7868043249251437,2.0,3.8922973863684844,False
null_random,HET_ALT_KL_10,HET_ALT_KL_3,HET_ALT_to_HET_ALT,10.0,3.0,3.3863146894319693,7.0,3.4967118971403686,False
null_random,HET_COMP_K10_L0_50,HET_ALT_KL_18,HET_COMP_to_HET_ALT,50.0,18.0,8.365114305681946,32.0,8.482596843489278,False
null_random,HET_BLOCK_EL_6,HET_IDP_EWSR1_3,HET_BLOCK_to_HET_IDP,6.0,3.0,1.3993068993281295,3.0,1.506238371133729,False
null_random,HET_ALT_KL_6,HET_BLOCK_KE_20,HET_ALT_to_HET_BLOCK,6.0,20.0,2.0150005562412345,14.0,2.1285408072467455,False
null_random,HET_ALT_KL_3,HET_IDP_FUS_4,HET_ALT_to_HET_IDP,3.0,4.0,2.729651966686494,1.0,2.833117702589294,False
null_random,HET_COMP_K6_L4_50,HET_IDP_LAF1_20,HET_COMP_to_HET_IDP,50.0,20.0,4.202906167294466,30.0,4.320076103316891,False
null_random,HET_IDP_FUS_12,HET_IDP_CPEB4_18,HET_IDP_to_HET_IDP,12.0,18.0,4.113568126864736,6.0,4.223297677610012,False
null_random,HET_ALT_KE_3,HET_ALT_KE_12,HET_ALT_to_HET_ALT,3.0,12.0,4.241282875758518,9.0,4.352795801223488,False
null_random,HET_IDP_TAU_15,HET_IDP_ASYN_4,HET_IDP_to_HET_IDP,15.0,4.0,6.83668676647043,11.0,6.94911129971937,False
null_random,HET_IDP_FUS_4,HET_IDP_FUS_3,HET_IDP_to_HET_IDP,4.0,3.0,0.948487132289856,1.0,1.0519528681926558,False
null_random,HET_IDP_RGG_4,HET_IDP_LAF1_8,HET_IDP_to_HET_IDP,4.0,8.0,2.412438935246942,4.0,2.5204861248091124,False
null_random,HET_IDP_TAU_4,HET_IDP_ASYN_1,HET_IDP_to_HET_IDP,4.0,1.0,5.112565520428735,3.0,5.219496992234334,False
null_random,HET_ALT_KL_6,HET_IDP_QN_2,HET_ALT_to_HET_IDP,6.0,2.0,2.3125726523823498,4.0,2.42061984194452,False
null_random,HET_COMP_K8_L2_30,HET_IDP_CPEB4_18,HET_COMP_to_HET_IDP,30.0,18.0,4.010858914032218,12.0,4.123683660819525,False
null_random,HET_IDP_LAF1_5,HET_IDP_FUS_2,HET_IDP_to_HET_IDP,5.0,2.0,2.754886022620862,3.0,2.8618174944264614,False
null_random,HET_IDP_PABPN1_3,HET_IDP_QN_10,HET_IDP_to_HET_IDP,3.0,10.0,2.368603909412765,7.0,2.479001117121164,False
null_random,HET_IDP_CPEB4_10,HET_IDP_TAU_5,HET_IDP_to_HET_IDP,10.0,5.0,4.05180488052163,5.0,4.160763677867769,False
null_random,HET_ALT_KL_10,HET_IDP_TAU_15,HET_ALT_to_HET_IDP,10.0,15.0,7.619066699497739,5.0,7.728025496843879,False
null_random,HET_ALT_GS_10,HET_BLOCK_KE_2,HET_ALT_to_HET_BLOCK,10.0,2.0,5.245767011945574,8.0,5.356753134832255,False
null_random,HET_COMP_K8_L2_10,HET_IDP_DDX4_4,HET_COMP_to_HET_IDP,10.0,4.0,2.1148540196692065,6.0,2.224583570414483,False
null_random,HET_IDP_FUS_6,HET_ALT_GS_4,HET_IDP_to_HET_ALT,6.0,4.0,2.501180881972551,2.0,2.606673943415892,False
null_random,HET_COMP_K2_L8_10,HET_IDP_ASYN_1,HET_COMP_to_HET_IDP,10.0,1.0,2.673452737238513,9.0,2.7849656627034833,False
null_random,HET_ALT_EL_8,HET_ALT_GS_8,HET_ALT_to_HET_ALT,8.0,8.0,0.9041322694651508,0.0,1.0041322694651509,False
null_random,HET_BLOCK_KL_6,HET_BLOCK_KE_8,HET_BLOCK_to_HET_BLOCK,6.0,8.0,1.933294008296943,2.0,2.0387870697402835,False
null_random,HET_ALT_EL_5,HET_ALT_EL_6,HET_ALT_to_HET_ALT,5.0,6.0,1.0356399685215252,1.0,1.139105704424325,False
null_random,HET_ALT_KE_12,HET_ALT_KL_3,HET_ALT_to_HET_ALT,12.0,3.0,3.554439049890167,9.0,3.6659519753551373,False
null_random,HET_IDP_QN_6,HET_IDP_DDX4_18,HET_IDP_to_HET_IDP,6.0,18.0,3.368390664698321,12.0,3.481215411485629,False
null_random,HET_ALT_GS_15,HET_IDP_EWSR1_6,HET_ALT_to_HET_IDP,15.0,6.0,0.7146985583635332,9.0,0.8262114838285034,False
null_random,HET_BLOCK_EL_10,HET_IDP_TAU_10,HET_BLOCK_to_HET_IDP,10.0,10.0,3.878718521431193,0.0,3.978718521431193,False
null_random,HET_ALT_EL_3,HET_IDP_CPEB4_6,HET_ALT_to_HET_IDP,3.0,6.0,4.3334054446371155,3.0,4.440336916442715,False
null_random,HET_BLOCK_GE_18,HET_IDP_EWSR1_25,HET_BLOCK_to_HET_IDP,18.0,25.0,5.89083355492664,7.0,6.001230762635039,False
null_random,HET_ALT_KL_12,HET_COMP_K4_L6_30,HET_ALT_to_HET_COMP,12.0,30.0,2.1112268379923407,18.0,2.225949032888173,False
null_random,HET_IDP_QN_25,HET_ALT_KL_12,HET_IDP_to_HET_ALT,25.0,12.0,6.156462435048787,13.0,6.269657721696863,False
null_random,HET_ALT_EL_20,HET_IDP_TAU_5,HET_ALT_to_HET_IDP,20.0,5.0,3.4822807760919456,15.0,3.5961437197031447,False
null_random,HET_ALT_KL_20,HET_BLOCK_KL_2,HET_ALT_to_HET_BLOCK,20.0,2.0,5.1798011522631295,18.0,5.294523347158961,False
null_random,HET_ALT_GS_5,HET_IDP_CPEB4_25,HET_ALT_to_HET_IDP,5.0,25.0,8.133659198294037,20.0,8.248881810482654,False
null_random,HET_KAPPA_0.9_40,HET_IDP_FUS_10,HET_KAPPA_to_HET_IDP,40.0,10.0,1.6468528577102952,30.0,1.764022793732721,False
null_random,HET_IDP_CPEB4_18,HET_BLOCK_KL_4,HET_IDP_to_HET_BLOCK,18.0,4.0,5.538825587088726,14.0,5.652365838094237,False
null_random,HET_IDP_FUS_12,HET_IDP_FUS_5,HET_IDP_to_HET_IDP,12.0,5.0,2.2280735528715416,7.0,2.338470760579941,False
null_random,HET_IDP_TAU_12,HET_IDP_DDX4_12,HET_IDP_to_HET_IDP,12.0,12.0,3.8827438662638682,0.0,3.9827438662638683,False
null_random,HET_IDP_FUS_2,HET_IDP_FUS_12,HET_IDP_to_HET_IDP,2.0,12.0,3.636163938344649,10.0,3.748153414708641,False
null_random,HET_ALT_KL_5,HET_ALT_KE_20,HET_ALT_to_HET_ALT,5.0,20.0,3.302027345531659,15.0,3.415890289142858,False
null_random,HET_ALT_KE_15,HET_KAPPA_0.3_40,HET_ALT_to_HET_KAPPA,15.0,40.0,2.0854121553710767,25.0,2.2017026380611844,False
null_random,HET_IDP_EWSR1_25,HET_COMP_K10_L0_10,HET_IDP_to_HET_COMP,25.0,10.0,7.157741985651545,15.0,7.271604929262743,False
null_random,HET_IDP_FUS_8,HET_COMP_K6_L4_30,HET_IDP_to_HET_COMP,8.0,30.0,1.3075171821609328,22.0,1.4231946532405786,False
null_random,HET_IDP_ASYN_5,HET_ALT_EL_15,HET_IDP_to_HET_ALT,5.0,15.0,1.8413243118267302,10.0,1.953313788190722,False
null_random,HET_ALT_GS_15,HET_IDP_PABPN1_10,HET_ALT_to_HET_IDP,15.0,10.0,1.767166481343423,5.0,1.8761252786895632,False
null_random,HET_BLOCK_EL_12,HET_ALT_EL_25,HET_BLOCK_to_HET_ALT,12.0,25.0,1.8713391788296292,13.0,1.9845344654777055,False
null_random,HET_IDP_DDX4_4,HET_COMP_K10_L0_30,HET_IDP_to_HET_COMP,4.0,30.0,7.23982275868195,26.0,7.356301943011972,False
null_random,HET_BLOCK_GE_15,HET_IDP_FUS_12,HET_BLOCK_to_HET_IDP,15.0,12.0,1.5694381781101334,3.0,1.676369649915733,False
null_random,HET_IDP_EWSR1_20,HET_IDP_LAF1_3,HET_IDP_to_HET_IDP,20.0,3.0,4.550806776082369,17.0,4.665258634871849,False
null_random,HET_ALT_KL_25,HET_IDP_RGG_20,HET_ALT_to_HET_IDP,25.0,20.0,4.892951766485872,5.0,5.001910563832012,False
null_random,HET_ALT_GS_3,HET_ALT_GS_12,HET_ALT_to_HET_ALT,3.0,12.0,4.198979398498758,9.0,4.310492323963728,False
null_random,HET_BLOCK_EL_20,HET_IDP_QN_6,HET_BLOCK_to_HET_IDP,20.0,6.0,2.023354451392876,14.0,2.136894702398387,False
null_random,HET_BLOCK_KE_10,HET_IDP_RGG_10,HET_BLOCK_to_HET_IDP,10.0,10.0,2.2651252558907164,0.0,2.3651252558907165,False
null_random,HET_KAPPA_0.0_60,HET_IDP_EWSR1_15,HET_KAPPA_to_HET_IDP,60.0,15.0,2.389006387506563,45.0,2.5081495944890086,False
null_random,HET_IDP_CPEB4_15,HET_IDP_PABPN1_3,HET_IDP_to_HET_IDP,15.0,3.0,4.436882824355751,12.0,4.549707571143059,False
null_random,HET_KAPPA_0.3_20,HET_IDP_QN_15,HET_KAPPA_to_HET_IDP,20.0,15.0,2.535836950568931,5.0,2.6447957479150714,False
null_random,HET_IDP_QN_8,HET_IDP_FUS_12,HET_IDP_to_HET_IDP,8.0,12.0,2.2261816375913575,4.0,2.334228827153528,False
null_random,HET_BLOCK_EL_12,HET_KAPPA_1.0_60,HET_BLOCK_to_HET_KAPPA,12.0,60.0,3.4917577821530266,48.0,3.61121688364358,False
null_random,HET_IDP_PABPN1_20,HET_BLOCK_KL_6,HET_IDP_to_HET_BLOCK,20.0,6.0,3.0473850948683636,14.0,3.1609253458738746,False
null_random,HET_ALT_KL_2,HET_IDP_TAU_18,HET_ALT_to_HET_IDP,2.0,18.0,10.849383727771343,16.0,10.963549794491623,False
null_random,HET_IDP_CPEB4_6,HET_KAPPA_0.0_40,HET_IDP_to_HET_KAPPA,6.0,40.0,2.461091393516401,34.0,2.578868133823848,False
null_random,HET_BLOCK_KL_6,HET_ALT_KE_18,HET_BLOCK_to_HET_ALT,6.0,18.0,2.641028832151173,12.0,2.7538535789384806,False
null_random,HET_ALT_EL_5,HET_IDP_TAU_8,HET_ALT_to_HET_IDP,5.0,8.0,2.7759480108519705,3.0,2.88287948265757,False
null_random,HET_ALT_KE_3,HET_ALT_KL_18,HET_ALT_to_HET_ALT,3.0,18.0,3.856313601384843,15.0,3.970176544996042,False
null_random,HET_IDP_DDX4_2,HET_ALT_EL_18,HET_IDP_to_HET_ALT,2.0,18.0,3.165344871647863,16.0,3.2795109383681442,False
null_random,HET_ALT_KE_8,HET_IDP_PABPN1_18,HET_ALT_to_HET_IDP,8.0,18.0,3.0770595770331295,10.0,3.1890490533971216,False
null_random,HET_IDP_CPEB4_25,HET_ALT_KL_4,HET_IDP_to_HET_ALT,25.0,4.0,8.109341265820767,21.0,8.224796478087558,False
null_random,HET_IDP_ASYN_7,HET_IDP_EWSR1_10,HET_IDP_to_HET_IDP,7.0,10.0,2.144177911198554,3.0,2.2511093830041533,False
null_random,HET_IDP_RGG_6,HET_IDP_EWSR1_6,HET_IDP_to_HET_IDP,6.0,6.0,2.774948653550258,0.0,2.874948653550258,False
null_random,HET_ALT_KL_5,HET_IDP_QN_20,HET_ALT_to_HET_IDP,5.0,20.0,5.032651300832063,15.0,5.146514244443261,False
null_random,HET_IDP_PABPN1_3,HET_ALT_GS_18,HET_IDP_to_HET_ALT,3.0,18.0,3.17170167229567,15.0,3.285564615906869,False
null_random,HET_ALT_KL_4,HET_ALT_GS_4,HET_ALT_to_HET_ALT,4.0,4.0,0.4468029193187864,0.0,0.5468029193187864,False
null_random,HET_ALT_GS_5,HET_IDP_DDX4_20,HET_ALT_to_HET_IDP,5.0,20.0,4.6218636108308315,15.0,4.73572655444203,False
null_random,HET_BLOCK_GE_4,HET_ALT_KE_2,HET_BLOCK_to_HET_ALT,4.0,2.0,5.066062558206567,2.0,5.171555619649907,False
null_random,HET_IDP_RGG_20,HET_IDP_EWSR1_6,HET_IDP_to_HET_IDP,20.0,6.0,6.583242747785192,14.0,6.696782998790703,False
null_random,HET_ALT_GS_4,HET_ALT_KL_4,HET_ALT_to_HET_ALT,4.0,4.0,0.4468029193187864,0.0,0.5468029193187864,False
null_random,HET_BLOCK_GE_6,HET_IDP_QN_4,HET_BLOCK_to_HET_IDP,6.0,4.0,1.7978898826742493,2.0,1.90338294411759,False
null_random,HET_ALT_KL_5,HET_IDP_TAU_15,HET_ALT_to_HET_IDP,5.0,15.0,6.874194639766272,10.0,6.986184116130263,False
null_random,HET_ALT_KL_18,HET_IDP_RGG_3,HET_ALT_to_HET_IDP,18.0,3.0,3.3305166483440676,15.0,3.4443795919552667,False
null_random,HET_IDP_QN_5,HET_IDP_DDX4_4,HET_IDP_to_HET_IDP,5.0,4.0,1.245892317594902,1.0,1.3493580534977017,False
null_random,HET_BLOCK_GE_8,HET_ALT_KL_3,HET_BLOCK_to_HET_ALT,8.0,3.0,3.017949173039075,5.0,3.1269079703852154,False
null_random,HET_IDP_EWSR1_4,HET_IDP_DDX4_2,HET_IDP_to_HET_IDP,4.0,2.0,4.527998919752228,2.0,4.633491981195569,False
null_random,HET_IDP_RGG_4,HET_KAPPA_0.7_20,HET_IDP_to_HET_KAPPA,4.0,20.0,4.076075724578651,16.0,4.190241791298932,False
null_random,HET_ALT_KL_5,HET_IDP_DDX4_8,HET_ALT_to_HET_IDP,5.0,8.0,4.0308556278925085,3.0,4.137787099698108,False
null_random,HET_IDP_PABPN1_20,HET_IDP_CPEB4_18,HET_IDP_to_HET_IDP,20.0,18.0,2.6698315458100548,2.0,2.7753246072533955,False
null_random,HET_IDP_RGG_5,HET_BLOCK_GE_20,HET_IDP_to_HET_BLOCK,5.0,20.0,2.1314813407539104,15.0,2.2453442843651095,False
null_random,HET_ALT_KE_3,HET_ALT_KE_4,HET_ALT_to_HET_ALT,3.0,4.0,1.8941747828762165,1.0,1.9976405187790163,False
null_random,HET_ALT_KE_4,HET_IDP_ASYN_7,HET_ALT_to_HET_IDP,4.0,7.0,3.8620222881237707,3.0,3.96895375992937,False
null_random,HET_ALT_EL_15,HET_IDP_QN_20,HET_ALT_to_HET_IDP,15.0,20.0,3.948209600505881,5.0,4.057168397852021,False
null_random,HET_ALT_GS_4,HET_IDP_DDX4_18,HET_ALT_to_HET_IDP,4.0,18.0,4.4059020080480416,14.0,4.519442259053553,False
null_random,HET_IDP_QN_10,HET_COMP_K4_L6_50,HET_IDP_to_HET_COMP,10.0,50.0,1.8103070721929795,40.0,1.928874932526501,False
null_random,HET_IDP_DDX4_12,HET_IDP_QN_6,HET_IDP_to_HET_IDP,12.0,6.0,1.7633343791478795,6.0,1.8730639298931562,False
null_random,HET_IDP_LAF1_20,HET_ALT_GS_8,HET_IDP_to_HET_ALT,20.0,8.0,6.174193841618767,12.0,6.287018588406075,False
null_random,HET_BLOCK_KE_4,HET_IDP_RGG_6,HET_BLOCK_to_HET_IDP,4.0,6.0,1.973904287453697,2.0,2.0793973488970376,False
null_random,HET_KAPPA_0.6_40,HET_ALT_GS_15,HET_KAPPA_to_HET_ALT,40.0,15.0,2.112121099936392,25.0,2.2284115826265,False
null_random,HET_BLOCK_EL_2,HET_IDP_EWSR1_8,HET_BLOCK_to_HET_IDP,2.0,8.0,5.590922355681309,6.0,5.700651906426585,False
null_random,HET_IDP_EWSR1_12,HET_COMP_K6_L4_30,HET_IDP_to_HET_COMP,12.0,30.0,2.6525932245478914,18.0,2.7673154194437237,False
null_random,HET_IDP_FUS_12,HET_COMP_K10_L0_50,HET_IDP_to_HET_COMP,12.0,50.0,8.115057813280929,38.0,8.233375621511577,False
null_random,HET_COMP_K2_L8_10,HET_IDP_LAF1_10,HET_COMP_to_HET_IDP,10.0,10.0,3.326191199758703,0.0,3.426191199758703,False
null_random,HET_BLOCK_EL_6,HET_IDP_LAF1_3,HET_BLOCK_to_HET_IDP,6.0,3.0,1.6403089816298098,3.0,1.7472404534354093,False
null_random,HET_IDP_LAF1_5,HET_IDP_TAU_12,HET_IDP_to_HET_IDP,5.0,12.0,5.646751745519651,7.0,5.75714895322805,False
null_random,HET_IDP_ASYN_7,HET_IDP_PABPN1_4,HET_IDP_to_HET_IDP,7.0,4.0,2.504063308199509,3.0,2.6109947800051083,False
null_random,HET_IDP_FUS_20,HET_BLOCK_KE_8,HET_IDP_to_HET_BLOCK,20.0,8.0,2.796501294478164,12.0,2.909326041265472,False
null_random,HET_IDP_CPEB4_10,HET_IDP_RGG_10,HET_IDP_to_HET_IDP,10.0,10.0,2.6737083384555644,0.0,2.7737083384555645,False
null_random,HET_KAPPA_0.7_20,HET_IDP_TAU_18,HET_KAPPA_to_HET_IDP,20.0,18.0,7.614544176860808,2.0,7.7200372383041485,False
null_random,HET_IDP_PABPN1_6,HET_BLOCK_KE_6,HET_IDP_to_HET_BLOCK,6.0,6.0,2.110419407805408,0.0,2.210419407805408,False
null_random,HET_BLOCK_GE_4,HET_ALT_EL_6,HET_BLOCK_to_HET_ALT,4.0,6.0,4.5297204344676,2.0,4.63521349591094,False
null_random,HET_IDP_QN_12,HET_IDP_TAU_8,HET_IDP_to_HET_IDP,12.0,8.0,2.16395642233196,4.0,2.2720036118941302,False
null_random,HET_ALT_KL_6,HET_IDP_LAF1_6,HET_ALT_to_HET_IDP,6.0,6.0,1.7312071722571858,0.0,1.8312071722571859,False
null_random,HET_IDP_RGG_18,HET_IDP_CPEB4_20,HET_IDP_to_HET_IDP,18.0,20.0,2.6684368759259667,2.0,2.7739299373693074,False
null_random,HET_IDP_PABPN1_3,HET_IDP_DDX4_10,HET_IDP_to_HET_IDP,3.0,10.0,2.98447936442064,7.0,3.0948765721290394,False
null_random,HET_BLOCK_EL_10,HET_IDP_QN_10,HET_BLOCK_to_HET_IDP,10.0,10.0,2.0828823167356054,0.0,2.1828823167356055,False
null_random,HET_BLOCK_KL_12,HET_IDP_DDX4_20,HET_BLOCK_to_HET_IDP,12.0,20.0,3.476981113698932,8.0,3.5879672365856132,False
null_random,HET_BLOCK_GE_8,HET_BLOCK_EL_18,HET_BLOCK_to_HET_BLOCK,8.0,18.0,3.5025523171301125,10.0,3.6145417934941046,False
null_random,HET_IDP_RGG_25,HET_IDP_FUS_3,HET_IDP_to_HET_IDP,25.0,3.0,7.457105560871068,22.0,7.5727830319507135,False
null_random,HET_BLOCK_GE_25,HET_ALT_GS_4,HET_BLOCK_to_HET_ALT,25.0,4.0,3.6882546869534707,21.0,3.8037098992202623,False
null_random,HET_IDP_PABPN1_12,HET_IDP_LAF1_3,HET_IDP_to_HET_IDP,12.0,3.0,3.4133322897466476,9.0,3.524845215211618,False
null_random,HET_IDP_PABPN1_20,HET_IDP_QN_8,HET_IDP_to_HET_IDP,20.0,8.0,2.3570441187873734,12.0,2.469868865574681,False
null_random,HET_IDP_TAU_2,HET_ALT_KL_4,HET_IDP_to_HET_ALT,2.0,4.0,0.7565818371514758,2.0,0.8620748985948162,False
null_random,HET_ALT_KL_20,HET_IDP_PABPN1_3,HET_ALT_to_HET_IDP,20.0,3.0,2.6769308089332053,17.0,2.791382667722686,False
null_random,HET_KAPPA_0.0_60,HET_IDP_CPEB4_5,HET_KAPPA_to_HET_IDP,60.0,5.0,4.457540790434156,55.0,4.577667548887832,False
null_random,HET_IDP_CPEB4_5,HET_COMP_K2_L8_50,HET_IDP_to_HET_COMP,5.0,50.0,4.570552946692194,45.0,4.689696153674639,False
null_random,HET_IDP_LAF1_10,HET_IDP_DDX4_6,HET_IDP_to_HET_IDP,10.0,6.0,2.522050466969697,4.0,2.6300976565318672,False
null_random,HET_ALT_GS_2,HET_IDP_FUS_18,HET_ALT_to_HET_IDP,2.0,18.0,6.423273113093014,16.0,6.537439179813295,False
null_random,HET_ALT_GS_4,HET_ALT_KE_3,HET_ALT_to_HET_ALT,4.0,3.0,1.520480635638658,1.0,1.6239463715414577,False
null_random,HET_IDP_TAU_18,HET_IDP_TAU_25,HET_IDP_to_HET_IDP,18.0,25.0,6.155370709361097,7.0,6.265767917069496,False
null_random,HET_IDP_DDX4_15,HET_BLOCK_EL_8,HET_IDP_to_HET_BLOCK,15.0,8.0,2.8909801598128766,7.0,3.001377367521276,False
null_random,HET_ALT_EL_3,HET_KAPPA_0.5_20,HET_ALT_to_HET_KAPPA,3.0,20.0,3.552291969491918,17.0,3.666743828281399,False
null_random,HET_IDP_RGG_5,HET_IDP_ASYN_6,HET_IDP_to_HET_IDP,5.0,6.0,3.810350610247656,1.0,3.913816346150456,False
null_random,HET_KAPPA_0.5_20,HET_BLOCK_EL_6,HET_KAPPA_to_HET_BLOCK,20.0,6.0,1.2066185160183491,14.0,1.3201587670238604,False
null_random,HET_IDP_EWSR1_6,HET_IDP_DDX4_5,HET_IDP_to_HET_IDP,6.0,5.0,2.687591818227152,1.0,2.791057554129952,False
null_random,HET_IDP_DDX4_15,HET_ALT_GS_8,HET_IDP_to_HET_ALT,15.0,8.0,2.7268920866228514,7.0,2.8372892943312507,False
null_random,HET_KAPPA_1.0_40,HET_KAPPA_1.0_20,HET_KAPPA_to_HET_KAPPA,40.0,20.0,2.339253170737202,20.0,2.4544757829258192,False
null_random,HET_BLOCK_GE_8,HET_IDP_CPEB4_3,HET_BLOCK_to_HET_IDP,8.0,3.0,2.8781742886265183,5.0,2.987133085972659,False
null_random,HET_IDP_PABPN1_10,HET_IDP_LAF1_10,HET_IDP_to_HET_IDP,10.0,10.0,2.7707169345101925,0.0,2.8707169345101926,False
null_random,HET_COMP_K4_L6_30,HET_BLOCK_KL_20,HET_COMP_to_HET_BLOCK,30.0,20.0,1.5711423942312126,10.0,1.6831318705952045,False
null_random,HET_IDP_CPEB4_25,HET_IDP_EWSR1_5,HET_IDP_to_HET_IDP,25.0,5.0,7.3305655995108125,20.0,7.445788211699429,False
null_random,HET_IDP_ASYN_2,HET_IDP_TAU_12,HET_IDP_to_HET_IDP,2.0,12.0,5.520756589059208,10.0,5.632746065423199,False
null_random,HET_ALT_EL_12,HET_KAPPA_0.5_20,HET_ALT_to_HET_KAPPA,12.0,20.0,1.1139992742327223,8.0,1.2249853971194034,False
null_random,HET_IDP_FUS_3,HET_IDP_EWSR1_10,HET_IDP_to_HET_IDP,3.0,10.0,2.7410741706441986,7.0,2.851471378352598,False
null_random,HET_IDP_LAF1_25,HET_IDP_TAU_4,HET_IDP_to_HET_IDP,25.0,4.0,7.598738494260618,21.0,7.71419370652741,False
null_random,HET_ALT_KL_18,HET_KAPPA_1.0_40,HET_ALT_to_HET_KAPPA,18.0,40.0,1.0131503124879264,22.0,1.1288277835675722,False
null_random,HET_IDP_LAF1_25,HET_BLOCK_KL_20,HET_IDP_to_HET_BLOCK,25.0,20.0,6.271769115502628,5.0,6.3807279128487675,False
null_random,HET_IDP_TAU_8,HET_IDP_LAF1_8,HET_IDP_to_HET_IDP,8.0,8.0,1.5008531740315898,0.0,1.6008531740315899,False
null_random,HET_KAPPA_0.0_60,HET_IDP_FUS_2,HET_KAPPA_to_HET_IDP,60.0,2.0,5.090385634566787,58.0,5.2107733217863155,False
null_random,HET_IDP_FUS_8,HET_IDP_ASYN_4,HET_IDP_to_HET_IDP,8.0,4.0,1.0944733516311513,4.0,1.202520541193322,False
null_random,HET_IDP_EWSR1_18,HET_ALT_KL_4,HET_IDP_to_HET_ALT,18.0,4.0,5.311534926430316,14.0,5.4250751774358275,False
null_random,HET_ALT_EL_12,HET_IDP_PABPN1_20,HET_ALT_to_HET_IDP,12.0,20.0,2.6436260886591683,8.0,2.7546122115458496,False
null_random,HET_ALT_KL_6,HET_IDP_RGG_18,HET_ALT_to_HET_IDP,6.0,18.0,3.5592028525571147,12.0,3.6720275993444225,False
null_random,HET_IDP_PABPN1_4,HET_BLOCK_KE_25,HET_IDP_to_HET_BLOCK,4.0,25.0,3.479549748141623,21.0,3.5950049604084144,False
null_random,HET_IDP_FUS_12,HET_COMP_K8_L2_30,HET_IDP_to_HET_COMP,12.0,30.0,1.3055059323284781,18.0,1.4202281272243105,False
null_random,HET_ALT_GS_25,HET_IDP_DDX4_25,HET_ALT_to_HET_IDP,25.0,25.0,6.826564949427269,0.0,6.926564949427268,False
null_random,HET_IDP_FUS_25,HET_IDP_EWSR1_3,HET_IDP_to_HET_IDP,25.0,3.0,4.408708953246786,22.0,4.524386424326432,False
null_random,HET_ALT_EL_15,HET_BLOCK_KE_25,HET_ALT_to_HET_BLOCK,15.0,25.0,2.6384491254903617,10.0,2.750438601854354,False
null_random,HET_BLOCK_KE_8,HET_IDP_TAU_8,HET_BLOCK_to_HET_IDP,8.0,8.0,3.137195709649562,0.0,3.237195709649562,False
null_random,HET_IDP_FUS_5,HET_IDP_QN_2,HET_IDP_to_HET_IDP,5.0,2.0,3.350787067162942,3.0,3.457718538968541,False
null_random,HET_BLOCK_KL_10,HET_BLOCK_KE_15,HET_BLOCK_to_HET_BLOCK,10.0,15.0,0.7859223834130408,5.0,0.894881180759181,False
null_random,HET_IDP_DDX4_15,HET_BLOCK_EL_15,HET_IDP_to_HET_BLOCK,15.0,15.0,3.0530007047740897,0.0,3.15300070477409,False
null_random,HET_IDP_RGG_20,HET_ALT_KL_18,HET_IDP_to_HET_ALT,20.0,18.0,4.741097831247773,2.0,4.846590892691113,False
null_random,HET_ALT_KL_20,HET_ALT_EL_15,HET_ALT_to_HET_ALT,20.0,15.0,2.119489886994719,5.0,2.2284486843408597,False
null_random,HET_IDP_TAU_8,HET_IDP_RGG_10,HET_IDP_to_HET_IDP,8.0,10.0,1.350890606186305,2.0,1.4563836676296458,False
null_random,HET_BLOCK_KE_20,HET_IDP_CPEB4_8,HET_BLOCK_to_HET_IDP,20.0,8.0,1.415762052925864,12.0,1.528586799713172,False
null_random,HET_IDP_QN_3,HET_IDP_RGG_4,HET_IDP_to_HET_IDP,3.0,4.0,1.8449708413188814,1.0,1.9484365772216812,False
null_random,HET_ALT_KL_18,HET_ALT_KL_3,HET_ALT_to_HET_ALT,18.0,3.0,3.753070045832888,15.0,3.866932989444087,False
null_random,HET_COMP_K4_L6_50,HET_BLOCK_KE_2,HET_COMP_to_HET_BLOCK,50.0,2.0,5.301103277714219,48.0,5.420562379204772,False
null_random,HET_IDP_LAF1_8,HET_ALT_EL_2,HET_IDP_to_HET_ALT,8.0,2.0,5.570525742853063,6.0,5.680255293598338,False
null_random,HET_KAPPA_0.5_20,HET_ALT_KL_3,HET_KAPPA_to_HET_ALT,20.0,3.0,3.242235314016707,17.0,3.3566871728061876,False
null_random,HET_ALT_GS_18,HET_IDP_EWSR1_8,HET_ALT_to_HET_IDP,18.0,8.0,1.5874748858636096,10.0,1.6994643622276016,False
null_random,HET_BLOCK_KL_15,HET_BLOCK_KL_6,HET_BLOCK_to_HET_BLOCK,15.0,6.0,3.259746897734311,9.0,3.3712598231992814,False
null_random,HET_ALT_KE_6,HET_ALT_KL_12,HET_ALT_to_HET_ALT,6.0,12.0,1.8351339387857497,6.0,1.9448634895310264,False
null_random,HET_ALT_KE_3,HET_IDP_LAF1_3,HET_ALT_to_HET_IDP,3.0,3.0,3.571034135828467,0.0,3.6710341358284673,False
null_random,HET_BLOCK_KL_4,HET_COMP_K6_L4_10,HET_BLOCK_to_HET_COMP,4.0,10.0,2.599402040103478,6.0,2.7091315908487545,False
null_random,HET_IDP_DDX4_2,HET_BLOCK_KE_8,HET_IDP_to_HET_BLOCK,2.0,8.0,2.648954829344603,6.0,2.7586843800898797,False
null_random,HET_BLOCK_KE_8,HET_IDP_EWSR1_6,HET_BLOCK_to_HET_IDP,8.0,6.0,3.0633069042853647,2.0,3.1687999657287054,False
null_random,HET_ALT_KL_6,HET_IDP_LAF1_5,HET_ALT_to_HET_IDP,6.0,5.0,2.901358873481354,1.0,3.004824609384154,False
null_random,HET_ALT_KL_8,HET_BLOCK_GE_12,HET_ALT_to_HET_BLOCK,8.0,12.0,2.9171811952487996,4.0,3.02522838481097,False
null_random,HET_IDP_FUS_15,HET_BLOCK_GE_4,HET_IDP_to_HET_BLOCK,15.0,4.0,4.632717729431262,11.0,4.745142262680202,False
null_random,HET_IDP_QN_8,HET_KAPPA_0.3_40,HET_IDP_to_HET_KAPPA,8.0,40.0,1.4493871435277002,32.0,1.5668696813350327,False
null_random,HET_IDP_ASYN_3,HET_BLOCK_KE_15,HET_IDP_to_HET_BLOCK,3.0,15.0,2.450423524709175,12.0,2.563248271496483,False
null_random,HET_IDP_PABPN1_2,HET_ALT_KE_10,HET_IDP_to_HET_ALT,2.0,10.0,4.951138218714261,8.0,5.062124341600942,False
null_random,HET_IDP_DDX4_12,HET_IDP_PABPN1_5,HET_IDP_to_HET_IDP,12.0,5.0,1.9455704143898,7.0,2.055967622098199,False
null_random,HET_COMP_K10_L0_50,HET_IDP_QN_10,HET_COMP_to_HET_IDP,50.0,10.0,8.535595896506184,40.0,8.654163756839704,False
null_random,HET_KAPPA_1.0_20,HET_KAPPA_0.7_20,HET_KAPPA_to_HET_KAPPA,20.0,20.0,3.6261911755675453,0.0,3.7261911755675454,False
null_random,HET_IDP_TAU_18,HET_IDP_TAU_2,HET_IDP_to_HET_IDP,18.0,2.0,9.025338794874267,16.0,9.139504861594547,False
null_random,HET_ALT_EL_2,HET_ALT_KL_5,HET_ALT_to_HET_ALT,2.0,5.0,3.5622246613970088,3.0,3.669156133202608,False
null_random,HET_IDP_PABPN1_4,HET_IDP_RGG_25,HET_IDP_to_HET_IDP,4.0,25.0,8.015215765068678,21.0,8.13067097733547,False
null_random,HET_BLOCK_KL_20,HET_BLOCK_KE_10,HET_BLOCK_to_HET_BLOCK,20.0,10.0,1.8295424708710373,10.0,1.9415319472350292,False
null_random,HET_ALT_KE_4,HET_IDP_EWSR1_15,HET_ALT_to_HET_IDP,4.0,15.0,4.280638724788971,11.0,4.393063258037911,False
null_random,HET_IDP_RGG_20,HET_IDP_LAF1_15,HET_IDP_to_HET_IDP,20.0,15.0,4.245884077750869,5.0,4.354842875097009,False
null_random,HET_COMP_K4_L6_10,HET_IDP_RGG_25,HET_COMP_to_HET_IDP,10.0,25.0,7.968645230248719,15.0,8.082508173859917,False
null_random,HET_KAPPA_0.0_20,HET_IDP_QN_15,HET_KAPPA_to_HET_IDP,20.0,15.0,2.1788712828991943,5.0,2.287830080245335,False
null_random,HET_ALT_KL_8,HET_BLOCK_EL_8,HET_ALT_to_HET_BLOCK,8.0,8.0,2.09939509978218,0.0,2.1993950997821803,False
null_random,HET_IDP_DDX4_25,HET_ALT_EL_5,HET_IDP_to_HET_ALT,25.0,5.0,6.714582872557904,20.0,6.829805484746521,False
null_random,HET_IDP_CPEB4_25,HET_IDP_ASYN_5,HET_IDP_to_HET_IDP,25.0,5.0,6.686515609465704,20.0,6.80173822165432,False
null_random,HET_KAPPA_0.0_20,HET_BLOCK_KL_4,HET_KAPPA_to_HET_BLOCK,20.0,4.0,2.311808966468737,16.0,2.4259750331890184,False
null_random,HET_IDP_FUS_20,HET_IDP_QN_18,HET_IDP_to_HET_IDP,20.0,18.0,2.907975779824374,2.0,3.0134688412677146,False
null_random,HET_KAPPA_0.7_60,HET_ALT_KL_25,HET_KAPPA_to_HET_ALT,60.0,25.0,2.564018544497999,35.0,2.6819361391902796,False
null_random,HET_KAPPA_1.0_60,HET_BLOCK_GE_2,HET_KAPPA_to_HET_BLOCK,60.0,2.0,6.337733665677705,58.0,6.458121352897233,False
null_random,HET_IDP_EWSR1_15,HET_IDP_CPEB4_25,HET_IDP_to_HET_IDP,15.0,25.0,5.25289764749871,10.0,5.364887123862701,False
null_random,HET_IDP_PABPN1_15,HET_BLOCK_GE_10,HET_IDP_to_HET_BLOCK,15.0,10.0,4.410956361417905,5.0,4.519915158764045,False
null_random,HET_ALT_KE_12,HET_ALT_GS_25,HET_ALT_to_HET_ALT,12.0,25.0,2.2060615010349465,13.0,2.319256787683023,False
null_random,HET_ALT_EL_5,HET_IDP_ASYN_10,HET_ALT_to_HET_IDP,5.0,10.0,3.9211205545987524,5.0,4.0300793519448925,False
null_random,HET_ALT_GS_12,HET_ALT_EL_20,HET_ALT_to_HET_ALT,12.0,20.0,3.286525013218437,8.0,3.3975111361051185,False
null_random,HET_IDP_CPEB4_4,HET_IDP_RGG_20,HET_IDP_to_HET_IDP,4.0,20.0,6.077152277465205,16.0,6.191318344185486,False
null_random,HET_IDP_QN_25,HET_IDP_PABPN1_4,HET_IDP_to_HET_IDP,25.0,4.0,6.839989627936231,21.0,6.955444840203023,False
null_random,HET_IDP_ASYN_10,HET_IDP_LAF1_18,HET_IDP_to_HET_IDP,10.0,18.0,1.1814591006881512,8.0,1.2924452235748323,False
null_random,HET_BLOCK_KE_4,HET_ALT_KE_6,HET_BLOCK_to_HET_ALT,4.0,6.0,1.705561210399984,2.0,1.8110542718433247,False
null_random,HET_IDP_TAU_25,HET_IDP_DDX4_25,HET_IDP_to_HET_IDP,25.0,25.0,7.186225585021401,0.0,7.286225585021401,False
null_random,HET_IDP_CPEB4_4,HET_COMP_K8_L2_50,HET_IDP_to_HET_COMP,4.0,50.0,3.5803623663438775,46.0,3.699613104352428,False
null_random,HET_ALT_GS_3,HET_IDP_QN_8,HET_ALT_to_HET_IDP,3.0,8.0,3.4811444231335944,5.0,3.590103220479735,False
null_random,HET_BLOCK_KE_20,HET_IDP_FUS_3,HET_BLOCK_to_HET_IDP,20.0,3.0,2.506000397590544,17.0,2.6204522563800245,False
null_random,HET_BLOCK_GE_6,HET_IDP_CPEB4_6,HET_BLOCK_to_HET_IDP,6.0,6.0,3.0234973975177137,0.0,3.123497397517714,False
null_random,HET_IDP_QN_5,HET_ALT_KL_25,HET_IDP_to_HET_ALT,5.0,25.0,3.3396587293586224,20.0,3.4548813415472397,False
null_random,HET_IDP_PABPN1_15,HET_KAPPA_0.5_20,HET_IDP_to_HET_KAPPA,15.0,20.0,3.534184227944693,5.0,3.6431430252908337,False
null_random,HET_IDP_QN_4,HET_IDP_QN_18,HET_IDP_to_HET_IDP,4.0,18.0,4.189201327203421,14.0,4.302741578208932,False
null_random,HET_IDP_CPEB4_18,HET_ALT_GS_6,HET_IDP_to_HET_ALT,18.0,6.0,5.722854375017808,12.0,5.835679121805115,False
null_random,HET_ALT_KL_12,HET_ALT_EL_20,HET_ALT_to_HET_ALT,12.0,20.0,3.09641680322112,8.0,3.207402926107801,False
