path_type,seq_from,seq_to,category,aa_from,aa_to,n_from,n_to,delta_n,is_bio,W2_npz,action_npz,W2_proxy,action_proxy,W2_diff,proxy_source
G_to_A,PolyX_PolyG_4,PolyX_PolyA_4,aa_change,G,A,4,4,0,True,18.348851,18.448851,,,,
G_to_S,PolyX_PolyG_4,PolyX_PolyS_4,aa_change,G,S,4,4,0,True,19.835553,19.935553,0.7761046396836269,0.8761046396836268,19.059448360316374,B5
G_to_E,PolyX_PolyG_4,PolyX_PolyE_4,aa_change,G,E,4,4,0,True,19.309299,19.409299,1.805996894133407,1.9059968941334071,17.50330210586659,B5
G_to_L,PolyX_PolyG_4,PolyX_PolyL_4,aa_change,G,L,4,4,0,True,19.614646,19.714646,1.1162085018413086,1.216208501841309,18.49843749815869,B5
G_to_K,PolyX_PolyG_4,PolyX_PolyK_4,aa_change,G,K,4,4,0,True,19.587276,19.687276,1.81224164698754,1.91224164698754,17.775034353012458,B5
G_to_V,PolyX_PolyG_4,PolyX_PolyV_4,aa_change,G,V,4,4,0,True,20.231989,20.331989,,,,
G_to_I,PolyX_PolyG_4,PolyX_PolyI_4,aa_change,G,I,4,4,0,True,17.726833,17.826833,,,,
G_to_F,PolyX_PolyG_4,PolyX_PolyF_4,aa_change,G,F,4,4,0,True,18.89113,18.99113,,,,
G_to_A,PolyX_PolyG_5,PolyX_PolyA_5,aa_change,G,A,5,5,0,True,10.751298,10.851298,,,,
G_to_S,PolyX_PolyG_5,PolyX_PolyS_5,aa_change,G,S,5,5,0,True,13.137084,13.237084,1.4018323340328027,1.5018323340328028,11.735251665967198,B5
G_to_E,PolyX_PolyG_5,PolyX_PolyE_5,aa_change,G,E,5,5,0,True,17.998828,18.098828,2.487373442533234,2.587373442533234,15.511454557466767,B5
G_to_L,PolyX_PolyG_5,PolyX_PolyL_5,aa_change,G,L,5,5,0,True,16.672106,16.772106,2.354042433316268,2.454042433316268,14.318063566683731,B5
G_to_K,PolyX_PolyG_5,PolyX_PolyK_5,aa_change,G,K,5,5,0,True,18.306171,18.406171,1.658651998100186,1.758651998100186,16.647519001899813,B5
G_to_V,PolyX_PolyG_5,PolyX_PolyV_5,aa_change,G,V,5,5,0,True,14.383395,14.483395,,,,
G_to_I,PolyX_PolyG_5,PolyX_PolyI_5,aa_change,G,I,5,5,0,True,12.687094,12.787094,,,,
G_to_F,PolyX_PolyG_5,PolyX_PolyF_5,aa_change,G,F,5,5,0,True,14.976797,15.076797,,,,
G_to_A,PolyX_PolyG_6,PolyX_PolyA_6,aa_change,G,A,6,6,0,True,20.346848,20.446848,,,,
G_to_S,PolyX_PolyG_6,PolyX_PolyS_6,aa_change,G,S,6,6,0,True,20.667154,20.767154,2.044855375311452,2.1448553753114523,18.622298624688547,B5
G_to_E,PolyX_PolyG_6,PolyX_PolyE_6,aa_change,G,E,6,6,0,True,15.374284,15.474284,2.249065823721376,2.349065823721376,13.125218176278624,B5
G_to_L,PolyX_PolyG_6,PolyX_PolyL_6,aa_change,G,L,6,6,0,True,22.015626,22.115626,2.190276885456779,2.290276885456779,19.825349114543222,B5
G_to_K,PolyX_PolyG_6,PolyX_PolyK_6,aa_change,G,K,6,6,0,True,23.153693,23.253693,2.845764449892196,2.945764449892196,20.307928550107803,B5
G_to_V,PolyX_PolyG_6,PolyX_PolyV_6,aa_change,G,V,6,6,0,True,25.945739,26.045739,,,,
G_to_I,PolyX_PolyG_6,PolyX_PolyI_6,aa_change,G,I,6,6,0,True,16.985171,17.085171,,,,
G_to_F,PolyX_PolyG_6,PolyX_PolyF_6,aa_change,G,F,6,6,0,True,16.944687,17.044687,,,,
G_to_A,PolyX_PolyG_7,PolyX_PolyA_7,aa_change,G,A,7,7,0,True,17.969964,18.069964,,,,
G_to_S,PolyX_PolyG_7,PolyX_PolyS_7,aa_change,G,S,7,7,0,True,18.683898,18.783898,0.9524268731530152,1.052426873153015,17.731471126846984,B5
G_to_E,PolyX_PolyG_7,PolyX_PolyE_7,aa_change,G,E,7,7,0,True,17.064858,17.164858,1.6266734657717083,1.7266734657717084,15.438184534228293,B5
G_to_L,PolyX_PolyG_7,PolyX_PolyL_7,aa_change,G,L,7,7,0,True,18.395601,18.495601,1.3169590885526612,1.4169590885526613,17.07864191144734,B5
G_to_K,PolyX_PolyG_7,PolyX_PolyK_7,aa_change,G,K,7,7,0,True,22.65585,22.75585,1.724233875789875,1.824233875789875,20.931616124210127,B5
G_to_V,PolyX_PolyG_7,PolyX_PolyV_7,aa_change,G,V,7,7,0,True,17.505255,17.605255,,,,
G_to_I,PolyX_PolyG_7,PolyX_PolyI_7,aa_change,G,I,7,7,0,True,16.79857,16.89857,,,,
G_to_F,PolyX_PolyG_7,PolyX_PolyF_7,aa_change,G,F,7,7,0,True,21.316862,21.416862,,,,
G_to_A,PolyX_PolyG_8,PolyX_PolyA_8,aa_change,G,A,8,8,0,True,15.976012,16.076012,,,,
G_to_S,PolyX_PolyG_8,PolyX_PolyS_8,aa_change,G,S,8,8,0,True,17.59082,17.69082,1.090270530487731,1.190270530487731,16.50054946951227,B5
G_to_E,PolyX_PolyG_8,PolyX_PolyE_8,aa_change,G,E,8,8,0,True,19.376152,19.476152,2.183276052963008,2.283276052963008,17.192875947036992,B5
G_to_L,PolyX_PolyG_8,PolyX_PolyL_8,aa_change,G,L,8,8,0,True,17.266879,17.366879,1.6871112235046275,1.7871112235046278,15.579767776495371,B5
G_to_K,PolyX_PolyG_8,PolyX_PolyK_8,aa_change,G,K,8,8,0,True,20.397038,20.497038,2.195960511885981,2.295960511885981,18.201077488114016,B5
G_to_V,PolyX_PolyG_8,PolyX_PolyV_8,aa_change,G,V,8,8,0,True,14.301852,14.401852,,,,
G_to_I,PolyX_PolyG_8,PolyX_PolyI_8,aa_change,G,I,8,8,0,True,13.56094,13.66094,,,,
G_to_F,PolyX_PolyG_8,PolyX_PolyF_8,aa_change,G,F,8,8,0,True,22.750013,22.850013,,,,
G_to_A,PolyX_PolyG_9,PolyX_PolyA_9,aa_change,G,A,9,9,0,True,13.352619,13.452619,,,,
G_to_S,PolyX_PolyG_9,PolyX_PolyS_9,aa_change,G,S,9,9,0,True,11.119382,11.219382,2.0550054036085883,2.1550054036085884,9.064376596391412,B5
G_to_E,PolyX_PolyG_9,PolyX_PolyE_9,aa_change,G,E,9,9,0,True,10.009272,10.109272,3.1635299673826247,3.263529967382625,6.845742032617375,B5
G_to_L,PolyX_PolyG_9,PolyX_PolyL_9,aa_change,G,L,9,9,0,True,11.925708,12.025708,1.606103986467394,1.706103986467394,10.319604013532606,B5
G_to_K,PolyX_PolyG_9,PolyX_PolyK_9,aa_change,G,K,9,9,0,True,17.941691,18.041691,2.675907796574293,2.775907796574293,15.265783203425705,B5
G_to_V,PolyX_PolyG_9,PolyX_PolyV_9,aa_change,G,V,9,9,0,True,7.917113,8.017113,,,,
G_to_I,PolyX_PolyG_9,PolyX_PolyI_9,aa_change,G,I,9,9,0,True,11.688864,11.788864,,,,
G_to_F,PolyX_PolyG_9,PolyX_PolyF_9,aa_change,G,F,9,9,0,True,8.400372,8.500372,,,,
G_to_A,PolyX_PolyG_10,PolyX_PolyA_10,aa_change,G,A,10,10,0,True,14.287111,14.387111,,,,
G_to_S,PolyX_PolyG_10,PolyX_PolyS_10,aa_change,G,S,10,10,0,True,16.851884,16.951884,1.0925886911766525,1.1925886911766526,15.759295308823345,B5
G_to_E,PolyX_PolyG_10,PolyX_PolyE_10,aa_change,G,E,10,10,0,True,12.990009,13.090009,2.8878556003056954,2.9878556003056955,10.102153399694306,B5
G_to_L,PolyX_PolyG_10,PolyX_PolyL_10,aa_change,G,L,10,10,0,True,16.326925,16.426925,1.5562253337765852,1.656225333776585,14.770699666223415,B5
G_to_K,PolyX_PolyG_10,PolyX_PolyK_10,aa_change,G,K,10,10,0,True,14.0271,14.1271,2.593949562412614,2.693949562412614,11.433150437587386,B5
G_to_V,PolyX_PolyG_10,PolyX_PolyV_10,aa_change,G,V,10,10,0,True,12.175878,12.275878,,,,
G_to_I,PolyX_PolyG_10,PolyX_PolyI_10,aa_change,G,I,10,10,0,True,20.756887,20.856887,,,,
G_to_F,PolyX_PolyG_10,PolyX_PolyF_10,aa_change,G,F,10,10,0,True,17.600476,17.700476,,,,
G_to_A,PolyX_PolyG_11,PolyX_PolyA_11,aa_change,G,A,11,11,0,True,10.775503,10.875503,,,,
G_to_S,PolyX_PolyG_11,PolyX_PolyS_11,aa_change,G,S,11,11,0,True,18.704129,18.804129,1.193974339646268,1.293974339646268,17.51015466035373,B5
G_to_E,PolyX_PolyG_11,PolyX_PolyE_11,aa_change,G,E,11,11,0,True,17.595748,17.695748,2.1855166243069646,2.2855166243069647,15.410231375693035,B5
G_to_L,PolyX_PolyG_11,PolyX_PolyL_11,aa_change,G,L,11,11,0,True,15.47282,15.57282,1.178233762845187,1.2782337628451874,14.294586237154814,B5
G_to_K,PolyX_PolyG_11,PolyX_PolyK_11,aa_change,G,K,11,11,0,True,11.355412,11.455412,1.8748589134749456,1.974858913474946,9.480553086525054,B5
G_to_V,PolyX_PolyG_11,PolyX_PolyV_11,aa_change,G,V,11,11,0,True,15.839758,15.939758,,,,
G_to_I,PolyX_PolyG_11,PolyX_PolyI_11,aa_change,G,I,11,11,0,True,14.004772,14.104772,,,,
G_to_F,PolyX_PolyG_11,PolyX_PolyF_11,aa_change,G,F,11,11,0,True,16.514005,16.614005,,,,
G_to_A,PolyX_PolyG_12,PolyX_PolyA_12,aa_change,G,A,12,12,0,True,13.525549,13.625549,,,,
G_to_S,PolyX_PolyG_12,PolyX_PolyS_12,aa_change,G,S,12,12,0,True,14.451186,14.551186,1.4509206762458726,1.5509206762458727,13.000265323754128,B5
G_to_E,PolyX_PolyG_12,PolyX_PolyE_12,aa_change,G,E,12,12,0,True,9.172486,9.272486,2.5115271126455583,2.6115271126455584,6.660958887354441,B5
G_to_L,PolyX_PolyG_12,PolyX_PolyL_12,aa_change,G,L,12,12,0,True,11.157025,11.257025,2.516493279668327,2.616493279668327,8.640531720331674,B5
G_to_K,PolyX_PolyG_12,PolyX_PolyK_12,aa_change,G,K,12,12,0,True,15.061539,15.161539,2.4538050572117376,2.5538050572117377,12.607733942788261,B5
G_to_V,PolyX_PolyG_12,PolyX_PolyV_12,aa_change,G,V,12,12,0,True,15.787094,15.887094,,,,
G_to_I,PolyX_PolyG_12,PolyX_PolyI_12,aa_change,G,I,12,12,0,True,11.732722,11.832722,,,,
G_to_F,PolyX_PolyG_12,PolyX_PolyF_12,aa_change,G,F,12,12,0,True,17.729841,17.829841,,,,
G_to_A,PolyX_PolyG_13,PolyX_PolyA_13,aa_change,G,A,13,13,0,True,17.910984,18.010984,,,,
G_to_S,PolyX_PolyG_13,PolyX_PolyS_13,aa_change,G,S,13,13,0,True,13.187513,13.287513,1.31254204638832,1.41254204638832,11.87497095361168,B5
G_to_E,PolyX_PolyG_13,PolyX_PolyE_13,aa_change,G,E,13,13,0,True,17.495129,17.595129,2.4238569325022605,2.5238569325022606,15.071272067497738,B5
G_to_L,PolyX_PolyG_13,PolyX_PolyL_13,aa_change,G,L,13,13,0,True,15.103599,15.203599,0.9485666958018362,1.0485666958018365,14.155032304198166,B5
G_to_K,PolyX_PolyG_13,PolyX_PolyK_13,aa_change,G,K,13,13,0,True,19.543027,19.643027,2.015360553538101,2.115360553538101,17.527666446461897,B5
G_to_V,PolyX_PolyG_13,PolyX_PolyV_13,aa_change,G,V,13,13,0,True,15.092939,15.192939,,,,
G_to_I,PolyX_PolyG_13,PolyX_PolyI_13,aa_change,G,I,13,13,0,True,13.445248,13.545248,,,,
G_to_F,PolyX_PolyG_13,PolyX_PolyF_13,aa_change,G,F,13,13,0,True,13.896378,13.996378,,,,
G_to_A,PolyX_PolyG_14,PolyX_PolyA_14,aa_change,G,A,14,14,0,True,13.04247,13.14247,,,,
G_to_S,PolyX_PolyG_14,PolyX_PolyS_14,aa_change,G,S,14,14,0,True,15.704929,15.804929,1.722166188031276,1.822166188031276,13.982762811968724,B5
G_to_E,PolyX_PolyG_14,PolyX_PolyE_14,aa_change,G,E,14,14,0,True,10.038773,10.138773,2.4318642813769533,2.5318642813769534,7.606908718623048,B5
G_to_L,PolyX_PolyG_14,PolyX_PolyL_14,aa_change,G,L,14,14,0,True,11.22384,11.32384,0.9868553708934568,1.0868553708934567,10.236984629106542,B5
G_to_K,PolyX_PolyG_14,PolyX_PolyK_14,aa_change,G,K,14,14,0,True,19.842495,19.942495,2.2834888538998848,2.383488853899885,17.559006146100113,B5
G_to_V,PolyX_PolyG_14,PolyX_PolyV_14,aa_change,G,V,14,14,0,True,11.694465,11.794465,,,,
G_to_I,PolyX_PolyG_14,PolyX_PolyI_14,aa_change,G,I,14,14,0,True,10.350332,10.450332,,,,
G_to_F,PolyX_PolyG_14,PolyX_PolyF_14,aa_change,G,F,14,14,0,True,8.129707,8.229707,,,,
G_to_A,PolyX_PolyG_15,PolyX_PolyA_15,aa_change,G,A,15,15,0,True,7.641461,7.741461,,,,
G_to_S,PolyX_PolyG_15,PolyX_PolyS_15,aa_change,G,S,15,15,0,True,9.102507,9.202507,1.5033654142697013,1.6033654142697014,7.5991415857302975,B5
G_to_E,PolyX_PolyG_15,PolyX_PolyE_15,aa_change,G,E,15,15,0,True,8.791404,8.891404,2.364277600075043,2.464277600075043,6.427126399924957,B5
G_to_L,PolyX_PolyG_15,PolyX_PolyL_15,aa_change,G,L,15,15,0,True,9.490868,9.590868,2.550443995951707,2.650443995951707,6.940424004048294,B5
G_to_K,PolyX_PolyG_15,PolyX_PolyK_15,aa_change,G,K,15,15,0,True,28.743253,28.843253,2.4042236003152646,2.5042236003152647,26.339029399684733,B5
G_to_V,PolyX_PolyG_15,PolyX_PolyV_15,aa_change,G,V,15,15,0,True,11.982253,12.082253,,,,
G_to_I,PolyX_PolyG_15,PolyX_PolyI_15,aa_change,G,I,15,15,0,True,14.124684,14.224684,,,,
G_to_F,PolyX_PolyG_15,PolyX_PolyF_15,aa_change,G,F,15,15,0,True,13.554741,13.654741,,,,
G_to_A,PolyX_PolyG_16,PolyX_PolyA_16,aa_change,G,A,16,16,0,True,10.837112,10.937112,,,,
G_to_S,PolyX_PolyG_16,PolyX_PolyS_16,aa_change,G,S,16,16,0,True,11.390604,11.490604,1.2237018362615582,1.3237018362615582,10.166902163738442,B5
G_to_E,PolyX_PolyG_16,PolyX_PolyE_16,aa_change,G,E,16,16,0,True,9.556132,9.656132,2.380091768824126,2.480091768824126,7.1760402311758735,B5
G_to_L,PolyX_PolyG_16,PolyX_PolyL_16,aa_change,G,L,16,16,0,True,14.775288,14.875288,2.599980712916112,2.699980712916112,12.175307287083887,B5
G_to_K,PolyX_PolyG_16,PolyX_PolyK_16,aa_change,G,K,16,16,0,True,16.739794,16.839794,1.8914688337190444,1.9914688337190445,14.848325166280956,B5
G_to_V,PolyX_PolyG_16,PolyX_PolyV_16,aa_change,G,V,16,16,0,True,13.748789,13.848789,,,,
G_to_I,PolyX_PolyG_16,PolyX_PolyI_16,aa_change,G,I,16,16,0,True,13.516253,13.616253,,,,
G_to_F,PolyX_PolyG_16,PolyX_PolyF_16,aa_change,G,F,16,16,0,True,11.421178,11.521178,,,,
G_to_A,PolyX_PolyG_17,PolyX_PolyA_17,aa_change,G,A,17,17,0,True,6.697444,6.797444,,,,
G_to_S,PolyX_PolyG_17,PolyX_PolyS_17,aa_change,G,S,17,17,0,True,4.320955,4.420955,1.1934271366719469,1.2934271366719468,3.1275278633280528,B5
G_to_E,PolyX_PolyG_17,PolyX_PolyE_17,aa_change,G,E,17,17,0,True,9.972207,10.072207,2.205208902994612,2.305208902994612,7.766998097005388,B5
G_to_L,PolyX_PolyG_17,PolyX_PolyL_17,aa_change,G,L,17,17,0,True,5.703635,5.803635,3.027420985335993,3.1274209853359936,2.676214014664007,B5
G_to_K,PolyX_PolyG_17,PolyX_PolyK_17,aa_change,G,K,17,17,0,True,14.825612,14.925612,2.0863629627236047,2.1863629627236048,12.739249037276394,B5
G_to_V,PolyX_PolyG_17,PolyX_PolyV_17,aa_change,G,V,17,17,0,True,6.001071,6.101071,,,,
G_to_I,PolyX_PolyG_17,PolyX_PolyI_17,aa_change,G,I,17,17,0,True,4.729307,4.829307,,,,
G_to_F,PolyX_PolyG_17,PolyX_PolyF_17,aa_change,G,F,17,17,0,True,4.127195,4.227195,,,,
G_to_A,PolyX_PolyG_18,PolyX_PolyA_18,aa_change,G,A,18,18,0,True,5.190107,5.290107,,,,
G_to_S,PolyX_PolyG_18,PolyX_PolyS_18,aa_change,G,S,18,18,0,True,6.74694,6.84694,0.9694354208422702,1.0694354208422705,5.77750457915773,B5
G_to_E,PolyX_PolyG_18,PolyX_PolyE_18,aa_change,G,E,18,18,0,True,12.991533,13.091533,2.158044647518722,2.258044647518722,10.833488352481279,B5
G_to_L,PolyX_PolyG_18,PolyX_PolyL_18,aa_change,G,L,18,18,0,True,8.527696,8.627696,1.4689415515425188,1.568941551542519,7.058754448457481,B5
G_to_K,PolyX_PolyG_18,PolyX_PolyK_18,aa_change,G,K,18,18,0,True,16.769154,16.869154,2.1096450988714417,2.209645098871442,14.659508901128559,B5
G_to_V,PolyX_PolyG_18,PolyX_PolyV_18,aa_change,G,V,18,18,0,True,6.8249,6.9249,,,,
G_to_I,PolyX_PolyG_18,PolyX_PolyI_18,aa_change,G,I,18,18,0,True,6.041831,6.141831,,,,
G_to_F,PolyX_PolyG_18,PolyX_PolyF_18,aa_change,G,F,18,18,0,True,3.60629,3.70629,,,,
G_to_A,PolyX_PolyG_19,PolyX_PolyA_19,aa_change,G,A,19,19,0,True,5.860013,5.960013,,,,
G_to_S,PolyX_PolyG_19,PolyX_PolyS_19,aa_change,G,S,19,19,0,True,2.856395,2.956395,1.4497169498550744,1.5497169498550745,1.4066780501449256,B5
G_to_E,PolyX_PolyG_19,PolyX_PolyE_19,aa_change,G,E,19,19,0,True,4.080415,4.180415,2.9920733709124074,3.0920733709124075,1.088341629087593,B5
G_to_L,PolyX_PolyG_19,PolyX_PolyL_19,aa_change,G,L,19,19,0,True,3.532783,3.632783,3.4164359751694136,3.5164359751694136,0.11634702483058623,B5
G_to_K,PolyX_PolyG_19,PolyX_PolyK_19,aa_change,G,K,19,19,0,True,11.739438,11.839438,2.1623640770659693,2.262364077065969,9.57707392293403,B5
G_to_V,PolyX_PolyG_19,PolyX_PolyV_19,aa_change,G,V,19,19,0,True,7.893487,7.993487,,,,
G_to_I,PolyX_PolyG_19,PolyX_PolyI_19,aa_change,G,I,19,19,0,True,6.450717,6.550717,,,,
G_to_F,PolyX_PolyG_19,PolyX_PolyF_19,aa_change,G,F,19,19,0,True,5.395609,5.495609,,,,
G_to_A,PolyX_PolyG_20,PolyX_PolyA_20,aa_change,G,A,20,20,0,True,8.645797,8.745797,,,,
G_to_S,PolyX_PolyG_20,PolyX_PolyS_20,aa_change,G,S,20,20,0,True,5.633012,5.733012,0.8833597181586315,0.9833597181586314,4.749652281841368,B5
G_to_E,PolyX_PolyG_20,PolyX_PolyE_20,aa_change,G,E,20,20,0,True,9.486027,9.586027,2.5946970823276083,2.6946970823276084,6.891329917672392,B5
G_to_L,PolyX_PolyG_20,PolyX_PolyL_20,aa_change,G,L,20,20,0,True,9.061731,9.161731,3.3343554582677024,3.4343554582677025,5.727375541732298,B5
G_to_K,PolyX_PolyG_20,PolyX_PolyK_20,aa_change,G,K,20,20,0,True,18.712487,18.812487,1.8346684338052783,1.9346684338052784,16.877818566194723,B5
G_to_V,PolyX_PolyG_20,PolyX_PolyV_20,aa_change,G,V,20,20,0,True,5.945299,6.045299,,,,
G_to_I,PolyX_PolyG_20,PolyX_PolyI_20,aa_change,G,I,20,20,0,True,10.90126,11.00126,,,,
G_to_F,PolyX_PolyG_20,PolyX_PolyF_20,aa_change,G,F,20,20,0,True,10.6231,10.7231,,,,
G_to_A,PolyX_PolyG_21,PolyX_PolyA_21,aa_change,G,A,21,21,0,True,5.892355,5.992355,,,,
G_to_S,PolyX_PolyG_21,PolyX_PolyS_21,aa_change,G,S,21,21,0,True,6.213659,6.313659,0.747610443855958,0.847610443855958,5.466048556144042,B5
G_to_E,PolyX_PolyG_21,PolyX_PolyE_21,aa_change,G,E,21,21,0,True,3.829188,3.929188,2.588011358874035,2.6880113588740357,1.2411766411259646,B5
G_to_L,PolyX_PolyG_21,PolyX_PolyL_21,aa_change,G,L,21,21,0,True,9.393961,9.493961,3.784585552187472,3.884585552187472,5.609375447812527,B5
G_to_K,PolyX_PolyG_21,PolyX_PolyK_21,aa_change,G,K,21,21,0,True,14.994127,15.094127,1.6354539788837514,1.7354539788837515,13.35867302111625,B5
G_to_V,PolyX_PolyG_21,PolyX_PolyV_21,aa_change,G,V,21,21,0,True,7.677422,7.777422,,,,
G_to_I,PolyX_PolyG_21,PolyX_PolyI_21,aa_change,G,I,21,21,0,True,6.434186,6.534186,,,,
G_to_F,PolyX_PolyG_21,PolyX_PolyF_21,aa_change,G,F,21,21,0,True,6.976513,7.076513,,,,
G_to_A,PolyX_PolyG_22,PolyX_PolyA_22,aa_change,G,A,22,22,0,True,4.904544,5.004544,,,,
G_to_S,PolyX_PolyG_22,PolyX_PolyS_22,aa_change,G,S,22,22,0,True,5.12954,5.22954,0.8992811254765655,0.9992811254765654,4.230258874523435,B5
G_to_E,PolyX_PolyG_22,PolyX_PolyE_22,aa_change,G,E,22,22,0,True,5.934038,6.034038,1.737893959772063,1.8378939597720632,4.196144040227937,B5
G_to_L,PolyX_PolyG_22,PolyX_PolyL_22,aa_change,G,L,22,22,0,True,5.149973,5.249973,1.8777345217653028,1.9777345217653028,3.2722384782346974,B5
G_to_K,PolyX_PolyG_22,PolyX_PolyK_22,aa_change,G,K,22,22,0,True,16.769357,16.869357,1.5065247567444515,1.6065247567444516,15.262832243255549,B5
G_to_V,PolyX_PolyG_22,PolyX_PolyV_22,aa_change,G,V,22,22,0,True,4.371331,4.471331,,,,
G_to_I,PolyX_PolyG_22,PolyX_PolyI_22,aa_change,G,I,22,22,0,True,6.151537,6.251537,,,,
G_to_F,PolyX_PolyG_22,PolyX_PolyF_22,aa_change,G,F,22,22,0,True,5.380346,5.480346,,,,
G_to_A,PolyX_PolyG_23,PolyX_PolyA_23,aa_change,G,A,23,23,0,True,4.292446,4.392446,,,,
G_to_S,PolyX_PolyG_23,PolyX_PolyS_23,aa_change,G,S,23,23,0,True,4.296687,4.396687,0.8970782952874528,0.9970782952874528,3.3996087047125476,B5
G_to_E,PolyX_PolyG_23,PolyX_PolyE_23,aa_change,G,E,23,23,0,True,3.081709,3.181709,1.9801381327829388,2.0801381327829387,1.1015708672170612,B5
G_to_L,PolyX_PolyG_23,PolyX_PolyL_23,aa_change,G,L,23,23,0,True,5.093768,5.193768,3.141447783107635,3.241447783107635,1.9523202168923648,B5
G_to_K,PolyX_PolyG_23,PolyX_PolyK_23,aa_change,G,K,23,23,0,True,12.068144,12.168144,1.4374056621008722,1.5374056621008725,10.630738337899128,B5
G_to_V,PolyX_PolyG_23,PolyX_PolyV_23,aa_change,G,V,23,23,0,True,5.325756,5.425756,,,,
G_to_I,PolyX_PolyG_23,PolyX_PolyI_23,aa_change,G,I,23,23,0,True,3.803769,3.903769,,,,
G_to_F,PolyX_PolyG_23,PolyX_PolyF_23,aa_change,G,F,23,23,0,True,7.642704,7.742704,,,,
G_to_A,PolyX_PolyG_24,PolyX_PolyA_24,aa_change,G,A,24,24,0,True,1.931766,2.031766,,,,
G_to_S,PolyX_PolyG_24,PolyX_PolyS_24,aa_change,G,S,24,24,0,True,5.883126,5.983126,1.0014521939799454,1.1014521939799455,4.881673806020054,B5
G_to_E,PolyX_PolyG_24,PolyX_PolyE_24,aa_change,G,E,24,24,0,True,1.318615,1.418615,2.2747159239741115,2.374715923974112,-0.9561009239741114,B5
G_to_L,PolyX_PolyG_24,PolyX_PolyL_24,aa_change,G,L,24,24,0,True,4.192275,4.292275,4.287988178193685,4.387988178193685,-0.09571317819368463,B5
G_to_K,PolyX_PolyG_24,PolyX_PolyK_24,aa_change,G,K,24,24,0,True,15.872765,15.972765,1.60701376134593,1.70701376134593,14.265751238654069,B5
G_to_V,PolyX_PolyG_24,PolyX_PolyV_24,aa_change,G,V,24,24,0,True,3.512536,3.612536,,,,
G_to_I,PolyX_PolyG_24,PolyX_PolyI_24,aa_change,G,I,24,24,0,True,3.739185,3.839185,,,,
G_to_F,PolyX_PolyG_24,PolyX_PolyF_24,aa_change,G,F,24,24,0,True,5.057237,5.157237,,,,
G_to_A,PolyX_PolyG_25,PolyX_PolyA_25,aa_change,G,A,25,25,0,True,3.0469,3.1469,,,,
G_to_S,PolyX_PolyG_25,PolyX_PolyS_25,aa_change,G,S,25,25,0,True,4.301892,4.401892,0.7217458643062886,0.8217458643062886,3.580146135693711,B5
G_to_E,PolyX_PolyG_25,PolyX_PolyE_25,aa_change,G,E,25,25,0,True,5.341909,5.441909,2.023611468817012,2.123611468817012,3.318297531182988,B5
G_to_L,PolyX_PolyG_25,PolyX_PolyL_25,aa_change,G,L,25,25,0,True,6.617673,6.717673,4.4974744810602125,4.597474481060212,2.1201985189397874,B5
G_to_K,PolyX_PolyG_25,PolyX_PolyK_25,aa_change,G,K,25,25,0,True,18.357678,18.457678,1.537489411068364,1.637489411068364,16.820188588931636,B5
G_to_V,PolyX_PolyG_25,PolyX_PolyV_25,aa_change,G,V,25,25,0,True,7.634331,7.734331,,,,
G_to_I,PolyX_PolyG_25,PolyX_PolyI_25,aa_change,G,I,25,25,0,True,5.797768,5.897768,,,,
G_to_F,PolyX_PolyG_25,PolyX_PolyF_25,aa_change,G,F,25,25,0,True,4.581891,4.681891,,,,
G_to_A,PolyX_PolyG_26,PolyX_PolyA_26,aa_change,G,A,26,26,0,True,6.413447,6.513447,,,,
G_to_S,PolyX_PolyG_26,PolyX_PolyS_26,aa_change,G,S,26,26,0,True,3.09291,3.19291,0.6325558529941385,0.7325558529941385,2.4603541470058614,B5
G_to_E,PolyX_PolyG_26,PolyX_PolyE_26,aa_change,G,E,26,26,0,True,3.588463,3.688463,3.59242947745172,3.69242947745172,-0.003966477451720074,B5
G_to_L,PolyX_PolyG_26,PolyX_PolyL_26,aa_change,G,L,26,26,0,True,5.669581,5.769581,4.259211208890713,4.359211208890713,1.4103697911092867,B5
G_to_K,PolyX_PolyG_26,PolyX_PolyK_26,aa_change,G,K,26,26,0,True,18.545681,18.645681,1.5510280651543529,1.6510280651543527,16.994652934845647,B5
G_to_V,PolyX_PolyG_26,PolyX_PolyV_26,aa_change,G,V,26,26,0,True,4.420542,4.520542,,,,
G_to_I,PolyX_PolyG_26,PolyX_PolyI_26,aa_change,G,I,26,26,0,True,4.878642,4.978642,,,,
G_to_F,PolyX_PolyG_26,PolyX_PolyF_26,aa_change,G,F,26,26,0,True,5.826746,5.926746,,,,
G_to_A,PolyX_PolyG_27,PolyX_PolyA_27,aa_change,G,A,27,27,0,True,2.982509,3.082509,,,,
G_to_S,PolyX_PolyG_27,PolyX_PolyS_27,aa_change,G,S,27,27,0,True,4.509655,4.609655,0.8046720930363388,0.9046720930363388,3.7049829069636617,B5
G_to_E,PolyX_PolyG_27,PolyX_PolyE_27,aa_change,G,E,27,27,0,True,3.490546,3.590546,2.136753994784204,2.236753994784204,1.3537920052157961,B5
G_to_L,PolyX_PolyG_27,PolyX_PolyL_27,aa_change,G,L,27,27,0,True,5.638704,5.738704,4.392964890383202,4.492964890383202,1.2457391096167978,B5
G_to_K,PolyX_PolyG_27,PolyX_PolyK_27,aa_change,G,K,27,27,0,True,12.951368,13.051368,1.846214482270085,1.946214482270085,11.105153517729915,B5
G_to_V,PolyX_PolyG_27,PolyX_PolyV_27,aa_change,G,V,27,27,0,True,5.941971,6.041971,,,,
G_to_I,PolyX_PolyG_27,PolyX_PolyI_27,aa_change,G,I,27,27,0,True,6.109888,6.209888,,,,
G_to_F,PolyX_PolyG_27,PolyX_PolyF_27,aa_change,G,F,27,27,0,True,7.180525,7.280525,,,,
G_to_A,PolyX_PolyG_28,PolyX_PolyA_28,aa_change,G,A,28,28,0,True,7.005883,7.105883,,,,
G_to_S,PolyX_PolyG_28,PolyX_PolyS_28,aa_change,G,S,28,28,0,True,7.493419,7.593419,0.8653399789504264,0.9653399789504264,6.628079021049574,B5
G_to_E,PolyX_PolyG_28,PolyX_PolyE_28,aa_change,G,E,28,28,0,True,8.557347,8.657347,1.7720995539116913,1.8720995539116916,6.7852474460883085,B5
G_to_L,PolyX_PolyG_28,PolyX_PolyL_28,aa_change,G,L,28,28,0,True,9.160889,9.260889,4.904550200531341,5.004550200531341,4.256338799468658,B5
G_to_K,PolyX_PolyG_28,PolyX_PolyK_28,aa_change,G,K,28,28,0,True,14.67958,14.77958,1.8055807984850525,1.9055807984850528,12.873999201514946,B5
G_to_V,PolyX_PolyG_28,PolyX_PolyV_28,aa_change,G,V,28,28,0,True,7.724579,7.824579,,,,
G_to_I,PolyX_PolyG_28,PolyX_PolyI_28,aa_change,G,I,28,28,0,True,8.032747,8.132747,,,,
G_to_F,PolyX_PolyG_28,PolyX_PolyF_28,aa_change,G,F,28,28,0,True,8.283595,8.383595,,,,
G_to_A,PolyX_PolyG_29,PolyX_PolyA_29,aa_change,G,A,29,29,0,True,4.416059,4.516059,,,,
G_to_S,PolyX_PolyG_29,PolyX_PolyS_29,aa_change,G,S,29,29,0,True,4.837059,4.937059,1.088053076694469,1.188053076694469,3.749005923305531,B5
G_to_E,PolyX_PolyG_29,PolyX_PolyE_29,aa_change,G,E,29,29,0,True,4.451875,4.551875,2.950856895233344,3.050856895233344,1.5010181047666564,B5
G_to_L,PolyX_PolyG_29,PolyX_PolyL_29,aa_change,G,L,29,29,0,True,4.344714,4.444714,5.068841671705458,5.168841671705458,-0.7241276717054586,B5
G_to_K,PolyX_PolyG_29,PolyX_PolyK_29,aa_change,G,K,29,29,0,True,18.072793,18.172793,1.8963582521473292,1.996358252147329,16.17643474785267,B5
G_to_V,PolyX_PolyG_29,PolyX_PolyV_29,aa_change,G,V,29,29,0,True,7.516306,7.616306,,,,
G_to_I,PolyX_PolyG_29,PolyX_PolyI_29,aa_change,G,I,29,29,0,True,5.098582,5.198582,,,,
G_to_F,PolyX_PolyG_29,PolyX_PolyF_29,aa_change,G,F,29,29,0,True,4.503797,4.603797,,,,
G_to_A,PolyX_PolyG_30,PolyX_PolyA_30,aa_change,G,A,30,30,0,True,5.169191,5.269191,,,,
G_to_S,PolyX_PolyG_30,PolyX_PolyS_30,aa_change,G,S,30,30,0,True,6.220583,6.320583,0.9340816014111458,1.0340816014111458,5.286501398588855,B5
G_to_E,PolyX_PolyG_30,PolyX_PolyE_30,aa_change,G,E,30,30,0,True,2.658577,2.758577,1.9818819156261196,2.0818819156261195,0.6766950843738806,B5
G_to_L,PolyX_PolyG_30,PolyX_PolyL_30,aa_change,G,L,30,30,0,True,6.015442,6.115442,2.218119009948394,2.318119009948394,3.7973229900516063,B5
G_to_K,PolyX_PolyG_30,PolyX_PolyK_30,aa_change,G,K,30,30,0,True,24.191824,24.291824,1.8602733376239744,1.9602733376239747,22.331550662376024,B5
G_to_V,PolyX_PolyG_30,PolyX_PolyV_30,aa_change,G,V,30,30,0,True,5.688955,5.788955,,,,
G_to_I,PolyX_PolyG_30,PolyX_PolyI_30,aa_change,G,I,30,30,0,True,9.705429,9.805429,,,,
G_to_F,PolyX_PolyG_30,PolyX_PolyF_30,aa_change,G,F,30,30,0,True,7.095206,7.195206,,,,
G_to_A,PolyX_PolyG_31,PolyX_PolyA_31,aa_change,G,A,31,31,0,True,4.895204,4.995204,,,,
G_to_S,PolyX_PolyG_31,PolyX_PolyS_31,aa_change,G,S,31,31,0,True,4.538983,4.638983,0.7988416743924528,0.8988416743924528,3.740141325607547,B5
G_to_E,PolyX_PolyG_31,PolyX_PolyE_31,aa_change,G,E,31,31,0,True,4.344693,4.444693,2.3011397586589117,2.4011397586589114,2.0435532413410886,B5
G_to_L,PolyX_PolyG_31,PolyX_PolyL_31,aa_change,G,L,31,31,0,True,6.265286,6.365286,3.14466396414222,3.24466396414222,3.12062203585778,B5
G_to_K,PolyX_PolyG_31,PolyX_PolyK_31,aa_change,G,K,31,31,0,True,15.356038,15.456038,1.9900367260958876,2.0900367260958874,13.366001273904113,B5
G_to_V,PolyX_PolyG_31,PolyX_PolyV_31,aa_change,G,V,31,31,0,True,3.713278,3.813278,,,,
G_to_I,PolyX_PolyG_31,PolyX_PolyI_31,aa_change,G,I,31,31,0,True,5.953919,6.053919,,,,
G_to_F,PolyX_PolyG_31,PolyX_PolyF_31,aa_change,G,F,31,31,0,True,4.737115,4.837115,,,,
G_to_A,PolyX_PolyG_32,PolyX_PolyA_32,aa_change,G,A,32,32,0,True,4.858984,4.958984,,,,
G_to_S,PolyX_PolyG_32,PolyX_PolyS_32,aa_change,G,S,32,32,0,True,3.224286,3.324286,1.304431565516481,1.4044315655164812,1.9198544344835191,B5
G_to_E,PolyX_PolyG_32,PolyX_PolyE_32,aa_change,G,E,32,32,0,True,6.750682,6.850682,2.2607758412141536,2.3607758412141537,4.489906158785846,B5
G_to_L,PolyX_PolyG_32,PolyX_PolyL_32,aa_change,G,L,32,32,0,True,5.514673,5.614673,3.2725039234847766,3.3725039234847767,2.2421690765152236,B5
G_to_K,PolyX_PolyG_32,PolyX_PolyK_32,aa_change,G,K,32,32,0,True,17.870202,17.970202,2.4509667210594674,2.5509667210594675,15.419235278940532,B5
G_to_V,PolyX_PolyG_32,PolyX_PolyV_32,aa_change,G,V,32,32,0,True,5.35346,5.45346,,,,
G_to_I,PolyX_PolyG_32,PolyX_PolyI_32,aa_change,G,I,32,32,0,True,5.140654,5.240654,,,,
G_to_F,PolyX_PolyG_32,PolyX_PolyF_32,aa_change,G,F,32,32,0,True,5.39489,5.49489,,,,
G_to_A,PolyX_PolyG_33,PolyX_PolyA_33,aa_change,G,A,33,33,0,True,5.132873,5.232873,,,,
G_to_S,PolyX_PolyG_33,PolyX_PolyS_33,aa_change,G,S,33,33,0,True,4.348575,4.448575,1.455963374860959,1.5559633748609591,2.8926116251390415,B5
G_to_E,PolyX_PolyG_33,PolyX_PolyE_33,aa_change,G,E,33,33,0,True,4.954332,5.054332,2.4121760164632597,2.5121760164632594,2.54215598353674,B5
G_to_L,PolyX_PolyG_33,PolyX_PolyL_33,aa_change,G,L,33,33,0,True,6.866355,6.966355,4.0631605654429,4.163160565442899,2.8031944345571,B5
G_to_K,PolyX_PolyG_33,PolyX_PolyK_33,aa_change,G,K,33,33,0,True,13.928632,14.028632,1.9476602266254488,2.0476602266254487,11.980971773374552,B5
G_to_V,PolyX_PolyG_33,PolyX_PolyV_33,aa_change,G,V,33,33,0,True,5.359965,5.459965,,,,
G_to_I,PolyX_PolyG_33,PolyX_PolyI_33,aa_change,G,I,33,33,0,True,6.092309,6.192309,,,,
G_to_F,PolyX_PolyG_33,PolyX_PolyF_33,aa_change,G,F,33,33,0,True,6.172137,6.272137,,,,
G_to_A,PolyX_PolyG_34,PolyX_PolyA_34,aa_change,G,A,34,34,0,True,8.089482,8.189482,,,,
G_to_S,PolyX_PolyG_34,PolyX_PolyS_34,aa_change,G,S,34,34,0,True,5.061612,5.161612,1.651692294196329,1.751692294196329,3.409919705803671,B5
G_to_E,PolyX_PolyG_34,PolyX_PolyE_34,aa_change,G,E,34,34,0,True,1.992125,2.092125,2.0185263083996223,2.1185263083996224,-0.026401308399622403,B5
G_to_L,PolyX_PolyG_34,PolyX_PolyL_34,aa_change,G,L,34,34,0,True,4.770744,4.870744,3.341479358744756,3.441479358744756,1.4292646412552434,B5
G_to_K,PolyX_PolyG_34,PolyX_PolyK_34,aa_change,G,K,34,34,0,True,15.83448,15.93448,1.99552789425727,2.09552789425727,13.83895210574273,B5
G_to_V,PolyX_PolyG_34,PolyX_PolyV_34,aa_change,G,V,34,34,0,True,7.55294,7.65294,,,,
G_to_I,PolyX_PolyG_34,PolyX_PolyI_34,aa_change,G,I,34,34,0,True,6.368754,6.468754,,,,
G_to_F,PolyX_PolyG_34,PolyX_PolyF_34,aa_change,G,F,34,34,0,True,6.718875,6.818875,,,,
G_to_A,PolyX_PolyG_35,PolyX_PolyA_35,aa_change,G,A,35,35,0,True,4.035482,4.135482,,,,
G_to_S,PolyX_PolyG_35,PolyX_PolyS_35,aa_change,G,S,35,35,0,True,5.075816,5.175816,0.73758766500434,0.83758766500434,4.33822833499566,B5
G_to_E,PolyX_PolyG_35,PolyX_PolyE_35,aa_change,G,E,35,35,0,True,5.255427,5.355427,2.7390113929751907,2.839011392975191,2.5164156070248094,B5
G_to_L,PolyX_PolyG_35,PolyX_PolyL_35,aa_change,G,L,35,35,0,True,5.344653,5.444653,4.592235133373038,4.692235133373037,0.7524178666269625,B5
G_to_K,PolyX_PolyG_35,PolyX_PolyK_35,aa_change,G,K,35,35,0,True,13.44764,13.54764,2.530542396829332,2.630542396829332,10.917097603170667,B5
G_to_V,PolyX_PolyG_35,PolyX_PolyV_35,aa_change,G,V,35,35,0,True,4.959959,5.059959,,,,
G_to_I,PolyX_PolyG_35,PolyX_PolyI_35,aa_change,G,I,35,35,0,True,4.782877,4.882877,,,,
G_to_F,PolyX_PolyG_35,PolyX_PolyF_35,aa_change,G,F,35,35,0,True,6.947013,7.047013,,,,
G_to_A,PolyX_PolyG_36,PolyX_PolyA_36,aa_change,G,A,36,36,0,True,5.001387,5.101387,,,,
G_to_S,PolyX_PolyG_36,PolyX_PolyS_36,aa_change,G,S,36,36,0,True,3.021854,3.121854,0.875094913723763,0.975094913723763,2.1467590862762367,B5
G_to_E,PolyX_PolyG_36,PolyX_PolyE_36,aa_change,G,E,36,36,0,True,3.809506,3.909506,2.3659352088965377,2.465935208896538,1.443570791103462,B5
G_to_L,PolyX_PolyG_36,PolyX_PolyL_36,aa_change,G,L,36,36,0,True,7.701629,7.801629,2.353534207050659,2.453534207050659,5.3480947929493405,B5
G_to_K,PolyX_PolyG_36,PolyX_PolyK_36,aa_change,G,K,36,36,0,True,16.337022,16.437022,2.360894082181674,2.460894082181674,13.976127917818328,B5
G_to_V,PolyX_PolyG_36,PolyX_PolyV_36,aa_change,G,V,36,36,0,True,4.520658,4.620658,,,,
G_to_I,PolyX_PolyG_36,PolyX_PolyI_36,aa_change,G,I,36,36,0,True,8.648528,8.748528,,,,
G_to_F,PolyX_PolyG_36,PolyX_PolyF_36,aa_change,G,F,36,36,0,True,4.939949,5.039949,,,,
G_to_A,PolyX_PolyG_37,PolyX_PolyA_37,aa_change,G,A,37,37,0,True,8.318149,8.418149,,,,
G_to_S,PolyX_PolyG_37,PolyX_PolyS_37,aa_change,G,S,37,37,0,True,4.357278,4.457278,0.8610993616459948,0.9610993616459949,3.496178638354005,B5
G_to_E,PolyX_PolyG_37,PolyX_PolyE_37,aa_change,G,E,37,37,0,True,5.830861,5.930861,2.6531661747385056,2.7531661747385057,3.177694825261494,B5
G_to_L,PolyX_PolyG_37,PolyX_PolyL_37,aa_change,G,L,37,37,0,True,7.22297,7.32297,2.200946185106868,2.300946185106868,5.0220238148931315,B5
G_to_K,PolyX_PolyG_37,PolyX_PolyK_37,aa_change,G,K,37,37,0,True,16.077218,16.177218,2.741115661768305,2.8411156617683053,13.336102338231694,B5
G_to_V,PolyX_PolyG_37,PolyX_PolyV_37,aa_change,G,V,37,37,0,True,4.386774,4.486774,,,,
G_to_I,PolyX_PolyG_37,PolyX_PolyI_37,aa_change,G,I,37,37,0,True,6.429897,6.529897,,,,
G_to_F,PolyX_PolyG_37,PolyX_PolyF_37,aa_change,G,F,37,37,0,True,6.282326,6.382326,,,,
G_to_A,PolyX_PolyG_38,PolyX_PolyA_38,aa_change,G,A,38,38,0,True,4.700953,4.800953,,,,
G_to_S,PolyX_PolyG_38,PolyX_PolyS_38,aa_change,G,S,38,38,0,True,4.537286,4.637286,1.1184306032647175,1.2184306032647176,3.4188553967352826,B5
G_to_E,PolyX_PolyG_38,PolyX_PolyE_38,aa_change,G,E,38,38,0,True,2.290357,2.390357,2.3465726779878726,2.4465726779878727,-0.056215677987872414,B5
G_to_L,PolyX_PolyG_38,PolyX_PolyL_38,aa_change,G,L,38,38,0,True,7.291705,7.391705,3.1973755330698346,3.2973755330698347,4.094329466930166,B5
G_to_K,PolyX_PolyG_38,PolyX_PolyK_38,aa_change,G,K,38,38,0,True,16.095765,16.195765,2.355305617117734,2.455305617117734,13.740459382882266,B5
G_to_V,PolyX_PolyG_38,PolyX_PolyV_38,aa_change,G,V,38,38,0,True,7.296669,7.396669,,,,
G_to_I,PolyX_PolyG_38,PolyX_PolyI_38,aa_change,G,I,38,38,0,True,8.437573,8.537573,,,,
G_to_F,PolyX_PolyG_38,PolyX_PolyF_38,aa_change,G,F,38,38,0,True,6.709066,6.809066,,,,
G_to_A,PolyX_PolyG_39,PolyX_PolyA_39,aa_change,G,A,39,39,0,True,5.884416,5.984416,,,,
G_to_S,PolyX_PolyG_39,PolyX_PolyS_39,aa_change,G,S,39,39,0,True,4.100477,4.200477,0.8956189353064617,0.9956189353064616,3.204858064693538,B5
G_to_E,PolyX_PolyG_39,PolyX_PolyE_39,aa_change,G,E,39,39,0,True,5.18207,5.28207,2.0782430116592345,2.1782430116592346,3.103826988340766,B5
G_to_L,PolyX_PolyG_39,PolyX_PolyL_39,aa_change,G,L,39,39,0,True,6.292697,6.392697,3.385489037606609,3.485489037606609,2.9072079623933913,B5
G_to_K,PolyX_PolyG_39,PolyX_PolyK_39,aa_change,G,K,39,39,0,True,15.627201,15.727201,2.433604497423382,2.533604497423382,13.193596502576618,B5
G_to_V,PolyX_PolyG_39,PolyX_PolyV_39,aa_change,G,V,39,39,0,True,7.204131,7.304131,,,,
G_to_I,PolyX_PolyG_39,PolyX_PolyI_39,aa_change,G,I,39,39,0,True,7.574632,7.674632,,,,
G_to_F,PolyX_PolyG_39,PolyX_PolyF_39,aa_change,G,F,39,39,0,True,7.017671,7.117671,,,,
G_to_A,PolyX_PolyG_40,PolyX_PolyA_40,aa_change,G,A,40,40,0,True,6.825817,6.925817,,,,
G_to_S,PolyX_PolyG_40,PolyX_PolyS_40,aa_change,G,S,40,40,0,True,7.384221,7.484221,0.9816724315378864,1.0816724315378865,6.402548568462114,B5
G_to_E,PolyX_PolyG_40,PolyX_PolyE_40,aa_change,G,E,40,40,0,True,7.207227,7.307227,2.220736238070475,2.320736238070475,4.986490761929525,B5
G_to_L,PolyX_PolyG_40,PolyX_PolyL_40,aa_change,G,L,40,40,0,True,9.694866,9.794866,2.055882255383382,2.155882255383382,7.638983744616617,B5
G_to_K,PolyX_PolyG_40,PolyX_PolyK_40,aa_change,G,K,40,40,0,True,12.979997,13.079997,2.578947146042067,2.6789471460420677,10.401049853957932,B5
G_to_V,PolyX_PolyG_40,PolyX_PolyV_40,aa_change,G,V,40,40,0,True,7.054297,7.154297,,,,
G_to_I,PolyX_PolyG_40,PolyX_PolyI_40,aa_change,G,I,40,40,0,True,8.749952,8.849952,,,,
G_to_F,PolyX_PolyG_40,PolyX_PolyF_40,aa_change,G,F,40,40,0,True,8.73887,8.83887,,,,
G_to_A,PolyX_PolyG_41,PolyX_PolyA_41,aa_change,G,A,41,41,0,True,7.450788,7.550788,,,,
G_to_S,PolyX_PolyG_41,PolyX_PolyS_41,aa_change,G,S,41,41,0,True,4.301214,4.401214,1.1366524349250091,1.2366524349250094,3.1645615650749908,B5
G_to_E,PolyX_PolyG_41,PolyX_PolyE_41,aa_change,G,E,41,41,0,True,6.6124,6.7124,2.7917191656599227,2.891719165659923,3.8206808343400773,B5
G_to_L,PolyX_PolyG_41,PolyX_PolyL_41,aa_change,G,L,41,41,0,True,5.471613,5.571613,4.117306241642099,4.217306241642099,1.3543067583579003,B5
G_to_K,PolyX_PolyG_41,PolyX_PolyK_41,aa_change,G,K,41,41,0,True,15.888305,15.988305,2.8059849209240424,2.9059849209240425,13.08232007907596,B5
G_to_V,PolyX_PolyG_41,PolyX_PolyV_41,aa_change,G,V,41,41,0,True,3.928334,4.028334,,,,
G_to_I,PolyX_PolyG_41,PolyX_PolyI_41,aa_change,G,I,41,41,0,True,5.053221,5.153221,,,,
G_to_F,PolyX_PolyG_41,PolyX_PolyF_41,aa_change,G,F,41,41,0,True,6.502453,6.602453,,,,
G_to_A,PolyX_PolyG_42,PolyX_PolyA_42,aa_change,G,A,42,42,0,True,5.739362,5.839362,,,,
G_to_S,PolyX_PolyG_42,PolyX_PolyS_42,aa_change,G,S,42,42,0,True,3.787163,3.887163,1.6507621923839666,1.750762192383967,2.1364008076160337,B5
G_to_E,PolyX_PolyG_42,PolyX_PolyE_42,aa_change,G,E,42,42,0,True,3.167889,3.267889,2.442306020021173,2.542306020021173,0.7255829799788271,B5
G_to_L,PolyX_PolyG_42,PolyX_PolyL_42,aa_change,G,L,42,42,0,True,5.506585,5.606585,4.057433483751519,4.157433483751519,1.449151516248481,B5
G_to_K,PolyX_PolyG_42,PolyX_PolyK_42,aa_change,G,K,42,42,0,True,16.788015,16.888015,2.8551003781134576,2.9551003781134577,13.932914621886544,B5
G_to_V,PolyX_PolyG_42,PolyX_PolyV_42,aa_change,G,V,42,42,0,True,4.1634,4.2634,,,,
G_to_I,PolyX_PolyG_42,PolyX_PolyI_42,aa_change,G,I,42,42,0,True,6.002255,6.102255,,,,
G_to_F,PolyX_PolyG_42,PolyX_PolyF_42,aa_change,G,F,42,42,0,True,6.336251,6.436251,,,,
G_to_A,PolyX_PolyG_43,PolyX_PolyA_43,aa_change,G,A,43,43,0,True,6.985389,7.085389,,,,
G_to_S,PolyX_PolyG_43,PolyX_PolyS_43,aa_change,G,S,43,43,0,True,3.608852,3.708852,1.3983425003560064,1.4983425003560065,2.210509499643994,B5
G_to_E,PolyX_PolyG_43,PolyX_PolyE_43,aa_change,G,E,43,43,0,True,5.542095,5.642095,2.168226711003905,2.268226711003905,3.373868288996095,B5
G_to_L,PolyX_PolyG_43,PolyX_PolyL_43,aa_change,G,L,43,43,0,True,6.290511,6.390511,2.52388824577325,2.62388824577325,3.7666227542267503,B5
G_to_K,PolyX_PolyG_43,PolyX_PolyK_43,aa_change,G,K,43,43,0,True,19.732112,19.832112,2.9191927917119047,3.019192791711905,16.812919208288097,B5
G_to_V,PolyX_PolyG_43,PolyX_PolyV_43,aa_change,G,V,43,43,0,True,4.389399,4.489399,,,,
G_to_I,PolyX_PolyG_43,PolyX_PolyI_43,aa_change,G,I,43,43,0,True,6.72165,6.82165,,,,
G_to_F,PolyX_PolyG_43,PolyX_PolyF_43,aa_change,G,F,43,43,0,True,7.267388,7.367388,,,,
G_to_A,PolyX_PolyG_44,PolyX_PolyA_44,aa_change,G,A,44,44,0,True,6.077553,6.177553,,,,
G_to_S,PolyX_PolyG_44,PolyX_PolyS_44,aa_change,G,S,44,44,0,True,3.340806,3.440806,1.0376969473529225,1.1376969473529226,2.303109052647078,B5
G_to_E,PolyX_PolyG_44,PolyX_PolyE_44,aa_change,G,E,44,44,0,True,3.68691,3.78691,2.380126671048619,2.480126671048619,1.306783328951381,B5
G_to_L,PolyX_PolyG_44,PolyX_PolyL_44,aa_change,G,L,44,44,0,True,8.852808,8.952808,3.172931106200706,3.2729311062007063,5.679876893799293,B5
G_to_K,PolyX_PolyG_44,PolyX_PolyK_44,aa_change,G,K,44,44,0,True,16.006783,16.106783,3.077495048811108,3.177495048811108,12.92928795118889,B5
G_to_V,PolyX_PolyG_44,PolyX_PolyV_44,aa_change,G,V,44,44,0,True,5.605825,5.705825,,,,
G_to_I,PolyX_PolyG_44,PolyX_PolyI_44,aa_change,G,I,44,44,0,True,7.950929,8.050929,,,,
G_to_F,PolyX_PolyG_44,PolyX_PolyF_44,aa_change,G,F,44,44,0,True,8.596459,8.696459,,,,
G_to_A,PolyX_PolyG_45,PolyX_PolyA_45,aa_change,G,A,45,45,0,True,7.747601,7.847601,,,,
G_to_S,PolyX_PolyG_45,PolyX_PolyS_45,aa_change,G,S,45,45,0,True,4.807854,4.907854,1.2018280101461258,1.301828010146126,3.6060259898538742,B5
G_to_E,PolyX_PolyG_45,PolyX_PolyE_45,aa_change,G,E,45,45,0,True,7.445288,7.545288,1.9922582046302133,2.0922582046302134,5.453029795369787,B5
G_to_L,PolyX_PolyG_45,PolyX_PolyL_45,aa_change,G,L,45,45,0,True,7.190551,7.290551,3.488851023625997,3.5888510236259976,3.701699976374003,B5
G_to_K,PolyX_PolyG_45,PolyX_PolyK_45,aa_change,G,K,45,45,0,True,20.259267,20.359267,3.0766388137943217,3.176638813794322,17.18262818620568,B5
G_to_V,PolyX_PolyG_45,PolyX_PolyV_45,aa_change,G,V,45,45,0,True,5.364872,5.464872,,,,
G_to_I,PolyX_PolyG_45,PolyX_PolyI_45,aa_change,G,I,45,45,0,True,6.67059,6.77059,,,,
G_to_F,PolyX_PolyG_45,PolyX_PolyF_45,aa_change,G,F,45,45,0,True,9.434648,9.534648,,,,
G_to_A,PolyX_PolyG_46,PolyX_PolyA_46,aa_change,G,A,46,46,0,True,8.493678,8.593678,,,,
G_to_S,PolyX_PolyG_46,PolyX_PolyS_46,aa_change,G,S,46,46,0,True,4.76934,4.86934,4.745650364268481,4.84565036426848,0.023689635731519054,B5
G_to_E,PolyX_PolyG_46,PolyX_PolyE_46,aa_change,G,E,46,46,0,True,11.375778,11.475778,2.2359538452658674,2.3359538452658675,9.139824154734132,B5
G_to_L,PolyX_PolyG_46,PolyX_PolyL_46,aa_change,G,L,46,46,0,True,9.738127,9.838127,3.705925880605713,3.805925880605713,6.032201119394287,B5
G_to_K,PolyX_PolyG_46,PolyX_PolyK_46,aa_change,G,K,46,46,0,True,19.686652,19.786652,3.244894654600841,3.3448946546008416,16.441757345399157,B5
G_to_V,PolyX_PolyG_46,PolyX_PolyV_46,aa_change,G,V,46,46,0,True,10.660478,10.760478,,,,
G_to_I,PolyX_PolyG_46,PolyX_PolyI_46,aa_change,G,I,46,46,0,True,7.946261,8.046261,,,,
G_to_F,PolyX_PolyG_46,PolyX_PolyF_46,aa_change,G,F,46,46,0,True,9.059848,9.159848,,,,
G_to_A,PolyX_PolyG_47,PolyX_PolyA_47,aa_change,G,A,47,47,0,True,8.633961,8.733961,,,,
G_to_S,PolyX_PolyG_47,PolyX_PolyS_47,aa_change,G,S,47,47,0,True,2.916931,3.016931,1.710637579520634,1.8106375795206344,1.2062934204793658,B5
G_to_E,PolyX_PolyG_47,PolyX_PolyE_47,aa_change,G,E,47,47,0,True,3.914822,4.014822,2.1693813370650847,2.269381337065085,1.7454406629349153,B5
G_to_L,PolyX_PolyG_47,PolyX_PolyL_47,aa_change,G,L,47,47,0,True,7.274364,7.374364,3.7846600718829473,3.8846600718829474,3.489703928117053,B5
G_to_K,PolyX_PolyG_47,PolyX_PolyK_47,aa_change,G,K,47,47,0,True,20.379897,20.479897,3.670919124896194,3.770919124896194,16.708977875103805,B5
G_to_V,PolyX_PolyG_47,PolyX_PolyV_47,aa_change,G,V,47,47,0,True,8.158631,8.258631,,,,
G_to_I,PolyX_PolyG_47,PolyX_PolyI_47,aa_change,G,I,47,47,0,True,6.795055,6.895055,,,,
G_to_F,PolyX_PolyG_47,PolyX_PolyF_47,aa_change,G,F,47,47,0,True,7.837017,7.937017,,,,
G_to_A,PolyX_PolyG_48,PolyX_PolyA_48,aa_change,G,A,48,48,0,True,7.843533,7.943533,,,,
G_to_S,PolyX_PolyG_48,PolyX_PolyS_48,aa_change,G,S,48,48,0,True,3.722595,3.822595,1.180410974809587,1.280410974809587,2.542184025190413,B5
G_to_E,PolyX_PolyG_48,PolyX_PolyE_48,aa_change,G,E,48,48,0,True,4.284772,4.384772,2.2954269233062496,2.3954269233062497,1.9893450766937506,B5
G_to_L,PolyX_PolyG_48,PolyX_PolyL_48,aa_change,G,L,48,48,0,True,10.616776,10.716776,3.585435897358844,3.685435897358844,7.031340102641156,B5
G_to_K,PolyX_PolyG_48,PolyX_PolyK_48,aa_change,G,K,48,48,0,True,21.04515,21.14515,4.910745429121314,5.010745429121314,16.134404570878687,B5
G_to_V,PolyX_PolyG_48,PolyX_PolyV_48,aa_change,G,V,48,48,0,True,5.872677,5.972677,,,,
G_to_I,PolyX_PolyG_48,PolyX_PolyI_48,aa_change,G,I,48,48,0,True,7.072733,7.172733,,,,
G_to_F,PolyX_PolyG_48,PolyX_PolyF_48,aa_change,G,F,48,48,0,True,9.39545,9.49545,,,,
G_to_A,PolyX_PolyG_49,PolyX_PolyA_49,aa_change,G,A,49,49,0,True,8.571616,8.671616,,,,
G_to_S,PolyX_PolyG_49,PolyX_PolyS_49,aa_change,G,S,49,49,0,True,2.295558,2.395558,15.522597564498748,15.622597564498747,-13.227039564498748,B5
G_to_E,PolyX_PolyG_49,PolyX_PolyE_49,aa_change,G,E,49,49,0,True,4.185998,4.285998,2.072985935965608,2.172985935965608,2.1130120640343915,B5
G_to_L,PolyX_PolyG_49,PolyX_PolyL_49,aa_change,G,L,49,49,0,True,8.269021,8.369021,3.2480142076891103,3.3480142076891104,5.0210067923108905,B5
G_to_K,PolyX_PolyG_49,PolyX_PolyK_49,aa_change,G,K,49,49,0,True,24.559542,24.659542,3.5923873582600985,3.6923873582600986,20.967154641739903,B5
G_to_V,PolyX_PolyG_49,PolyX_PolyV_49,aa_change,G,V,49,49,0,True,7.169754,7.269754,,,,
G_to_I,PolyX_PolyG_49,PolyX_PolyI_49,aa_change,G,I,49,49,0,True,7.253038,7.353038,,,,
G_to_F,PolyX_PolyG_49,PolyX_PolyF_49,aa_change,G,F,49,49,0,True,10.682586,10.782586,,,,
G_to_A,PolyX_PolyG_50,PolyX_PolyA_50,aa_change,G,A,50,50,0,True,10.971835,11.071835,,,,
G_to_S,PolyX_PolyG_50,PolyX_PolyS_50,aa_change,G,S,50,50,0,True,4.801858,4.901858,7.045719897724669,7.1457198977246685,-2.2438618977246687,B5
G_to_E,PolyX_PolyG_50,PolyX_PolyE_50,aa_change,G,E,50,50,0,True,8.322278,8.422278,2.6196875623774734,2.719687562377473,5.702590437622527,B5
G_to_L,PolyX_PolyG_50,PolyX_PolyL_50,aa_change,G,L,50,50,0,True,11.317309,11.417309,4.663022621595621,4.763022621595621,6.654286378404379,B5
G_to_K,PolyX_PolyG_50,PolyX_PolyK_50,aa_change,G,K,50,50,0,True,24.318689,24.418689,7.3494220186974655,7.449422018697465,16.969266981302532,B5
G_to_V,PolyX_PolyG_50,PolyX_PolyV_50,aa_change,G,V,50,50,0,True,8.191486,8.291486,,,,
G_to_I,PolyX_PolyG_50,PolyX_PolyI_50,aa_change,G,I,50,50,0,True,10.031514,10.131514,,,,
G_to_F,PolyX_PolyG_50,PolyX_PolyF_50,aa_change,G,F,50,50,0,True,10.569346,10.669346,,,,
G_n17_to_n18,PolyX_PolyG_17,PolyX_PolyG_18,chain_growth,G,G,17,17,0,True,4.463142,4.463142,0.4562802445803469,0.4562802445803469,4.006861755419654,B5
G_n18_to_n19,PolyX_PolyG_18,PolyX_PolyG_19,chain_growth,G,G,18,18,0,True,5.913048,5.913048,0.6809343410858874,0.6809343410858874,5.232113658914113,B5
G_n19_to_n20,PolyX_PolyG_19,PolyX_PolyG_20,chain_growth,G,G,19,19,0,True,8.714934,8.714934,0.3297633743110883,0.3297633743110883,8.385170625688911,B5
G_n20_to_n21,PolyX_PolyG_20,PolyX_PolyG_21,chain_growth,G,G,20,20,0,True,6.191636,6.191636,0.4724116454162366,0.4724116454162366,5.719224354583764,B5
G_n21_to_n22,PolyX_PolyG_21,PolyX_PolyG_22,chain_growth,G,G,21,21,0,True,6.985121,6.985121,0.318376469742321,0.318376469742321,6.666744530257679,B5
G_n22_to_n23,PolyX_PolyG_22,PolyX_PolyG_23,chain_growth,G,G,22,22,0,True,4.984998,4.984998,0.5371433618863415,0.5371433618863415,4.447854638113658,B5
G_n23_to_n24,PolyX_PolyG_23,PolyX_PolyG_24,chain_growth,G,G,23,23,0,True,2.194843,2.194843,0.2276912636522383,0.2276912636522383,1.9671517363477617,B5
G_n24_to_n25,PolyX_PolyG_24,PolyX_PolyG_25,chain_growth,G,G,24,24,0,True,1.751134,1.751134,0.4203963128560207,0.4203963128560207,1.3307376871439793,B5
G_n25_to_n26,PolyX_PolyG_25,PolyX_PolyG_26,chain_growth,G,G,25,25,0,True,2.562556,2.562556,0.5943503956020755,0.5943503956020755,1.9682056043979244,B5
G_n26_to_n27,PolyX_PolyG_26,PolyX_PolyG_27,chain_growth,G,G,26,26,0,True,4.587147,4.587147,1.0008625209586994,1.0008625209586994,3.5862844790413004,B5
G_n27_to_n28,PolyX_PolyG_27,PolyX_PolyG_28,chain_growth,G,G,27,27,0,True,4.754531,4.754531,0.2401169275593827,0.2401169275593827,4.514414072440617,B5
G_n28_to_n29,PolyX_PolyG_28,PolyX_PolyG_29,chain_growth,G,G,28,28,0,True,6.494707,6.494707,0.7781864872753018,0.7781864872753018,5.716520512724698,B5
G_n29_to_n30,PolyX_PolyG_29,PolyX_PolyG_30,chain_growth,G,G,29,29,0,True,5.187716,5.187716,0.6415974805653062,0.6415974805653062,4.546118519434694,B5
G_n30_to_n31,PolyX_PolyG_30,PolyX_PolyG_31,chain_growth,G,G,30,30,0,True,3.242944,3.242944,0.3056985555894485,0.3056985555894485,2.937245444410552,B5
G_n31_to_n32,PolyX_PolyG_31,PolyX_PolyG_32,chain_growth,G,G,31,31,0,True,2.048103,2.048103,0.5023299608227613,0.5023299608227613,1.5457730391772384,B5
G_n32_to_n33,PolyX_PolyG_32,PolyX_PolyG_33,chain_growth,G,G,32,32,0,True,2.0052,2.0052,0.4885957363567991,0.4885957363567991,1.5166042636432007,B5
G_n33_to_n34,PolyX_PolyG_33,PolyX_PolyG_34,chain_growth,G,G,33,33,0,True,4.795719,4.795719,1.0208934604206223,1.0208934604206223,3.7748255395793775,B5
G_n34_to_n35,PolyX_PolyG_34,PolyX_PolyG_35,chain_growth,G,G,34,34,0,True,3.900919,3.900919,1.6948130532894974,1.6948130532894974,2.206105946710503,B5
G_n35_to_n36,PolyX_PolyG_35,PolyX_PolyG_36,chain_growth,G,G,35,35,0,True,4.191512,4.191512,0.5357353154215485,0.5357353154215485,3.655776684578452,B5
G_n36_to_n37,PolyX_PolyG_36,PolyX_PolyG_37,chain_growth,G,G,36,36,0,True,4.009168,4.009168,0.1196545270212992,0.1196545270212992,3.8895134729787006,B5
G_n37_to_n38,PolyX_PolyG_37,PolyX_PolyG_38,chain_growth,G,G,37,37,0,True,2.118488,2.118488,0.3343410015996728,0.3343410015996728,1.7841469984003273,B5
G_n38_to_n39,PolyX_PolyG_38,PolyX_PolyG_39,chain_growth,G,G,38,38,0,True,5.513805,5.513805,0.1804578097648046,0.1804578097648046,5.333347190235195,B5
G_n39_to_n40,PolyX_PolyG_39,PolyX_PolyG_40,chain_growth,G,G,39,39,0,True,3.923123,3.923123,0.2801252629181808,0.2801252629181808,3.642997737081819,B5
G_n40_to_n41,PolyX_PolyG_40,PolyX_PolyG_41,chain_growth,G,G,40,40,0,True,6.589901,6.589901,1.2419472179401356,1.2419472179401356,5.347953782059864,B5
G_n41_to_n42,PolyX_PolyG_41,PolyX_PolyG_42,chain_growth,G,G,41,41,0,True,2.40295,2.40295,0.2021979683959171,0.2021979683959171,2.200752031604083,B5
G_n42_to_n43,PolyX_PolyG_42,PolyX_PolyG_43,chain_growth,G,G,42,42,0,True,4.034609,4.034609,0.7841409858951264,0.7841409858951264,3.2504680141048734,B5
G_n43_to_n44,PolyX_PolyG_43,PolyX_PolyG_44,chain_growth,G,G,43,43,0,True,5.292463,5.292463,0.3256496568645433,0.3256496568645433,4.966813343135456,B5
G_n44_to_n45,PolyX_PolyG_44,PolyX_PolyG_45,chain_growth,G,G,44,44,0,True,5.937069,5.937069,0.6178249647811762,0.6178249647811762,5.319244035218824,B5
G_n45_to_n46,PolyX_PolyG_45,PolyX_PolyG_46,chain_growth,G,G,45,45,0,True,7.990328,7.990328,0.990643760714293,0.990643760714293,6.999684239285707,B5
G_n46_to_n47,PolyX_PolyG_46,PolyX_PolyG_47,chain_growth,G,G,46,46,0,True,6.486057,6.486057,2.253256507672469,2.253256507672469,4.232800492327531,B5
G_n47_to_n48,PolyX_PolyG_47,PolyX_PolyG_48,chain_growth,G,G,47,47,0,True,2.568662,2.568662,1.1660143217809609,1.1660143217809609,1.402647678219039,B5
G_n48_to_n49,PolyX_PolyG_48,PolyX_PolyG_49,chain_growth,G,G,48,48,0,True,2.397315,2.397315,0.1919179773515069,0.1919179773515069,2.205397022648493,B5
G_n49_to_n50,PolyX_PolyG_49,PolyX_PolyG_50,chain_growth,G,G,49,49,0,True,3.967531,3.967531,1.4395436351952804,1.4395436351952804,2.5279873648047197,B5
A_n17_to_n18,PolyX_PolyA_17,PolyX_PolyA_18,chain_growth,A,A,17,17,0,True,7.282584,7.282584,,,,
A_n18_to_n19,PolyX_PolyA_18,PolyX_PolyA_19,chain_growth,A,A,18,18,0,True,8.9435,8.9435,,,,
A_n19_to_n20,PolyX_PolyA_19,PolyX_PolyA_20,chain_growth,A,A,19,19,0,True,6.40911,6.40911,,,,
A_n20_to_n21,PolyX_PolyA_20,PolyX_PolyA_21,chain_growth,A,A,20,20,0,True,4.925288,4.925288,,,,
A_n21_to_n22,PolyX_PolyA_21,PolyX_PolyA_22,chain_growth,A,A,21,21,0,True,3.152304,3.152304,,,,
A_n22_to_n23,PolyX_PolyA_22,PolyX_PolyA_23,chain_growth,A,A,22,22,0,True,6.64176,6.64176,,,,
A_n23_to_n24,PolyX_PolyA_23,PolyX_PolyA_24,chain_growth,A,A,23,23,0,True,2.103516,2.103516,,,,
A_n24_to_n25,PolyX_PolyA_24,PolyX_PolyA_25,chain_growth,A,A,24,24,0,True,2.027616,2.027616,,,,
A_n25_to_n26,PolyX_PolyA_25,PolyX_PolyA_26,chain_growth,A,A,25,25,0,True,4.532752,4.532752,,,,
A_n26_to_n27,PolyX_PolyA_26,PolyX_PolyA_27,chain_growth,A,A,26,26,0,True,2.968266,2.968266,,,,
A_n27_to_n28,PolyX_PolyA_27,PolyX_PolyA_28,chain_growth,A,A,27,27,0,True,2.017249,2.017249,,,,
A_n28_to_n29,PolyX_PolyA_28,PolyX_PolyA_29,chain_growth,A,A,28,28,0,True,4.936937,4.936937,,,,
A_n29_to_n30,PolyX_PolyA_29,PolyX_PolyA_30,chain_growth,A,A,29,29,0,True,6.253828,6.253828,,,,
A_n30_to_n31,PolyX_PolyA_30,PolyX_PolyA_31,chain_growth,A,A,30,30,0,True,3.564423,3.564423,,,,
A_n31_to_n32,PolyX_PolyA_31,PolyX_PolyA_32,chain_growth,A,A,31,31,0,True,2.308418,2.308418,,,,
A_n32_to_n33,PolyX_PolyA_32,PolyX_PolyA_33,chain_growth,A,A,32,32,0,True,4.813001,4.813001,,,,
A_n33_to_n34,PolyX_PolyA_33,PolyX_PolyA_34,chain_growth,A,A,33,33,0,True,7.393702,7.393702,,,,
A_n34_to_n35,PolyX_PolyA_34,PolyX_PolyA_35,chain_growth,A,A,34,34,0,True,6.011908,6.011908,,,,
A_n35_to_n36,PolyX_PolyA_35,PolyX_PolyA_36,chain_growth,A,A,35,35,0,True,3.438773,3.438773,,,,
A_n36_to_n37,PolyX_PolyA_36,PolyX_PolyA_37,chain_growth,A,A,36,36,0,True,7.858337,7.858337,,,,
A_n37_to_n38,PolyX_PolyA_37,PolyX_PolyA_38,chain_growth,A,A,37,37,0,True,7.426571,7.426571,,,,
A_n38_to_n39,PolyX_PolyA_38,PolyX_PolyA_39,chain_growth,A,A,38,38,0,True,2.929983,2.929983,,,,
A_n39_to_n40,PolyX_PolyA_39,PolyX_PolyA_40,chain_growth,A,A,39,39,0,True,5.824366,5.824366,,,,
A_n40_to_n41,PolyX_PolyA_40,PolyX_PolyA_41,chain_growth,A,A,40,40,0,True,1.236454,1.236454,,,,
A_n41_to_n42,PolyX_PolyA_41,PolyX_PolyA_42,chain_growth,A,A,41,41,0,True,3.078853,3.078853,,,,
A_n42_to_n43,PolyX_PolyA_42,PolyX_PolyA_43,chain_growth,A,A,42,42,0,True,4.278959,4.278959,,,,
A_n43_to_n44,PolyX_PolyA_43,PolyX_PolyA_44,chain_growth,A,A,43,43,0,True,4.481897,4.481897,,,,
A_n44_to_n45,PolyX_PolyA_44,PolyX_PolyA_45,chain_growth,A,A,44,44,0,True,3.443791,3.443791,,,,
A_n45_to_n46,PolyX_PolyA_45,PolyX_PolyA_46,chain_growth,A,A,45,45,0,True,2.953654,2.953654,,,,
A_n46_to_n47,PolyX_PolyA_46,PolyX_PolyA_47,chain_growth,A,A,46,46,0,True,6.193256,6.193256,,,,
A_n47_to_n48,PolyX_PolyA_47,PolyX_PolyA_48,chain_growth,A,A,47,47,0,True,3.695443,3.695443,,,,
A_n48_to_n49,PolyX_PolyA_48,PolyX_PolyA_49,chain_growth,A,A,48,48,0,True,7.217731,7.217731,,,,
A_n49_to_n50,PolyX_PolyA_49,PolyX_PolyA_50,chain_growth,A,A,49,49,0,True,8.123378,8.123378,,,,
S_n17_to_n18,PolyX_PolyS_17,PolyX_PolyS_18,chain_growth,S,S,17,17,0,True,2.645273,2.645273,0.2439135962087674,0.2439135962087674,2.4013594037912327,B5
S_n18_to_n19,PolyX_PolyS_18,PolyX_PolyS_19,chain_growth,S,S,18,18,0,True,5.776844,5.776844,0.1679532947268075,0.1679532947268075,5.6088907052731924,B5
S_n19_to_n20,PolyX_PolyS_19,PolyX_PolyS_20,chain_growth,S,S,19,19,0,True,4.937893,4.937893,0.481393138353772,0.481393138353772,4.456499861646228,B5
S_n20_to_n21,PolyX_PolyS_20,PolyX_PolyS_21,chain_growth,S,S,20,20,0,True,2.294798,2.294798,0.1849312345092943,0.1849312345092943,2.1098667654907057,B5
S_n21_to_n22,PolyX_PolyS_21,PolyX_PolyS_22,chain_growth,S,S,21,21,0,True,2.41407,2.41407,1.0723307508675948,1.0723307508675948,1.3417392491324054,B5
S_n22_to_n23,PolyX_PolyS_22,PolyX_PolyS_23,chain_growth,S,S,22,22,0,True,5.150326,5.150326,0.7298863847610266,0.7298863847610266,4.420439615238973,B5
S_n23_to_n24,PolyX_PolyS_23,PolyX_PolyS_24,chain_growth,S,S,23,23,0,True,7.618233,7.618233,0.1314266723117276,0.1314266723117276,7.486806327688273,B5
S_n24_to_n25,PolyX_PolyS_24,PolyX_PolyS_25,chain_growth,S,S,24,24,0,True,8.104635,8.104635,0.4175604679095621,0.4175604679095621,7.687074532090438,B5
S_n25_to_n26,PolyX_PolyS_25,PolyX_PolyS_26,chain_growth,S,S,25,25,0,True,4.683955,4.683955,1.0926788680575146,1.0926788680575146,3.5912761319424855,B5
S_n26_to_n27,PolyX_PolyS_26,PolyX_PolyS_27,chain_growth,S,S,26,26,0,True,1.946795,1.946795,0.8456673741256656,0.8456673741256656,1.1011276258743345,B5
S_n27_to_n28,PolyX_PolyS_27,PolyX_PolyS_28,chain_growth,S,S,27,27,0,True,6.650077,6.650077,0.3778097086698253,0.3778097086698253,6.2722672913301745,B5
S_n28_to_n29,PolyX_PolyS_28,PolyX_PolyS_29,chain_growth,S,S,28,28,0,True,9.520004,9.520004,0.3153081956015418,0.3153081956015418,9.204695804398458,B5
S_n29_to_n30,PolyX_PolyS_29,PolyX_PolyS_30,chain_growth,S,S,29,29,0,True,9.81739,9.81739,0.3899765052389232,0.3899765052389232,9.427413494761076,B5
S_n30_to_n31,PolyX_PolyS_30,PolyX_PolyS_31,chain_growth,S,S,30,30,0,True,7.212283,7.212283,0.5623113921149592,0.5623113921149592,6.649971607885041,B5
S_n31_to_n32,PolyX_PolyS_31,PolyX_PolyS_32,chain_growth,S,S,31,31,0,True,3.625834,3.625834,1.098318545183848,1.098318545183848,2.527515454816152,B5
S_n32_to_n33,PolyX_PolyS_32,PolyX_PolyS_33,chain_growth,S,S,32,32,0,True,2.002587,2.002587,0.3234732479214974,0.3234732479214974,1.6791137520785027,B5
S_n33_to_n34,PolyX_PolyS_33,PolyX_PolyS_34,chain_growth,S,S,33,33,0,True,1.328166,1.328166,1.5399547209728264,1.5399547209728264,-0.21178872097282642,B5
S_n34_to_n35,PolyX_PolyS_34,PolyX_PolyS_35,chain_growth,S,S,34,34,0,True,3.364643,3.364643,0.47300836566406,0.47300836566406,2.89163463433594,B5
S_n35_to_n36,PolyX_PolyS_35,PolyX_PolyS_36,chain_growth,S,S,35,35,0,True,3.003523,3.003523,0.9946491899590332,0.9946491899590332,2.0088738100409667,B5
S_n36_to_n37,PolyX_PolyS_36,PolyX_PolyS_37,chain_growth,S,S,36,36,0,True,5.244762,5.244762,0.4432651262364929,0.4432651262364929,4.801496873763507,B5
S_n37_to_n38,PolyX_PolyS_37,PolyX_PolyS_38,chain_growth,S,S,37,37,0,True,5.110497,5.110497,0.9564317517070612,0.9564317517070612,4.154065248292938,B5
S_n38_to_n39,PolyX_PolyS_38,PolyX_PolyS_39,chain_growth,S,S,38,38,0,True,6.805821,6.805821,0.7262856028457211,0.7262856028457211,6.079535397154279,B5
S_n39_to_n40,PolyX_PolyS_39,PolyX_PolyS_40,chain_growth,S,S,39,39,0,True,8.332589,8.332589,0.8289848741053107,0.8289848741053107,7.5036041258946895,B5
S_n40_to_n41,PolyX_PolyS_40,PolyX_PolyS_41,chain_growth,S,S,40,40,0,True,6.875992,6.875992,0.5304135607394991,0.5304135607394991,6.3455784392605015,B5
S_n41_to_n42,PolyX_PolyS_41,PolyX_PolyS_42,chain_growth,S,S,41,41,0,True,0.924564,0.924564,0.8659778461251049,0.8659778461251049,0.058586153874895186,B5
S_n42_to_n43,PolyX_PolyS_42,PolyX_PolyS_43,chain_growth,S,S,42,42,0,True,4.631365,4.631365,1.510714392447133,1.510714392447133,3.120650607552867,B5
S_n43_to_n44,PolyX_PolyS_43,PolyX_PolyS_44,chain_growth,S,S,43,43,0,True,4.948465,4.948465,1.3854189722593502,1.3854189722593502,3.5630460277406497,B5
S_n44_to_n45,PolyX_PolyS_44,PolyX_PolyS_45,chain_growth,S,S,44,44,0,True,2.104865,2.104865,0.8016588328656913,0.8016588328656913,1.303206167134309,B5
S_n45_to_n46,PolyX_PolyS_45,PolyX_PolyS_46,chain_growth,S,S,45,45,0,True,4.2047,4.2047,4.730553122406145,4.730553122406145,-0.5258531224061453,B5
S_n46_to_n47,PolyX_PolyS_46,PolyX_PolyS_47,chain_growth,S,S,46,46,0,True,7.90398,7.90398,4.881486838575144,4.881486838575144,3.0224931614248556,B5
S_n47_to_n48,PolyX_PolyS_47,PolyX_PolyS_48,chain_growth,S,S,47,47,0,True,3.914912,3.914912,0.3261075430701023,0.3261075430701023,3.588804456929898,B5
S_n48_to_n49,PolyX_PolyS_48,PolyX_PolyS_49,chain_growth,S,S,48,48,0,True,2.916761,2.916761,15.335798155382362,15.335798155382362,-12.419037155382362,B5
S_n49_to_n50,PolyX_PolyS_49,PolyX_PolyS_50,chain_growth,S,S,49,49,0,True,1.966529,1.966529,8.163343704570265,8.163343704570265,-6.196814704570265,B5
E_n17_to_n18,PolyX_PolyE_17,PolyX_PolyE_18,chain_growth,E,E,17,17,0,True,7.447686,7.447686,0.3656325619660489,0.3656325619660489,7.0820534380339515,B5
E_n18_to_n19,PolyX_PolyE_18,PolyX_PolyE_19,chain_growth,E,E,18,18,0,True,8.241473,8.241473,0.6914301560514418,0.6914301560514418,7.550042843948558,B5
E_n19_to_n20,PolyX_PolyE_19,PolyX_PolyE_20,chain_growth,E,E,19,19,0,True,4.529911,4.529911,0.2941279356817686,0.2941279356817686,4.235783064318231,B5
E_n20_to_n21,PolyX_PolyE_20,PolyX_PolyE_21,chain_growth,E,E,20,20,0,True,4.317405,4.317405,0.3733062175646797,0.3733062175646797,3.9440987824353204,B5
E_n21_to_n22,PolyX_PolyE_21,PolyX_PolyE_22,chain_growth,E,E,21,21,0,True,2.637071,2.637071,1.0728889611706245,1.0728889611706245,1.5641820388293757,B5
E_n22_to_n23,PolyX_PolyE_22,PolyX_PolyE_23,chain_growth,E,E,22,22,0,True,4.356876,4.356876,0.7985952765673392,0.7985952765673392,3.5582807234326603,B5
E_n23_to_n24,PolyX_PolyE_23,PolyX_PolyE_24,chain_growth,E,E,23,23,0,True,4.254015,4.254015,0.2807240101867439,0.2807240101867439,3.973290989813256,B5
E_n24_to_n25,PolyX_PolyE_24,PolyX_PolyE_25,chain_growth,E,E,24,24,0,True,6.257095,6.257095,0.2739933203806426,0.2739933203806426,5.983101679619357,B5
E_n25_to_n26,PolyX_PolyE_25,PolyX_PolyE_26,chain_growth,E,E,25,25,0,True,5.384577,5.384577,1.4715643127654463,1.4715643127654463,3.913012687234554,B5
E_n26_to_n27,PolyX_PolyE_26,PolyX_PolyE_27,chain_growth,E,E,26,26,0,True,3.938205,3.938205,1.0783861329354978,1.0783861329354978,2.859818867064502,B5
E_n27_to_n28,PolyX_PolyE_27,PolyX_PolyE_28,chain_growth,E,E,27,27,0,True,8.68171,8.68171,1.4983723498584869,1.4983723498584869,7.183337650141514,B5
E_n28_to_n29,PolyX_PolyE_28,PolyX_PolyE_29,chain_growth,E,E,28,28,0,True,5.415375,5.415375,1.441164548805107,1.441164548805107,3.9742104511948932,B5
E_n29_to_n30,PolyX_PolyE_29,PolyX_PolyE_30,chain_growth,E,E,29,29,0,True,1.999485,1.999485,0.9806355139696912,0.9806355139696912,1.0188494860303088,B5
E_n30_to_n31,PolyX_PolyE_30,PolyX_PolyE_31,chain_growth,E,E,30,30,0,True,2.929476,2.929476,0.4061263095994058,0.4061263095994058,2.5233496904005945,B5
E_n31_to_n32,PolyX_PolyE_31,PolyX_PolyE_32,chain_growth,E,E,31,31,0,True,6.053268,6.053268,0.4030259394633184,0.4030259394633184,5.650242060536682,B5
E_n32_to_n33,PolyX_PolyE_32,PolyX_PolyE_33,chain_growth,E,E,32,32,0,True,10.100975,10.100975,0.6878471263354244,0.6878471263354244,9.413127873664575,B5
E_n33_to_n34,PolyX_PolyE_33,PolyX_PolyE_34,chain_growth,E,E,33,33,0,True,5.359009,5.359009,1.2795756845522546,1.2795756845522546,4.079433315447746,B5
E_n34_to_n35,PolyX_PolyE_34,PolyX_PolyE_35,chain_growth,E,E,34,34,0,True,7.269818,7.269818,0.8849624919074939,0.8849624919074939,6.384855508092506,B5
E_n35_to_n36,PolyX_PolyE_35,PolyX_PolyE_36,chain_growth,E,E,35,35,0,True,4.575099,4.575099,0.5925762895268041,0.5925762895268041,3.9825227104731957,B5
E_n36_to_n37,PolyX_PolyE_36,PolyX_PolyE_37,chain_growth,E,E,36,36,0,True,5.406669,5.406669,0.3997604298128873,0.3997604298128873,5.006908570187113,B5
E_n37_to_n38,PolyX_PolyE_37,PolyX_PolyE_38,chain_growth,E,E,37,37,0,True,5.480694,5.480694,0.4357351257761599,0.4357351257761599,5.044958874223839,B5
E_n38_to_n39,PolyX_PolyE_38,PolyX_PolyE_39,chain_growth,E,E,38,38,0,True,2.388251,2.388251,0.6089148268240395,0.6089148268240395,1.7793361731759605,B5
E_n39_to_n40,PolyX_PolyE_39,PolyX_PolyE_40,chain_growth,E,E,39,39,0,True,7.124502,7.124502,0.4723927331631871,0.4723927331631871,6.6521092668368125,B5
E_n40_to_n41,PolyX_PolyE_40,PolyX_PolyE_41,chain_growth,E,E,40,40,0,True,9.62551,9.62551,0.2855667315976368,0.2855667315976368,9.339943268402363,B5
E_n41_to_n42,PolyX_PolyE_41,PolyX_PolyE_42,chain_growth,E,E,41,41,0,True,6.483958,6.483958,0.3539677744647068,0.3539677744647068,6.129990225535294,B5
E_n42_to_n43,PolyX_PolyE_42,PolyX_PolyE_43,chain_growth,E,E,42,42,0,True,3.822024,3.822024,0.255888102649911,0.255888102649911,3.566135897350089,B5
E_n43_to_n44,PolyX_PolyE_43,PolyX_PolyE_44,chain_growth,E,E,43,43,0,True,8.044033,8.044033,0.5870352737079015,0.5870352737079015,7.456997726292099,B5
E_n44_to_n45,PolyX_PolyE_44,PolyX_PolyE_45,chain_growth,E,E,44,44,0,True,6.789034,6.789034,0.7563145938307639,0.7563145938307639,6.032719406169236,B5
E_n45_to_n46,PolyX_PolyE_45,PolyX_PolyE_46,chain_growth,E,E,45,45,0,True,10.763876,10.763876,0.213609682292615,0.213609682292615,10.550266317707385,B5
E_n46_to_n47,PolyX_PolyE_46,PolyX_PolyE_47,chain_growth,E,E,46,46,0,True,6.917712,6.917712,0.4347586853777873,0.4347586853777873,6.482953314622213,B5
E_n47_to_n48,PolyX_PolyE_47,PolyX_PolyE_48,chain_growth,E,E,47,47,0,True,3.971027,3.971027,0.8017406872155858,0.8017406872155858,3.169286312784414,B5
E_n48_to_n49,PolyX_PolyE_48,PolyX_PolyE_49,chain_growth,E,E,48,48,0,True,3.540135,3.540135,1.5530098275867437,1.5530098275867437,1.9871251724132561,B5
E_n49_to_n50,PolyX_PolyE_49,PolyX_PolyE_50,chain_growth,E,E,49,49,0,True,2.36863,2.36863,0.1861566165731756,0.1861566165731756,2.1824733834268244,B5
L_n17_to_n18,PolyX_PolyL_17,PolyX_PolyL_18,chain_growth,L,L,17,17,0,True,4.174422,4.174422,2.180832769396281,2.180832769396281,1.9935892306037188,B5
L_n18_to_n19,PolyX_PolyL_18,PolyX_PolyL_19,chain_growth,L,L,18,18,0,True,6.900161,6.900161,2.3712281340927213,2.3712281340927213,4.5289328659072785,B5
L_n19_to_n20,PolyX_PolyL_19,PolyX_PolyL_20,chain_growth,L,L,19,19,0,True,2.504584,2.504584,0.1483103251496726,0.1483103251496726,2.3562736748503275,B5
L_n20_to_n21,PolyX_PolyL_20,PolyX_PolyL_21,chain_growth,L,L,20,20,0,True,5.084618,5.084618,0.8229195129308595,0.8229195129308595,4.261698487069141,B5
L_n21_to_n22,PolyX_PolyL_21,PolyX_PolyL_22,chain_growth,L,L,21,21,0,True,4.951357,4.951357,2.9730844389112487,2.9730844389112487,1.978272561088751,B5
L_n22_to_n23,PolyX_PolyL_22,PolyX_PolyL_23,chain_growth,L,L,22,22,0,True,5.136642,5.136642,2.172260889674229,2.172260889674229,2.964381110325771,B5
L_n23_to_n24,PolyX_PolyL_23,PolyX_PolyL_24,chain_growth,L,L,23,23,0,True,6.221333,6.221333,1.3336866182290574,1.3336866182290574,4.887646381770942,B5
L_n24_to_n25,PolyX_PolyL_24,PolyX_PolyL_25,chain_growth,L,L,24,24,0,True,2.575934,2.575934,0.5442317208230525,0.5442317208230525,2.0317022791769475,B5
L_n25_to_n26,PolyX_PolyL_25,PolyX_PolyL_26,chain_growth,L,L,25,25,0,True,3.134247,3.134247,0.5430652648718531,0.5430652648718531,2.5911817351281465,B5
L_n26_to_n27,PolyX_PolyL_26,PolyX_PolyL_27,chain_growth,L,L,26,26,0,True,7.026832,7.026832,0.5132340339752226,0.5132340339752226,6.513597966024777,B5
L_n27_to_n28,PolyX_PolyL_27,PolyX_PolyL_28,chain_growth,L,L,27,27,0,True,1.429876,1.429876,0.4865698515831175,0.4865698515831175,0.9433061484168824,B5
L_n28_to_n29,PolyX_PolyL_28,PolyX_PolyL_29,chain_growth,L,L,28,28,0,True,2.994037,2.994037,0.4847151233668653,0.4847151233668653,2.509321876633135,B5
L_n29_to_n30,PolyX_PolyL_29,PolyX_PolyL_30,chain_growth,L,L,29,29,0,True,2.410816,2.410816,4.164317244658018,4.164317244658018,-1.7535012446580178,B5
L_n30_to_n31,PolyX_PolyL_30,PolyX_PolyL_31,chain_growth,L,L,30,30,0,True,5.030045,5.030045,1.9505625175663408,1.9505625175663408,3.0794824824336597,B5
L_n31_to_n32,PolyX_PolyL_31,PolyX_PolyL_32,chain_growth,L,L,31,31,0,True,6.104021,6.104021,0.7244933179395168,0.7244933179395168,5.379527682060484,B5
L_n32_to_n33,PolyX_PolyL_32,PolyX_PolyL_33,chain_growth,L,L,32,32,0,True,7.888491,7.888491,0.885722065779239,0.885722065779239,7.002768934220761,B5
L_n33_to_n34,PolyX_PolyL_33,PolyX_PolyL_34,chain_growth,L,L,33,33,0,True,3.455104,3.455104,0.5195667839512829,0.5195667839512829,2.935537216048717,B5
L_n34_to_n35,PolyX_PolyL_34,PolyX_PolyL_35,chain_growth,L,L,34,34,0,True,4.316798,4.316798,0.5764797202610804,0.5764797202610804,3.74031827973892,B5
L_n35_to_n36,PolyX_PolyL_35,PolyX_PolyL_36,chain_growth,L,L,35,35,0,True,1.904869,1.904869,4.437811074865353,4.437811074865353,-2.5329420748653533,B5
L_n36_to_n37,PolyX_PolyL_36,PolyX_PolyL_37,chain_growth,L,L,36,36,0,True,6.212226,6.212226,1.5112835585081528,1.5112835585081528,4.700942441491847,B5
L_n37_to_n38,PolyX_PolyL_37,PolyX_PolyL_38,chain_growth,L,L,37,37,0,True,6.006627,6.006627,1.598284085016164,1.598284085016164,4.408342914983836,B5
L_n38_to_n39,PolyX_PolyL_38,PolyX_PolyL_39,chain_growth,L,L,38,38,0,True,8.56275,8.56275,0.383015973475782,0.383015973475782,8.179734026524217,B5
L_n39_to_n40,PolyX_PolyL_39,PolyX_PolyL_40,chain_growth,L,L,39,39,0,True,6.092615,6.092615,2.649516455686073,2.649516455686073,3.4430985443139273,B5
L_n40_to_n41,PolyX_PolyL_40,PolyX_PolyL_41,chain_growth,L,L,40,40,0,True,2.153386,2.153386,2.490428690142319,2.490428690142319,-0.33704269014231913,B5
L_n41_to_n42,PolyX_PolyL_41,PolyX_PolyL_42,chain_growth,L,L,41,41,0,True,2.575175,2.575175,0.1645102657687447,0.1645102657687447,2.4106647342312555,B5
L_n42_to_n43,PolyX_PolyL_42,PolyX_PolyL_43,chain_growth,L,L,42,42,0,True,3.10891,3.10891,1.9960304532937203,1.9960304532937203,1.1128795467062795,B5
L_n43_to_n44,PolyX_PolyL_43,PolyX_PolyL_44,chain_growth,L,L,43,43,0,True,6.956537,6.956537,1.005812603906517,1.005812603906517,5.950724396093483,B5
L_n44_to_n45,PolyX_PolyL_44,PolyX_PolyL_45,chain_growth,L,L,44,44,0,True,6.918416,6.918416,1.0828737761368885,1.0828737761368885,5.835542223863111,B5
L_n45_to_n46,PolyX_PolyL_45,PolyX_PolyL_46,chain_growth,L,L,45,45,0,True,2.703597,2.703597,0.5470702658691875,0.5470702658691875,2.1565267341308125,B5
L_n46_to_n47,PolyX_PolyL_46,PolyX_PolyL_47,chain_growth,L,L,46,46,0,True,3.762012,3.762012,3.07526471121926,3.07526471121926,0.6867472887807398,B5
L_n47_to_n48,PolyX_PolyL_47,PolyX_PolyL_48,chain_growth,L,L,47,47,0,True,8.341784,8.341784,0.8934581148054432,0.8934581148054432,7.448325885194557,B5
L_n48_to_n49,PolyX_PolyL_48,PolyX_PolyL_49,chain_growth,L,L,48,48,0,True,8.174424,8.174424,0.5400243370383531,0.5400243370383531,7.634399662961647,B5
L_n49_to_n50,PolyX_PolyL_49,PolyX_PolyL_50,chain_growth,L,L,49,49,0,True,6.811392,6.811392,0.3689385643168585,0.3689385643168585,6.4424534356831415,B5
K_n17_to_n18,PolyX_PolyK_17,PolyX_PolyK_18,chain_growth,K,K,17,17,0,True,6.49025,6.49025,0.5748580974082261,0.5748580974082261,5.915391902591773,B5
K_n18_to_n19,PolyX_PolyK_18,PolyX_PolyK_19,chain_growth,K,K,18,18,0,True,4.579217,4.579217,0.6758295516325112,0.6758295516325112,3.9033874483674884,B5
K_n19_to_n20,PolyX_PolyK_19,PolyX_PolyK_20,chain_growth,K,K,19,19,0,True,5.867825,5.867825,0.4550004023374225,0.4550004023374225,5.412824597662578,B5
K_n20_to_n21,PolyX_PolyK_20,PolyX_PolyK_21,chain_growth,K,K,20,20,0,True,9.323087,9.323087,0.3225602109195315,0.3225602109195315,9.000526789080467,B5
K_n21_to_n22,PolyX_PolyK_21,PolyX_PolyK_22,chain_growth,K,K,21,21,0,True,9.20469,9.20469,0.3573472967796879,0.3573472967796879,8.847342703220312,B5
K_n22_to_n23,PolyX_PolyK_22,PolyX_PolyK_23,chain_growth,K,K,22,22,0,True,7.692466,7.692466,0.3342771475514253,0.3342771475514253,7.358188852448574,B5
K_n23_to_n24,PolyX_PolyK_23,PolyX_PolyK_24,chain_growth,K,K,23,23,0,True,6.431824,6.431824,0.3205235810720137,0.3205235810720137,6.1113004189279865,B5
K_n24_to_n25,PolyX_PolyK_24,PolyX_PolyK_25,chain_growth,K,K,24,24,0,True,5.634449,5.634449,0.5062210714692875,0.5062210714692875,5.128227928530713,B5
K_n25_to_n26,PolyX_PolyK_25,PolyX_PolyK_26,chain_growth,K,K,25,25,0,True,3.117085,3.117085,0.4332423230592773,0.4332423230592773,2.6838426769407224,B5
K_n26_to_n27,PolyX_PolyK_26,PolyX_PolyK_27,chain_growth,K,K,26,26,0,True,6.776625,6.776625,0.3307834982216159,0.3307834982216159,6.445841501778384,B5
K_n27_to_n28,PolyX_PolyK_27,PolyX_PolyK_28,chain_growth,K,K,27,27,0,True,7.365345,7.365345,1.216313920801418,1.216313920801418,6.149031079198582,B5
K_n28_to_n29,PolyX_PolyK_28,PolyX_PolyK_29,chain_growth,K,K,28,28,0,True,3.285172,3.285172,0.8363728692382576,0.8363728692382576,2.4487991307617425,B5
K_n29_to_n30,PolyX_PolyK_29,PolyX_PolyK_30,chain_growth,K,K,29,29,0,True,10.228376,10.228376,0.7321148476855459,0.7321148476855459,9.496261152314455,B5
K_n30_to_n31,PolyX_PolyK_30,PolyX_PolyK_31,chain_growth,K,K,30,30,0,True,9.52573,9.52573,0.9600778619705584,0.9600778619705584,8.56565213802944,B5
K_n31_to_n32,PolyX_PolyK_31,PolyX_PolyK_32,chain_growth,K,K,31,31,0,True,5.489079,5.489079,0.517694369490775,0.517694369490775,4.971384630509226,B5
K_n32_to_n33,PolyX_PolyK_32,PolyX_PolyK_33,chain_growth,K,K,32,32,0,True,6.830443,6.830443,1.2557375559490829,1.2557375559490829,5.574705444050917,B5
K_n33_to_n34,PolyX_PolyK_33,PolyX_PolyK_34,chain_growth,K,K,33,33,0,True,3.687876,3.687876,0.7589305213841621,0.7589305213841621,2.928945478615838,B5
K_n34_to_n35,PolyX_PolyK_34,PolyX_PolyK_35,chain_growth,K,K,34,34,0,True,4.649503,4.649503,0.7739147320968589,0.7739147320968589,3.875588267903141,B5
K_n35_to_n36,PolyX_PolyK_35,PolyX_PolyK_36,chain_growth,K,K,35,35,0,True,10.036148,10.036148,0.3351964032319346,0.3351964032319346,9.700951596768066,B5
K_n36_to_n37,PolyX_PolyK_36,PolyX_PolyK_37,chain_growth,K,K,36,36,0,True,6.111148,6.111148,0.4697058607207979,0.4697058607207979,5.641442139279202,B5
K_n37_to_n38,PolyX_PolyK_37,PolyX_PolyK_38,chain_growth,K,K,37,37,0,True,3.849073,3.849073,0.3267405413110015,0.3267405413110015,3.522332458688999,B5
K_n38_to_n39,PolyX_PolyK_38,PolyX_PolyK_39,chain_growth,K,K,38,38,0,True,4.659361,4.659361,0.6206729111582725,0.6206729111582725,4.038688088841727,B5
K_n39_to_n40,PolyX_PolyK_39,PolyX_PolyK_40,chain_growth,K,K,39,39,0,True,2.562993,2.562993,0.506257791090866,0.506257791090866,2.056735208909134,B5
K_n40_to_n41,PolyX_PolyK_40,PolyX_PolyK_41,chain_growth,K,K,40,40,0,True,4.588366,4.588366,0.2333690412399275,0.2333690412399275,4.354996958760072,B5
K_n41_to_n42,PolyX_PolyK_41,PolyX_PolyK_42,chain_growth,K,K,41,41,0,True,4.799072,4.799072,0.2043190394981809,0.2043190394981809,4.594752960501819,B5
K_n42_to_n43,PolyX_PolyK_42,PolyX_PolyK_43,chain_growth,K,K,42,42,0,True,11.029071,11.029071,0.6057699385081403,0.6057699385081403,10.423301061491859,B5
K_n43_to_n44,PolyX_PolyK_43,PolyX_PolyK_44,chain_growth,K,K,43,43,0,True,4.578997,4.578997,0.5605625497447083,0.5605625497447083,4.018434450255292,B5
K_n44_to_n45,PolyX_PolyK_44,PolyX_PolyK_45,chain_growth,K,K,44,44,0,True,4.066841,4.066841,1.1450619156385151,1.1450619156385151,2.921779084361485,B5
K_n45_to_n46,PolyX_PolyK_45,PolyX_PolyK_46,chain_growth,K,K,45,45,0,True,4.317788,4.317788,0.5113921173086449,0.5113921173086449,3.8063958826913553,B5
K_n46_to_n47,PolyX_PolyK_46,PolyX_PolyK_47,chain_growth,K,K,46,46,0,True,3.848838,3.848838,0.7730053289657863,0.7730053289657863,3.075832671034214,B5
K_n47_to_n48,PolyX_PolyK_47,PolyX_PolyK_48,chain_growth,K,K,47,47,0,True,3.715992,3.715992,1.609979115863725,1.609979115863725,2.106012884136275,B5
K_n48_to_n49,PolyX_PolyK_48,PolyX_PolyK_49,chain_growth,K,K,48,48,0,True,4.818025,4.818025,1.794045960144077,1.794045960144077,3.0239790398559228,B5
K_n49_to_n50,PolyX_PolyK_49,PolyX_PolyK_50,chain_growth,K,K,49,49,0,True,5.369876,5.369876,5.414586811380027,5.414586811380027,-0.044710811380027415,B5
V_n17_to_n18,PolyX_PolyV_17,PolyX_PolyV_18,chain_growth,V,V,17,17,0,True,4.984379,4.984379,,,,
V_n18_to_n19,PolyX_PolyV_18,PolyX_PolyV_19,chain_growth,V,V,18,18,0,True,8.180454,8.180454,,,,
V_n19_to_n20,PolyX_PolyV_19,PolyX_PolyV_20,chain_growth,V,V,19,19,0,True,4.492739,4.492739,,,,
V_n20_to_n21,PolyX_PolyV_20,PolyX_PolyV_21,chain_growth,V,V,20,20,0,True,5.62347,5.62347,,,,
V_n21_to_n22,PolyX_PolyV_21,PolyX_PolyV_22,chain_growth,V,V,21,21,0,True,2.189291,2.189291,,,,
V_n22_to_n23,PolyX_PolyV_22,PolyX_PolyV_23,chain_growth,V,V,22,22,0,True,8.374685,8.374685,,,,
V_n23_to_n24,PolyX_PolyV_23,PolyX_PolyV_24,chain_growth,V,V,23,23,0,True,6.782392,6.782392,,,,
V_n24_to_n25,PolyX_PolyV_24,PolyX_PolyV_25,chain_growth,V,V,24,24,0,True,7.439733,7.439733,,,,
V_n25_to_n26,PolyX_PolyV_25,PolyX_PolyV_26,chain_growth,V,V,25,25,0,True,8.037186,8.037186,,,,
V_n26_to_n27,PolyX_PolyV_26,PolyX_PolyV_27,chain_growth,V,V,26,26,0,True,4.759057,4.759057,,,,
V_n27_to_n28,PolyX_PolyV_27,PolyX_PolyV_28,chain_growth,V,V,27,27,0,True,3.807763,3.807763,,,,
V_n28_to_n29,PolyX_PolyV_28,PolyX_PolyV_29,chain_growth,V,V,28,28,0,True,6.267807,6.267807,,,,
V_n29_to_n30,PolyX_PolyV_29,PolyX_PolyV_30,chain_growth,V,V,29,29,0,True,7.736575,7.736575,,,,
V_n30_to_n31,PolyX_PolyV_30,PolyX_PolyV_31,chain_growth,V,V,30,30,0,True,3.530685,3.530685,,,,
V_n31_to_n32,PolyX_PolyV_31,PolyX_PolyV_32,chain_growth,V,V,31,31,0,True,3.229081,3.229081,,,,
V_n32_to_n33,PolyX_PolyV_32,PolyX_PolyV_33,chain_growth,V,V,32,32,0,True,3.573967,3.573967,,,,
V_n33_to_n34,PolyX_PolyV_33,PolyX_PolyV_34,chain_growth,V,V,33,33,0,True,4.483674,4.483674,,,,
V_n34_to_n35,PolyX_PolyV_34,PolyX_PolyV_35,chain_growth,V,V,34,34,0,True,7.474351,7.474351,,,,
V_n35_to_n36,PolyX_PolyV_35,PolyX_PolyV_36,chain_growth,V,V,35,35,0,True,2.121665,2.121665,,,,
V_n36_to_n37,PolyX_PolyV_36,PolyX_PolyV_37,chain_growth,V,V,36,36,0,True,3.311895,3.311895,,,,
V_n37_to_n38,PolyX_PolyV_37,PolyX_PolyV_38,chain_growth,V,V,37,37,0,True,3.644649,3.644649,,,,
V_n38_to_n39,PolyX_PolyV_38,PolyX_PolyV_39,chain_growth,V,V,38,38,0,True,6.26046,6.26046,,,,
V_n39_to_n40,PolyX_PolyV_39,PolyX_PolyV_40,chain_growth,V,V,39,39,0,True,3.07752,3.07752,,,,
V_n40_to_n41,PolyX_PolyV_40,PolyX_PolyV_41,chain_growth,V,V,40,40,0,True,5.455681,5.455681,,,,
V_n41_to_n42,PolyX_PolyV_41,PolyX_PolyV_42,chain_growth,V,V,41,41,0,True,3.516998,3.516998,,,,
V_n42_to_n43,PolyX_PolyV_42,PolyX_PolyV_43,chain_growth,V,V,42,42,0,True,2.144841,2.144841,,,,
V_n43_to_n44,PolyX_PolyV_43,PolyX_PolyV_44,chain_growth,V,V,43,43,0,True,3.361454,3.361454,,,,
V_n44_to_n45,PolyX_PolyV_44,PolyX_PolyV_45,chain_growth,V,V,44,44,0,True,2.018291,2.018291,,,,
V_n45_to_n46,PolyX_PolyV_45,PolyX_PolyV_46,chain_growth,V,V,45,45,0,True,2.358599,2.358599,,,,
V_n46_to_n47,PolyX_PolyV_46,PolyX_PolyV_47,chain_growth,V,V,46,46,0,True,4.316538,4.316538,,,,
V_n47_to_n48,PolyX_PolyV_47,PolyX_PolyV_48,chain_growth,V,V,47,47,0,True,5.198384,5.198384,,,,
V_n48_to_n49,PolyX_PolyV_48,PolyX_PolyV_49,chain_growth,V,V,48,48,0,True,2.487429,2.487429,,,,
V_n49_to_n50,PolyX_PolyV_49,PolyX_PolyV_50,chain_growth,V,V,49,49,0,True,2.353604,2.353604,,,,
I_n17_to_n18,PolyX_PolyI_17,PolyX_PolyI_18,chain_growth,I,I,17,17,0,True,2.24961,2.24961,,,,
I_n18_to_n19,PolyX_PolyI_18,PolyX_PolyI_19,chain_growth,I,I,18,18,0,True,6.378442,6.378442,,,,
I_n19_to_n20,PolyX_PolyI_19,PolyX_PolyI_20,chain_growth,I,I,19,19,0,True,7.887051,7.887051,,,,
I_n20_to_n21,PolyX_PolyI_20,PolyX_PolyI_21,chain_growth,I,I,20,20,0,True,8.683013,8.683013,,,,
I_n21_to_n22,PolyX_PolyI_21,PolyX_PolyI_22,chain_growth,I,I,21,21,0,True,5.85746,5.85746,,,,
I_n22_to_n23,PolyX_PolyI_22,PolyX_PolyI_23,chain_growth,I,I,22,22,0,True,2.720131,2.720131,,,,
I_n23_to_n24,PolyX_PolyI_23,PolyX_PolyI_24,chain_growth,I,I,23,23,0,True,3.389485,3.389485,,,,
I_n24_to_n25,PolyX_PolyI_24,PolyX_PolyI_25,chain_growth,I,I,24,24,0,True,4.801682,4.801682,,,,
I_n25_to_n26,PolyX_PolyI_25,PolyX_PolyI_26,chain_growth,I,I,25,25,0,True,3.561985,3.561985,,,,
I_n26_to_n27,PolyX_PolyI_26,PolyX_PolyI_27,chain_growth,I,I,26,26,0,True,6.596709,6.596709,,,,
I_n27_to_n28,PolyX_PolyI_27,PolyX_PolyI_28,chain_growth,I,I,27,27,0,True,3.955301,3.955301,,,,
I_n28_to_n29,PolyX_PolyI_28,PolyX_PolyI_29,chain_growth,I,I,28,28,0,True,2.951451,2.951451,,,,
I_n29_to_n30,PolyX_PolyI_29,PolyX_PolyI_30,chain_growth,I,I,29,29,0,True,7.079871,7.079871,,,,
I_n30_to_n31,PolyX_PolyI_30,PolyX_PolyI_31,chain_growth,I,I,30,30,0,True,8.120482,8.120482,,,,
I_n31_to_n32,PolyX_PolyI_31,PolyX_PolyI_32,chain_growth,I,I,31,31,0,True,4.353504,4.353504,,,,
I_n32_to_n33,PolyX_PolyI_32,PolyX_PolyI_33,chain_growth,I,I,32,32,0,True,2.840713,2.840713,,,,
I_n33_to_n34,PolyX_PolyI_33,PolyX_PolyI_34,chain_growth,I,I,33,33,0,True,5.436053,5.436053,,,,
I_n34_to_n35,PolyX_PolyI_34,PolyX_PolyI_35,chain_growth,I,I,34,34,0,True,3.447172,3.447172,,,,
I_n35_to_n36,PolyX_PolyI_35,PolyX_PolyI_36,chain_growth,I,I,35,35,0,True,5.130217,5.130217,,,,
I_n36_to_n37,PolyX_PolyI_36,PolyX_PolyI_37,chain_growth,I,I,36,36,0,True,2.99394,2.99394,,,,
I_n37_to_n38,PolyX_PolyI_37,PolyX_PolyI_38,chain_growth,I,I,37,37,0,True,8.220144,8.220144,,,,
I_n38_to_n39,PolyX_PolyI_38,PolyX_PolyI_39,chain_growth,I,I,38,38,0,True,8.088835,8.088835,,,,
I_n39_to_n40,PolyX_PolyI_39,PolyX_PolyI_40,chain_growth,I,I,39,39,0,True,3.662786,3.662786,,,,
I_n40_to_n41,PolyX_PolyI_40,PolyX_PolyI_41,chain_growth,I,I,40,40,0,True,1.926447,1.926447,,,,
I_n41_to_n42,PolyX_PolyI_41,PolyX_PolyI_42,chain_growth,I,I,41,41,0,True,3.886794,3.886794,,,,
I_n42_to_n43,PolyX_PolyI_42,PolyX_PolyI_43,chain_growth,I,I,42,42,0,True,2.355236,2.355236,,,,
I_n43_to_n44,PolyX_PolyI_43,PolyX_PolyI_44,chain_growth,I,I,43,43,0,True,4.03428,4.03428,,,,
I_n44_to_n45,PolyX_PolyI_44,PolyX_PolyI_45,chain_growth,I,I,44,44,0,True,2.943683,2.943683,,,,
I_n45_to_n46,PolyX_PolyI_45,PolyX_PolyI_46,chain_growth,I,I,45,45,0,True,6.688269,6.688269,,,,
I_n46_to_n47,PolyX_PolyI_46,PolyX_PolyI_47,chain_growth,I,I,46,46,0,True,6.203672,6.203672,,,,
I_n47_to_n48,PolyX_PolyI_47,PolyX_PolyI_48,chain_growth,I,I,47,47,0,True,4.252435,4.252435,,,,
I_n48_to_n49,PolyX_PolyI_48,PolyX_PolyI_49,chain_growth,I,I,48,48,0,True,4.360177,4.360177,,,,
I_n49_to_n50,PolyX_PolyI_49,PolyX_PolyI_50,chain_growth,I,I,49,49,0,True,3.11984,3.11984,,,,
F_n17_to_n18,PolyX_PolyF_17,PolyX_PolyF_18,chain_growth,F,F,17,17,0,True,7.383725,7.383725,,,,
F_n18_to_n19,PolyX_PolyF_18,PolyX_PolyF_19,chain_growth,F,F,18,18,0,True,5.57418,5.57418,,,,
F_n19_to_n20,PolyX_PolyF_19,PolyX_PolyF_20,chain_growth,F,F,19,19,0,True,6.247525,6.247525,,,,
F_n20_to_n21,PolyX_PolyF_20,PolyX_PolyF_21,chain_growth,F,F,20,20,0,True,0.643589,0.643589,,,,
F_n21_to_n22,PolyX_PolyF_21,PolyX_PolyF_22,chain_growth,F,F,21,21,0,True,4.268654,4.268654,,,,
F_n22_to_n23,PolyX_PolyF_22,PolyX_PolyF_23,chain_growth,F,F,22,22,0,True,7.00454,7.00454,,,,
F_n23_to_n24,PolyX_PolyF_23,PolyX_PolyF_24,chain_growth,F,F,23,23,0,True,9.010598,9.010598,,,,
F_n24_to_n25,PolyX_PolyF_24,PolyX_PolyF_25,chain_growth,F,F,24,24,0,True,3.032652,3.032652,,,,
F_n25_to_n26,PolyX_PolyF_25,PolyX_PolyF_26,chain_growth,F,F,25,25,0,True,6.074429,6.074429,,,,
F_n26_to_n27,PolyX_PolyF_26,PolyX_PolyF_27,chain_growth,F,F,26,26,0,True,8.683197,8.683197,,,,
F_n27_to_n28,PolyX_PolyF_27,PolyX_PolyF_28,chain_growth,F,F,27,27,0,True,7.631861,7.631861,,,,
F_n28_to_n29,PolyX_PolyF_28,PolyX_PolyF_29,chain_growth,F,F,28,28,0,True,6.54171,6.54171,,,,
F_n29_to_n30,PolyX_PolyF_29,PolyX_PolyF_30,chain_growth,F,F,29,29,0,True,3.152336,3.152336,,,,
F_n30_to_n31,PolyX_PolyF_30,PolyX_PolyF_31,chain_growth,F,F,30,30,0,True,3.887098,3.887098,,,,
F_n31_to_n32,PolyX_PolyF_31,PolyX_PolyF_32,chain_growth,F,F,31,31,0,True,3.782979,3.782979,,,,
F_n32_to_n33,PolyX_PolyF_32,PolyX_PolyF_33,chain_growth,F,F,32,32,0,True,2.653934,2.653934,,,,
F_n33_to_n34,PolyX_PolyF_33,PolyX_PolyF_34,chain_growth,F,F,33,33,0,True,4.282947,4.282947,,,,
F_n34_to_n35,PolyX_PolyF_34,PolyX_PolyF_35,chain_growth,F,F,34,34,0,True,2.831033,2.831033,,,,
F_n35_to_n36,PolyX_PolyF_35,PolyX_PolyF_36,chain_growth,F,F,35,35,0,True,1.804223,1.804223,,,,
F_n36_to_n37,PolyX_PolyF_36,PolyX_PolyF_37,chain_growth,F,F,36,36,0,True,3.606722,3.606722,,,,
F_n37_to_n38,PolyX_PolyF_37,PolyX_PolyF_38,chain_growth,F,F,37,37,0,True,6.629464,6.629464,,,,
F_n38_to_n39,PolyX_PolyF_38,PolyX_PolyF_39,chain_growth,F,F,38,38,0,True,7.4397,7.4397,,,,
F_n39_to_n40,PolyX_PolyF_39,PolyX_PolyF_40,chain_growth,F,F,39,39,0,True,5.826907,5.826907,,,,
F_n40_to_n41,PolyX_PolyF_40,PolyX_PolyF_41,chain_growth,F,F,40,40,0,True,3.382825,3.382825,,,,
F_n41_to_n42,PolyX_PolyF_41,PolyX_PolyF_42,chain_growth,F,F,41,41,0,True,5.462597,5.462597,,,,
F_n42_to_n43,PolyX_PolyF_42,PolyX_PolyF_43,chain_growth,F,F,42,42,0,True,4.138409,4.138409,,,,
F_n43_to_n44,PolyX_PolyF_43,PolyX_PolyF_44,chain_growth,F,F,43,43,0,True,4.480759,4.480759,,,,
F_n44_to_n45,PolyX_PolyF_44,PolyX_PolyF_45,chain_growth,F,F,44,44,0,True,5.163928,5.163928,,,,
F_n45_to_n46,PolyX_PolyF_45,PolyX_PolyF_46,chain_growth,F,F,45,45,0,True,8.98581,8.98581,,,,
F_n46_to_n47,PolyX_PolyF_46,PolyX_PolyF_47,chain_growth,F,F,46,46,0,True,2.337918,2.337918,,,,
F_n47_to_n48,PolyX_PolyF_47,PolyX_PolyF_48,chain_growth,F,F,47,47,0,True,7.768091,7.768091,,,,
F_n48_to_n49,PolyX_PolyF_48,PolyX_PolyF_49,chain_growth,F,F,48,48,0,True,2.855748,2.855748,,,,
F_n49_to_n50,PolyX_PolyF_49,PolyX_PolyF_50,chain_growth,F,F,49,49,0,True,9.528249,9.528249,,,,
null_random,PolyX_PolyL_32,PolyX_linker_PolyGGGGS_40,null,L,unknown,32,40,8,False,5.587255,5.797116,,,,
null_random,PolyX_PolyA_25,PolyX_PolyS_38,null,A,S,25,38,13,False,5.455383,5.687336,,,,
null_random,PolyX_PolyV_46,PolyX_PolyL_43,null,V,L,46,43,3,False,4.728187,4.897501,,,,
null_random,PolyX_PolyE_26,PolyX_linker_PolyGGGGS_28,null,E,unknown,26,28,2,False,6.16042,6.315351,,,,
null_random,PolyX_PolyE_39,PolyX_PolyK_21,null,E,K,39,21,18,False,12.746889,12.994111,,,,
null_random,PolyX_PolyV_20,PolyX_PolyS_48,null,V,S,20,48,28,False,9.222527,9.490892,,,,
null_random,PolyX_PolyI_32,PolyX_PolyL_28,null,I,L,32,28,4,False,3.928549,4.109021,,,,
null_random,PolyX_PolyK_34,PolyX_linker_PolyGGGGS_39,null,K,unknown,34,39,5,False,17.647546,17.837134,,,,
null_random,PolyX_linker_PolyGGGGS_18,PolyX_PolyA_30,null,unknown,A,18,30,12,False,6.333076,6.561324,,,,
null_random,PolyX_PolyF_39,PolyX_PolyI_43,null,F,I,39,43,4,False,6.318791,6.499262,,,,
null_random,PolyX_PolyE_23,PolyX_PolyE_25,null,E,E,23,25,2,False,7.12736,7.182291,,,,
null_random,PolyX_PolyF_23,PolyX_PolyE_21,null,F,E,23,21,2,False,7.113645,7.268576,,,,
null_random,PolyX_PolyE_38,PolyX_PolyA_26,null,E,A,38,26,12,False,6.984334,7.212582,,,,
null_random,PolyX_PolyV_27,PolyX_PolyL_38,null,V,L,27,38,11,False,7.91768,8.141926,,,,
null_random,PolyX_PolyL_19,PolyX_PolyS_26,null,L,S,19,26,7,False,3.971573,4.175545,,,,
null_random,PolyX_PolyV_43,PolyX_PolyG_37,null,V,G,43,37,6,False,4.337902,4.535198,,,,
null_random,PolyX_PolyL_24,PolyX_PolyL_48,null,L,L,24,48,24,False,10.009493,10.170437,,,,
null_random,PolyX_PolyL_20,PolyX_linker_PolyEAAAK_31,null,L,unknown,20,31,11,False,7.503669,7.727915,,,,
null_random,PolyX_PolyK_39,PolyX_PolyK_42,null,K,K,39,42,3,False,9.43606,9.505375,,,,
null_random,PolyX_PolyG_45,PolyX_PolyS_29,null,G,S,45,29,16,False,7.994978,8.236639,,,,
null_random,PolyX_linker_PolyEAAAK_19,PolyX_linker_PolyEAAAK_29,null,unknown,unknown,19,29,10,False,7.461465,7.58136,,,,
null_random,PolyX_PolyF_40,PolyX_PolyI_45,null,F,I,40,45,5,False,4.140561,4.330149,,,,
null_random,PolyX_linker_PolyGGGGS_18,PolyX_PolyS_36,null,unknown,S,18,36,18,False,9.031929,9.279151,,,,
null_random,PolyX_PolyG_39,PolyX_linker_PolyGGGGS_45,null,G,unknown,39,45,6,False,6.286316,6.483611,,,,
null_random,PolyX_PolyI_32,PolyX_PolyA_44,null,I,A,32,44,12,False,5.318521,5.546768,,,,
null_random,PolyX_linker_PolyGGGGS_34,PolyX_PolyS_50,null,unknown,S,34,50,16,False,5.108968,5.350629,,,,
null_random,PolyX_PolyG_30,PolyX_PolyI_26,null,G,I,30,26,4,False,6.109002,6.289474,,,,
null_random,PolyX_PolyV_45,PolyX_PolyE_47,null,V,E,45,47,2,False,4.801739,4.956669,,,,
null_random,PolyX_PolyL_23,PolyX_linker_PolyGGGGS_44,null,L,unknown,23,44,21,False,6.669658,6.92421,,,,
null_random,PolyX_PolyS_26,PolyX_PolyI_17,null,S,I,26,17,9,False,4.630007,4.845136,,,,
null_random,PolyX_PolyG_46,PolyX_PolyE_20,null,G,E,46,20,26,False,8.949887,9.214679,,,,
null_random,PolyX_PolyG_48,PolyX_PolyG_39,null,G,G,48,39,9,False,4.927053,5.042183,,,,
null_random,PolyX_linker_PolyGGGGS_33,PolyX_linker_PolyGGGGS_18,null,unknown,unknown,33,18,15,False,6.809727,6.948357,,,,
null_random,PolyX_linker_PolyEAAAK_26,PolyX_PolyE_42,null,unknown,E,26,42,16,False,5.296462,5.538122,,,,
null_random,PolyX_PolyS_44,PolyX_linker_PolyGGGGS_45,null,S,unknown,44,45,1,False,5.174505,5.309163,,,,
null_random,PolyX_PolyA_19,PolyX_linker_PolyEAAAK_46,null,A,unknown,19,46,27,False,8.086219,8.352829,,,,
null_random,PolyX_linker_PolyEAAAK_28,PolyX_PolyG_17,null,unknown,G,28,17,11,False,5.328634,5.55288,,,,
null_random,PolyX_linker_PolyGGGGS_48,PolyX_PolyV_32,null,unknown,V,48,32,16,False,5.863138,6.104798,,,,
null_random,PolyX_PolyV_19,PolyX_PolyI_36,null,V,I,19,36,17,False,11.42942,11.673938,,,,
null_random,PolyX_linker_PolyGGGGS_32,PolyX_PolyG_32,null,unknown,G,32,32,0,False,5.169875,5.269875,,,,
null_random,PolyX_PolyV_28,PolyX_PolyG_50,null,V,G,28,50,22,False,7.49556,7.752335,,,,
null_random,PolyX_PolyS_23,PolyX_PolyV_50,null,S,V,23,50,27,False,9.870953,10.137563,,,,
null_random,PolyX_PolyA_24,PolyX_PolyL_28,null,A,L,24,28,4,False,1.857888,2.03836,,,,
null_random,PolyX_PolyG_35,PolyX_PolyA_46,null,G,A,35,46,11,False,5.444881,5.669126,,,,
null_random,PolyX_PolyF_41,PolyX_linker_PolyEAAAK_19,null,F,unknown,41,19,22,False,8.527979,8.784753,,,,
null_random,PolyX_linker_PolyEAAAK_37,PolyX_PolyV_50,null,unknown,V,37,50,13,False,4.199133,4.431086,,,,
null_random,PolyX_PolyG_46,PolyX_PolyL_29,null,G,L,46,29,17,False,10.749628,10.994147,,,,
null_random,PolyX_linker_PolyEAAAK_19,PolyX_PolyI_45,null,unknown,I,19,45,26,False,8.031902,8.296694,,,,
null_random,PolyX_PolyG_38,PolyX_PolyI_20,null,G,I,38,20,18,False,9.746305,9.993527,,,,
null_random,PolyX_PolyI_21,PolyX_PolyF_20,null,I,F,21,20,1,False,8.332131,8.466789,,,,
null_random,PolyX_PolyK_17,PolyX_linker_PolyEAAAK_32,null,K,unknown,17,32,15,False,10.290748,10.529377,,,,
null_random,PolyX_PolyA_23,PolyX_PolyK_49,null,A,K,23,49,26,False,31.262262,31.527054,,,,
null_random,PolyX_PolyV_44,PolyX_PolyA_26,null,V,A,44,26,18,False,7.197949,7.445171,,,,
null_random,PolyX_linker_PolyGGGGS_19,PolyX_linker_PolyGGGGS_34,null,unknown,unknown,19,34,15,False,5.619179,5.757808,,,,
null_random,PolyX_PolyV_45,PolyX_PolyK_37,null,V,K,45,37,8,False,17.116222,17.326084,,,,
null_random,PolyX_PolyE_35,PolyX_linker_PolyGGGGS_43,null,E,unknown,35,43,8,False,7.873087,8.082948,,,,
null_random,PolyX_PolyG_37,PolyX_PolyS_48,null,G,S,37,48,11,False,4.631839,4.856084,,,,
null_random,PolyX_PolyL_37,PolyX_PolyE_47,null,L,E,37,47,10,False,7.521347,7.741242,,,,
null_random,PolyX_PolyI_29,PolyX_linker_PolyEAAAK_31,null,I,unknown,29,31,2,False,4.516917,4.671847,,,,
null_random,PolyX_PolyS_19,PolyX_PolyG_48,null,S,G,19,48,29,False,8.646696,8.916756,,,,
null_random,PolyX_PolyG_20,PolyX_linker_PolyGGGGS_36,null,G,unknown,20,36,16,False,5.465223,5.706884,,,,
null_random,PolyX_PolyA_26,PolyX_PolyK_33,null,A,K,26,33,7,False,18.328257,18.532229,,,,
null_random,PolyX_PolyL_42,PolyX_PolyE_22,null,L,E,42,22,20,False,6.133609,6.385835,,,,
null_random,PolyX_PolyS_42,PolyX_PolyA_23,null,S,A,42,23,19,False,7.099846,7.349632,,,,
null_random,PolyX_linker_PolyGGGGS_40,PolyX_linker_PolyEAAAK_38,null,unknown,unknown,40,38,2,False,6.002128,6.057058,,,,
null_random,PolyX_PolyK_38,PolyX_PolyV_39,null,K,V,38,39,1,False,19.991936,20.126593,,,,
null_random,PolyX_linker_PolyGGGGS_44,PolyX_PolyF_38,null,unknown,F,44,38,6,False,6.917271,7.114567,,,,
null_random,PolyX_PolyL_36,PolyX_PolyK_25,null,L,K,36,25,11,False,18.292253,18.516498,,,,
null_random,PolyX_PolyS_37,PolyX_PolyL_50,null,S,L,37,50,13,False,8.92079,9.152743,,,,
null_random,PolyX_PolyI_45,PolyX_PolyL_29,null,I,L,45,29,16,False,6.37506,6.616721,,,,
null_random,PolyX_PolyE_41,PolyX_PolyI_18,null,E,I,41,18,23,False,9.344806,9.603709,,,,
null_random,PolyX_linker_PolyGGGGS_28,PolyX_PolyK_26,null,unknown,K,28,26,2,False,20.085547,20.240478,,,,
null_random,PolyX_linker_PolyGGGGS_31,PolyX_PolyV_23,null,unknown,V,31,23,8,False,5.881831,6.091692,,,,
null_random,PolyX_linker_PolyEAAAK_40,PolyX_PolyE_33,null,unknown,E,40,33,7,False,3.223987,3.427959,,,,
null_random,PolyX_linker_PolyGGGGS_33,PolyX_PolyK_48,null,unknown,K,33,48,15,False,24.92231,25.160939,,,,
null_random,PolyX_PolyL_25,PolyX_PolyL_20,null,L,L,25,20,5,False,5.770848,5.860436,,,,
null_random,PolyX_linker_PolyGGGGS_23,PolyX_PolyS_50,null,unknown,S,23,50,27,False,7.279203,7.545813,,,,
null_random,PolyX_PolyG_27,PolyX_PolyA_39,null,G,A,27,39,12,False,4.653695,4.881942,,,,
null_random,PolyX_PolyS_33,PolyX_PolyK_47,null,S,K,33,47,14,False,24.575364,24.810766,,,,
null_random,PolyX_PolyE_28,PolyX_PolyF_21,null,E,F,28,21,7,False,8.07177,8.275742,,,,
null_random,PolyX_PolyS_29,PolyX_PolyF_39,null,S,F,29,39,10,False,10.789907,11.009802,,,,
null_random,PolyX_linker_PolyEAAAK_35,PolyX_linker_PolyGGGGS_21,null,unknown,unknown,35,21,14,False,8.88811,9.023513,,,,
null_random,PolyX_PolyK_19,PolyX_PolyF_33,null,K,F,19,33,14,False,10.65299,10.888392,,,,
null_random,PolyX_PolyG_48,PolyX_linker_PolyEAAAK_50,null,G,unknown,48,50,2,False,6.084933,6.239863,,,,
null_random,PolyX_PolyG_32,PolyX_PolyA_21,null,G,A,32,21,11,False,6.898822,7.123067,,,,
null_random,PolyX_PolyF_17,PolyX_PolyV_33,null,F,V,17,33,16,False,8.327598,8.569258,,,,
null_random,PolyX_linker_PolyGGGGS_32,PolyX_PolyS_22,null,unknown,S,32,22,10,False,6.670116,6.890011,,,,
null_random,PolyX_PolyA_47,PolyX_PolyI_29,null,A,I,47,29,18,False,9.748506,9.995728,,,,
null_random,PolyX_PolyI_27,PolyX_PolyI_30,null,I,I,27,30,3,False,5.16223,5.231545,,,,
null_random,PolyX_PolyK_28,PolyX_PolyE_47,null,K,E,28,47,19,False,14.140911,14.390698,,,,
null_random,PolyX_PolyA_42,PolyX_PolyE_46,null,A,E,42,46,4,False,5.391366,5.571838,,,,
null_random,PolyX_PolyK_47,PolyX_PolyV_35,null,K,V,47,35,12,False,24.940426,25.168673,,,,
null_random,PolyX_PolyG_22,PolyX_PolyA_30,null,G,A,22,30,8,False,5.183855,5.393717,,,,
null_random,PolyX_PolyV_39,PolyX_PolyE_34,null,V,E,39,34,5,False,2.894012,3.0836,,,,
null_random,PolyX_PolyE_31,PolyX_PolyV_48,null,E,V,31,48,17,False,5.066626,5.311144,,,,
null_random,PolyX_PolyG_42,PolyX_linker_PolyEAAAK_23,null,G,unknown,42,23,19,False,7.408161,7.657947,,,,
null_random,PolyX_linker_PolyGGGGS_28,PolyX_PolyS_47,null,unknown,S,28,47,19,False,9.482367,9.732154,,,,
null_random,PolyX_PolyI_37,PolyX_PolyK_39,null,I,K,37,39,2,False,20.221574,20.376505,,,,
null_random,PolyX_PolyF_33,PolyX_linker_PolyEAAAK_26,null,F,unknown,33,26,7,False,4.459907,4.663879,,,,
null_random,PolyX_PolyS_11,PolyX_linker_PolyEAAAK_11,null,S,unknown,11,11,0,False,12.997626,13.097626,,,,
null_random,PolyX_PolyI_35,PolyX_linker_PolyEAAAK_44,null,I,unknown,35,44,9,False,6.038274,6.253404,,,,
null_random,PolyX_PolyS_49,PolyX_PolyS_25,null,S,S,49,25,24,False,7.565245,7.726188,,,,
null_random,PolyX_PolyG_48,PolyX_linker_PolyEAAAK_39,null,G,unknown,48,39,9,False,9.664519,9.879648,,,,
null_random,PolyX_PolyF_26,PolyX_PolyA_22,null,F,A,26,22,4,False,8.364543,8.545015,,,,
null_random,PolyX_PolyK_36,PolyX_PolyK_18,null,K,K,36,18,18,False,11.071072,11.218294,,,,
null_random,PolyX_PolyF_45,PolyX_PolyK_17,null,F,K,45,17,28,False,11.632872,11.901237,,,,
null_random,PolyX_PolyK_24,PolyX_PolyE_33,null,K,E,24,33,9,False,14.631359,14.846488,,,,
null_random,PolyX_linker_PolyEAAAK_50,PolyX_PolyF_31,null,unknown,F,50,31,19,False,8.93819,9.187976,,,,
null_random,PolyX_PolyG_27,PolyX_PolyS_46,null,G,S,27,46,19,False,9.714416,9.964202,,,,
null_random,PolyX_PolyV_31,PolyX_PolyF_37,null,V,F,31,37,6,False,4.682391,4.879687,,,,
null_random,PolyX_linker_PolyEAAAK_32,PolyX_PolyA_23,null,unknown,A,32,23,9,False,6.756211,6.97134,,,,
null_random,PolyX_PolyE_31,PolyX_PolyL_18,null,E,L,31,18,13,False,7.970517,8.202469,,,,
null_random,PolyX_PolyK_38,PolyX_PolyV_48,null,K,V,38,48,10,False,15.991496,16.21139,,,,
null_random,PolyX_PolyL_37,PolyX_PolyK_32,null,L,K,37,32,5,False,20.80553,20.995118,,,,
null_random,PolyX_PolyA_43,PolyX_linker_PolyEAAAK_17,null,A,unknown,43,17,26,False,7.194279,7.45907,,,,
null_random,PolyX_PolyL_37,PolyX_PolyL_45,null,L,L,37,45,8,False,4.159659,4.269521,,,,
null_random,PolyX_PolyF_42,PolyX_linker_PolyGGGGS_26,null,F,unknown,42,26,16,False,7.61513,7.856791,,,,
null_random,PolyX_PolyV_44,PolyX_linker_PolyEAAAK_43,null,V,unknown,44,43,1,False,7.577885,7.712543,,,,
null_random,PolyX_PolyE_21,PolyX_PolyG_34,null,E,G,21,34,13,False,5.116149,5.348102,,,,
null_random,PolyX_PolyF_40,PolyX_PolyS_38,null,F,S,40,38,2,False,4.118744,4.273674,,,,
null_random,PolyX_PolyI_31,PolyX_PolyG_29,null,I,G,31,29,2,False,5.302766,5.457697,,,,
null_random,PolyX_PolyA_46,PolyX_linker_PolyGGGGS_23,null,A,unknown,46,23,23,False,9.591915,9.850817,,,,
null_random,PolyX_linker_PolyEAAAK_48,PolyX_PolyA_47,null,unknown,A,48,47,1,False,4.255526,4.390184,,,,
null_random,PolyX_linker_PolyEAAAK_35,PolyX_PolyV_35,null,unknown,V,35,35,0,False,5.097677,5.197677,,,,
null_random,PolyX_PolyV_17,PolyX_PolyA_28,null,V,A,17,28,11,False,5.620788,5.845033,,,,
null_random,PolyX_PolyS_24,PolyX_PolyL_20,null,S,L,24,20,4,False,6.318788,6.49926,,,,
null_random,PolyX_linker_PolyEAAAK_42,PolyX_PolyA_49,null,unknown,A,42,49,7,False,7.8168,8.020772,,,,
null_random,PolyX_PolyI_39,PolyX_PolyF_48,null,I,F,39,48,9,False,7.747352,7.962481,,,,
null_random,PolyX_linker_PolyEAAAK_32,PolyX_PolyV_40,null,unknown,V,32,40,8,False,5.360292,5.570153,,,,
null_random,PolyX_PolyF_20,PolyX_PolyL_50,null,F,L,20,50,30,False,13.128109,13.399808,,,,
null_random,PolyX_PolyF_30,PolyX_PolyF_35,null,F,F,30,35,5,False,8.269226,8.358814,,,,
null_random,PolyX_PolyG_25,PolyX_PolyI_28,null,G,I,25,28,3,False,5.091879,5.261194,,,,
null_random,PolyX_PolyE_7,PolyX_PolyL_7,null,E,L,7,7,0,False,17.73625,17.83625,,,,
null_random,PolyX_PolyV_40,PolyX_linker_PolyGGGGS_43,null,V,unknown,40,43,3,False,8.474478,8.643793,,,,
null_random,PolyX_PolyI_17,PolyX_PolyA_33,null,I,A,17,33,16,False,5.1773,5.41896,,,,
null_random,PolyX_PolyF_36,PolyX_PolyV_18,null,F,V,36,18,18,False,7.55674,7.803962,,,,
null_random,PolyX_PolyF_18,PolyX_PolyK_24,null,F,K,18,24,6,False,19.944208,20.141504,,,,
null_random,PolyX_PolyE_46,PolyX_PolyS_49,null,E,S,46,49,3,False,5.043616,5.212931,,,,
null_random,PolyX_PolyF_22,PolyX_PolyL_46,null,F,L,22,46,24,False,8.950482,9.211426,,,,
null_random,PolyX_PolyF_38,PolyX_PolyF_34,null,F,F,38,34,4,False,5.2804,5.360872,,,,
null_random,PolyX_PolyI_49,PolyX_linker_PolyGGGGS_27,null,I,unknown,49,27,22,False,10.227936,10.484711,,,,
null_random,PolyX_PolyL_38,PolyX_PolyA_49,null,L,A,38,49,11,False,11.557,11.781245,,,,
null_random,PolyX_PolyL_29,PolyX_PolyK_26,null,L,K,29,26,3,False,19.735019,19.904334,,,,
null_random,PolyX_linker_PolyGGGGS_25,PolyX_PolyG_44,null,unknown,G,25,44,19,False,8.29523,8.545016,,,,
null_random,PolyX_PolyF_32,PolyX_PolyK_40,null,F,K,32,40,8,False,19.459626,19.669487,,,,
null_random,PolyX_PolyK_33,PolyX_PolyL_42,null,K,L,33,42,9,False,14.493549,14.708679,,,,
null_random,PolyX_PolyF_37,PolyX_PolyF_49,null,F,F,37,49,12,False,6.838337,6.966584,,,,
null_random,PolyX_linker_PolyGGGGS_20,PolyX_PolyA_18,null,unknown,A,20,18,2,False,8.030653,8.185584,,,,
null_random,PolyX_PolyI_47,PolyX_PolyV_17,null,I,V,47,17,30,False,10.458492,10.730191,,,,
null_random,PolyX_linker_PolyEAAAK_46,PolyX_PolyA_46,null,unknown,A,46,46,0,False,4.329504,4.429504,,,,
null_random,PolyX_PolyK_46,PolyX_linker_PolyEAAAK_18,null,K,unknown,46,18,28,False,25.086728,25.355093,,,,
null_random,PolyX_PolyE_27,PolyX_PolyF_38,null,E,F,27,38,11,False,5.851774,6.076019,,,,
null_random,PolyX_PolyS_32,PolyX_PolyE_44,null,S,E,32,44,12,False,4.997973,5.226221,,,,
null_random,PolyX_PolyA_50,PolyX_linker_PolyEAAAK_27,null,A,unknown,50,27,23,False,7.647917,7.90682,,,,
null_random,PolyX_PolyA_19,PolyX_PolyF_29,null,A,F,19,29,10,False,5.373005,5.5929,,,,
null_random,PolyX_linker_PolyGGGGS_17,PolyX_PolyL_41,null,unknown,L,17,41,24,False,6.656227,6.917171,,,,
null_random,PolyX_PolyI_24,PolyX_PolyG_41,null,I,G,24,41,17,False,8.439641,8.68416,,,,
null_random,PolyX_PolyG_39,PolyX_PolyF_25,null,G,F,39,25,14,False,7.819874,8.055277,,,,
null_random,PolyX_PolyE_23,PolyX_PolyK_33,null,E,K,23,33,10,False,17.626606,17.846501,,,,
null_random,PolyX_PolyA_42,PolyX_PolyL_35,null,A,L,42,35,7,False,5.67581,5.879782,,,,
null_random,PolyX_linker_PolyEAAAK_18,PolyX_PolyG_34,null,unknown,G,18,34,16,False,7.004581,7.246242,,,,
null_random,PolyX_PolyF_37,PolyX_PolyE_36,null,F,E,37,36,1,False,7.088086,7.222743,,,,
null_random,PolyX_PolyK_22,PolyX_PolyF_49,null,K,F,22,49,27,False,18.016058,18.282669,,,,
null_random,PolyX_linker_PolyGGGGS_34,PolyX_PolyG_19,null,unknown,G,34,19,15,False,4.857401,5.096031,,,,
null_random,PolyX_PolyV_29,PolyX_linker_PolyEAAAK_45,null,V,unknown,29,45,16,False,9.343311,9.584972,,,,
null_random,PolyX_PolyA_19,PolyX_PolyA_49,null,A,A,19,49,30,False,9.849399,10.021098,,,,
null_random,PolyX_PolyA_24,PolyX_PolyF_45,null,A,F,24,45,21,False,10.329079,10.583631,,,,
null_random,PolyX_PolyE_22,PolyX_PolyS_38,null,E,S,22,38,16,False,6.367627,6.609288,,,,
null_random,PolyX_PolyG_27,PolyX_linker_PolyEAAAK_23,null,G,unknown,27,23,4,False,4.809956,4.990428,,,,
null_random,PolyX_PolyI_30,PolyX_PolyI_35,null,I,I,30,35,5,False,7.748769,7.838357,,,,
null_random,PolyX_linker_PolyEAAAK_48,PolyX_PolyK_23,null,unknown,K,48,23,25,False,7.594389,7.857294,,,,
null_random,PolyX_PolyE_40,PolyX_PolyG_19,null,E,G,40,19,21,False,12.612479,12.867031,,,,
null_random,PolyX_PolyG_42,PolyX_PolyA_36,null,G,A,42,36,6,False,5.485542,5.682838,,,,
null_random,PolyX_PolyF_28,PolyX_PolyK_41,null,F,K,28,41,13,False,23.13416,23.366113,,,,
null_random,PolyX_PolyV_42,PolyX_PolyG_22,null,V,G,42,22,20,False,6.142261,6.394487,,,,
null_random,PolyX_PolyF_49,PolyX_PolyG_42,null,F,G,49,42,7,False,8.982082,9.186054,,,,
null_random,PolyX_PolyS_39,PolyX_PolyG_33,null,S,G,39,33,6,False,5.258295,5.45559,,,,
null_random,PolyX_linker_PolyEAAAK_21,PolyX_PolyA_48,null,unknown,A,21,48,27,False,10.54561,10.81222,,,,
null_random,PolyX_PolyF_40,PolyX_PolyG_23,null,F,G,40,23,17,False,5.539265,5.783784,,,,
null_random,PolyX_PolyI_44,PolyX_PolyA_50,null,I,A,44,50,6,False,3.701666,3.898961,,,,
null_random,PolyX_PolyF_20,PolyX_PolyA_31,null,F,A,20,31,11,False,4.247569,4.471814,,,,
null_random,PolyX_PolyS_37,PolyX_PolyK_45,null,S,K,37,45,8,False,22.046594,22.256455,,,,
null_random,PolyX_linker_PolyEAAAK_35,PolyX_PolyF_36,null,unknown,F,35,36,1,False,6.069909,6.204567,,,,
null_random,PolyX_PolyE_42,PolyX_PolyA_45,null,E,A,42,45,3,False,7.820246,7.989561,,,,
null_random,PolyX_linker_PolyGGGGS_33,PolyX_PolyF_38,null,unknown,F,33,38,5,False,6.873672,7.06326,,,,
null_random,PolyX_PolyK_33,PolyX_PolyS_28,null,K,S,33,28,5,False,17.855283,18.044871,,,,
null_random,PolyX_PolyL_46,PolyX_PolyF_18,null,L,F,46,18,28,False,9.763634,10.031999,,,,
null_random,PolyX_PolyE_32,PolyX_PolyS_43,null,E,S,32,43,11,False,6.780505,7.004751,,,,
null_random,PolyX_PolyS_30,PolyX_PolyG_19,null,S,G,30,19,11,False,6.4756,6.699845,,,,
null_random,PolyX_linker_PolyEAAAK_17,PolyX_linker_PolyEAAAK_22,null,unknown,unknown,17,22,5,False,6.828148,6.917736,,,,
null_random,PolyX_linker_PolyEAAAK_25,PolyX_PolyK_36,null,unknown,K,25,36,11,False,19.650118,19.874363,,,,
null_random,PolyX_PolyK_24,PolyX_PolyA_43,null,K,A,24,43,19,False,13.648139,13.897926,,,,
null_random,PolyX_PolyE_24,PolyX_linker_PolyEAAAK_17,null,E,unknown,24,17,7,False,4.469939,4.673911,,,,
null_random,PolyX_PolyE_18,PolyX_PolyA_24,null,E,A,18,24,6,False,11.454078,11.651373,,,,
null_random,PolyX_PolyF_17,PolyX_linker_PolyGGGGS_42,null,F,unknown,17,42,25,False,6.676887,6.939792,,,,
null_random,PolyX_PolyV_33,PolyX_PolyK_32,null,V,K,33,32,1,False,21.30301,21.437667,,,,
null_random,PolyX_PolyE_33,PolyX_PolyE_26,null,E,E,33,26,7,False,7.236815,7.340787,,,,
null_random,PolyX_PolyE_50,PolyX_PolyA_38,null,E,A,50,38,12,False,5.776278,6.004526,,,,
null_random,PolyX_PolyV_24,PolyX_PolyA_48,null,V,A,24,48,24,False,9.940114,10.201058,,,,
null_random,PolyX_PolyK_29,PolyX_PolyL_21,null,K,L,29,21,8,False,23.113493,23.323354,,,,
null_random,PolyX_PolyS_45,PolyX_PolyF_31,null,S,F,45,31,14,False,6.06709,6.302492,,,,
null_random,PolyX_PolyI_50,PolyX_PolyG_48,null,I,G,50,48,2,False,8.047204,8.202134,,,,
null_random,PolyX_linker_PolyEAAAK_30,PolyX_PolyV_43,null,unknown,V,30,43,13,False,3.634733,3.866686,,,,
null_random,PolyX_PolyL_33,PolyX_linker_PolyGGGGS_47,null,L,unknown,33,47,14,False,6.961316,7.196718,,,,
null_random,PolyX_PolyL_47,PolyX_PolyF_22,null,L,F,47,22,25,False,9.586153,9.849058,,,,
null_random,PolyX_PolyF_23,PolyX_PolyF_25,null,F,F,23,25,2,False,6.447874,6.502805,,,,
null_random,PolyX_PolyG_29,PolyX_PolyF_20,null,G,F,29,20,9,False,5.513101,5.72823,,,,
null_random,PolyX_PolyS_27,PolyX_PolyS_40,null,S,S,27,40,13,False,9.068968,9.200921,,,,
null_random,PolyX_PolyK_41,PolyX_PolyF_49,null,K,F,41,49,8,False,19.077163,19.287024,,,,
null_random,PolyX_PolyV_33,PolyX_PolyV_20,null,V,V,33,20,13,False,5.873094,6.005047,,,,
null_random,PolyX_linker_PolyEAAAK_43,PolyX_PolyF_43,null,unknown,F,43,43,0,False,7.712068,7.812068,,,,
null_random,PolyX_PolyK_18,PolyX_PolyI_36,null,K,I,18,36,18,False,12.747508,12.99473,,,,
null_random,PolyX_PolyE_50,PolyX_PolyS_32,null,E,S,50,32,18,False,6.81641,7.063632,,,,
null_random,PolyX_PolyL_7,PolyX_PolyI_7,null,L,I,7,7,0,False,16.28019,16.38019,,,,
null_random,PolyX_PolyG_23,PolyX_PolyS_35,null,G,S,23,35,12,False,3.879858,4.108106,,,,
null_random,PolyX_PolyA_22,PolyX_PolyG_31,null,A,G,22,31,9,False,5.627464,5.842594,,,,
null_random,PolyX_PolyG_39,PolyX_PolyI_27,null,G,I,39,27,12,False,8.601891,8.830139,,,,
null_random,PolyX_linker_PolyGGGGS_49,PolyX_PolyI_26,null,unknown,I,49,26,23,False,7.22122,7.480122,,,,
null_random,PolyX_linker_PolyGGGGS_32,PolyX_PolyS_25,null,unknown,S,32,25,7,False,2.218533,2.422505,,,,
null_random,PolyX_PolyI_20,PolyX_PolyK_49,null,I,K,20,49,29,False,32.943036,33.213096,,,,
null_random,PolyX_PolyF_34,PolyX_PolyK_34,null,F,K,34,34,0,False,18.629231,18.729231,,,,
null_random,PolyX_PolyG_22,PolyX_PolyI_41,null,G,I,22,41,19,False,6.426875,6.676662,,,,
null_random,PolyX_PolyF_23,PolyX_PolyK_25,null,F,K,23,25,2,False,22.060472,22.215403,,,,
null_random,PolyX_linker_PolyEAAAK_48,PolyX_PolyK_50,null,unknown,K,48,50,2,False,22.719115,22.874046,,,,
null_random,PolyX_PolyF_21,PolyX_PolyV_36,null,F,V,21,36,15,False,6.495659,6.734289,,,,
null_random,PolyX_PolyS_49,PolyX_PolyL_17,null,S,L,49,17,32,False,9.54805,9.822875,,,,
null_random,PolyX_PolyE_50,PolyX_PolyS_27,null,E,S,50,27,23,False,8.774039,9.032942,,,,
null_random,PolyX_PolyE_21,PolyX_linker_PolyEAAAK_38,null,E,unknown,21,38,17,False,6.081506,6.326025,,,,
null_random,PolyX_PolyK_33,PolyX_linker_PolyGGGGS_49,null,K,unknown,33,49,16,False,15.784937,16.026598,,,,
null_random,PolyX_PolyE_27,PolyX_PolyF_24,null,E,F,27,24,3,False,4.372981,4.542296,,,,
null_random,PolyX_PolyV_33,PolyX_PolyE_22,null,V,E,33,22,11,False,5.612681,5.836926,,,,
null_random,PolyX_PolyE_31,PolyX_PolyK_27,null,E,K,31,27,4,False,13.033553,13.214025,,,,
null_random,PolyX_PolyV_28,PolyX_PolyG_17,null,V,G,28,17,11,False,5.97933,6.203576,,,,
null_random,PolyX_PolyL_35,PolyX_PolyG_27,null,L,G,35,27,8,False,5.177172,5.387033,,,,
null_random,PolyX_PolyG_28,PolyX_PolyL_30,null,G,L,28,30,2,False,8.64811,8.803041,,,,
null_random,PolyX_PolyK_37,PolyX_linker_PolyEAAAK_26,null,K,unknown,37,26,11,False,19.815667,20.039912,,,,
null_random,PolyX_PolyL_36,PolyX_linker_PolyEAAAK_42,null,L,unknown,36,42,6,False,7.524675,7.721971,,,,
null_random,PolyX_PolyE_25,PolyX_PolyI_29,null,E,I,25,29,4,False,6.452648,6.63312,,,,
null_random,PolyX_PolyF_24,PolyX_PolyK_33,null,F,K,24,33,9,False,19.913493,20.128622,,,,
null_random,PolyX_linker_PolyGGGGS_34,PolyX_PolyF_49,null,unknown,F,34,49,15,False,8.917607,9.156237,,,,
null_random,PolyX_PolyF_20,PolyX_PolyK_40,null,F,K,20,40,20,False,22.791387,23.043614,,,,
null_random,PolyX_PolyK_31,PolyX_PolyS_18,null,K,S,31,18,13,False,21.370866,21.602819,,,,
null_random,PolyX_PolyI_33,PolyX_PolyK_44,null,I,K,33,44,11,False,21.489297,21.713543,,,,
null_random,PolyX_PolyE_37,PolyX_PolyS_24,null,E,S,37,24,13,False,9.364406,9.596359,,,,
null_random,PolyX_linker_PolyEAAAK_48,PolyX_PolyV_32,null,unknown,V,48,32,16,False,7.927989,8.169649,,,,
null_random,PolyX_PolyS_24,PolyX_PolyF_28,null,S,F,24,28,4,False,7.546601,7.727073,,,,
null_random,PolyX_PolyV_41,PolyX_PolyS_19,null,V,S,41,19,22,False,7.204901,7.461676,,,,
null_random,PolyX_PolyS_37,PolyX_PolyE_18,null,S,E,37,18,19,False,9.509533,9.75932,,,,
null_random,PolyX_PolyF_26,PolyX_PolyS_30,null,F,S,26,30,4,False,5.771304,5.951776,,,,
null_random,PolyX_PolyV_39,PolyX_PolyG_21,null,V,G,39,21,18,False,5.030847,5.278069,,,,
null_random,PolyX_PolyK_38,PolyX_PolyK_46,null,K,K,38,46,8,False,4.741671,4.851532,,,,
null_random,PolyX_linker_PolyGGGGS_48,PolyX_PolyK_22,null,unknown,K,48,22,26,False,17.369266,17.634058,,,,
null_random,PolyX_PolyK_24,PolyX_PolyV_33,null,K,V,24,33,9,False,15.91268,16.127809,,,,
null_random,PolyX_linker_PolyEAAAK_32,PolyX_PolyI_46,null,unknown,I,32,46,14,False,6.720164,6.955567,,,,
null_random,PolyX_PolyG_46,PolyX_PolyG_50,null,G,G,46,50,4,False,3.492391,3.572863,,,,
null_random,PolyX_PolyG_22,PolyX_PolyK_35,null,G,K,22,35,13,False,16.783192,17.015145,,,,
null_random,PolyX_PolyG_27,PolyX_PolyF_40,null,G,F,27,40,13,False,4.865307,5.097259,,,,
null_random,PolyX_PolyS_40,PolyX_PolyL_39,null,S,L,40,39,1,False,9.682191,9.816848,,,,
null_random,PolyX_PolyI_43,PolyX_linker_PolyGGGGS_44,null,I,unknown,43,44,1,False,7.539341,7.673998,,,,
null_random,PolyX_PolyI_31,PolyX_linker_PolyGGGGS_39,null,I,unknown,31,39,8,False,5.589714,5.799575,,,,
null_random,PolyX_PolyF_26,PolyX_linker_PolyGGGGS_41,null,F,unknown,26,41,15,False,9.198378,9.437008,,,,
null_random,PolyX_PolyA_29,PolyX_PolyS_19,null,A,S,29,19,10,False,6.016706,6.236601,,,,
null_random,PolyX_PolyS_40,PolyX_PolyK_21,null,S,K,40,21,19,False,10.010335,10.260122,,,,
