seq_id,category,aa_type,n,n_samples,n_residues,PR,A_C,eff_rank_95,eff_rank_99,spectral_decay,entropy,total_variance,pseudo_volume,mean_rmsf,max_rmsf,rmsf_cv,local_stiffness,fluct_range_ratio,rmsf_entropy,mardia_skewness,mardia_kurtosis,mean_pc_skewness,mean_pc_kurtosis,corr_dim,mean_knn_dist,cv_knn_dist,condition_number,spectral_gap,spectral_gap_ratio,fisher_trace,fisher_logdet,mean_mi_pc3,js_divergence,effective_diffusion,relaxation_time,lyapunov_proxy,convective_ratio,contact_order,clustering_coeff,modularity,betweenness_cv,mean_pairwise_dist,top5_ratio,space
PolyX_PolyA_10,L1_hydrophobic,A,10.0,250,10,2.999063711426976,0.3644786831877048,3.0,3.0,4.6855859403957645,1.1188548176329842,11877.005553020052,0.1384405645840679,34.393903732299805,34.63133239746094,0.0027763903491233,0.9481092837147398,1.005260706703124,1.834371970281624,703.873772217803,1461.0254054606185,2.135274595580995,28.854126310348512,1.176152023340553,55.30704912567138,0.3997014470336091,1131190.4082002027,3419.475015184323,0.7899149656006464,1991.944993059908,-59.31942526195559,0.0402979696971523,0.0083399698297461,0.0127447890532604,1.5735113418632276,0.0276240464299917,0.0080995851211082,3.3,1.0,0.0,0.0,,,
PolyX_PolyA_11,L1_hydrophobic,A,11.0,250,11,2.9576563564438176,0.3832237555301158,3.0,3.0,4.266923462759744,1.0960301155555243,11961.938411359626,0.0852917812864493,32.91045379638672,32.968544006347656,0.0010439268544899,0.9869637979492218,1.0023229639256002,1.8462202193217463,154.61435844865494,1124.5071887469812,0.0570323877036571,-0.1702081203460693,1.1724246792491737,55.1779090423584,0.3879684931923146,1195851.2345844177,3368.3271711594825,0.7347850034448686,2441.02328708714,-81.23534668981003,0.0297695975424941,0.0070510850722809,0.0102229625142125,1.621333520812713,0.0026268840301781,0.0063052804264835,3.636363636363636,1.0,0.0,0.0,,,
PolyX_PolyA_12,L1_hydrophobic,A,12.0,250,12,2.9967784189509907,0.372717025298011,3.0,3.0,4.367923064458749,1.1171286236587608,13001.02148409629,0.1028635340677969,32.84933121999105,33.08823013305664,0.0024019109288152,0.9692380501656412,1.0035355347171593,1.3143738430069454,819.0828186841152,1834.3838367093929,2.60490108653903,32.76385481357575,1.172889511237859,56.893420738220215,0.3847214671168685,1520772.825847507,3871.4545865459822,0.798946064758404,2692.843647259152,-81.87667465334259,0.022557745082091,0.0097650180351128,0.0020707883354031,1.594176855310129,0.066427432000637,0.0012989702669283,3.9722222222222223,1.0,0.0,0.0,,,
PolyX_PolyA_13,L1_hydrophobic,A,13.0,250,13,3.0090569504669875,0.3674118913210696,3.0,3.0,4.261181095729691,1.1329824125996175,13323.84471042836,0.0899653312109945,31.94876612149752,32.654876708984375,0.0092753757238341,0.9292202869341246,1.0215663735678668,0.8305178252872563,570.4670489959157,1867.6940608343564,1.6493402605876326,24.53480014801025,1.173894356998674,57.25357332611084,0.4009639504958453,1986749.849570172,3628.13241814308,0.7411401803762162,3185.2379786411,-93.9249044551148,0.0329573800464982,0.0081801009316174,0.0259048771792028,1.5808074579339737,0.0540234968066215,0.0163871172593153,4.307692307692308,1.0,0.0,0.0,,,
PolyX_PolyA_14,L1_hydrophobic,A,14.0,250,14,2.9721698753785644,0.3759092426586641,3.0,3.0,3.957979058172511,1.1016650064214464,12318.914953758056,0.0699727314924647,29.604098592485705,29.62052154541016,0.0004064106122626,0.9886073804865708,1.000816863858666,2.10657733323214,663.8177932198153,2121.2477742522,1.059058491839096,8.923117566108704,1.1732491901007769,55.659765365600585,0.4003947287133375,1764763.0203506493,3553.153809369593,0.7672882483108913,3652.083622632793,-111.7052854779617,0.0342984779582591,0.0176685372863853,0.0104702596795102,1.6023310523938217,0.0577966570854187,0.0065343922925382,4.642857142857143,1.0,0.0,0.0,,,
PolyX_PolyA_15,L1_hydrophobic,A,15.0,250,15,2.985141946225609,0.3694687255533353,3.0,3.0,3.9097533659432098,1.10605696747966,11722.678735857726,0.0671870464319559,27.899419403076173,28.05223846435547,0.0032553705497568,0.9785660310548042,1.0081993631308748,2.0791512728828865,928.8296931627016,2553.031037228733,1.8048368372488768,21.12882263660431,1.1715377776099842,54.566564743042,0.3848409055200667,2386470.0082952,3489.3634944935466,0.8056411997038664,4251.278937985553,-121.512366090871,0.0297498425204294,0.0122097081727555,-0.0046403709809809,1.5859641551920958,0.0006860435241833,-0.0029258990283587,4.977777777777778,1.0,0.0,0.0,,,
PolyX_PolyA_16,L1_hydrophobic,A,16.0,250,16,2.974885648767306,0.3650061956568377,3.0,3.0,3.825416845001356,1.1033438787888803,12478.43720854759,0.0512301270659995,27.870800733566284,27.95203018188477,0.0012367249164202,0.987047784146554,1.0029538022302664,2.306668725404531,632.60411112948,2620.100504370356,0.0970271910540759,0.5900712728500366,1.169214040446834,55.43109088897705,0.3780923956579902,2583879.659150712,3545.199187405998,0.7783594577011849,5514.791745546292,-142.6285194836263,0.0242478640490486,0.0077089616165037,-0.0052583926373251,1.5748185150159069,-0.0364777967333793,-0.0033390467452931,5.3125,1.0,0.0,0.0,,,
PolyX_PolyA_17,L1_hydrophobic,A,17.0,250,17,2.9904071136604387,0.3564299609380695,3.0,3.0,3.751752609029923,1.1062645160571152,13004.005485468404,0.0520446149668823,27.60218193951775,27.694578170776367,0.0012864758055134,0.9843454882037302,1.0028986182396824,2.2823743761592623,985.9182678476936,3182.4007009432567,0.1712485247291624,0.8715998649597168,1.1750660734450125,57.10118653869629,0.3679616363757158,2641683.5263232966,3869.445717900626,0.8348287780384117,5784.313817782082,-150.73835077611832,0.030163398006189,0.0076306107332828,-0.0140234310951754,1.553832433619195,-0.0638656243681907,-0.0090250600971235,5.647058823529412,1.0,0.0,0.0,,,
PolyX_PolyA_18,L1_hydrophobic,A,18.0,250,18,2.944424418176791,0.3962520014555514,3.0,3.0,3.7848977767400935,1.1008144085699303,11759.326847504792,0.0451854231705345,25.50846725040012,25.58524513244629,0.0011501814389183,0.9875537742766776,1.0029619883882634,2.1100165533754502,1201.502019206099,3650.6211461322814,1.0323253490030766,11.538292741775512,1.1722428404166798,54.58743840026855,0.3626013163828994,3899420.779318551,3231.800321034377,0.6935704624561425,7718.642691513884,-167.23695920893203,0.0516125073800932,0.0107678152937286,-0.0109588829964852,1.6563201905610605,0.046349037438631,-0.0066164036750112,5.981481481481482,1.0,0.0,0.0,,,
PolyX_PolyA_19,L1_hydrophobic,A,19.0,250,19,3.004421404302421,0.3772504058533136,3.0,3.0,3.968052962118355,1.1315218812693115,13223.8310919839,0.0450944200473852,26.32687749360737,27.68130874633789,0.0121706739007808,0.918618258430302,1.0028655315292616,0.708018976056273,1754.2555277309082,4420.186644894374,2.4913712725043298,34.66422235965729,1.170793164048273,57.65219332885742,0.4071556146043885,4428798.590107166,3760.984745675348,0.7539014227896426,9273.09753625067,-176.64281462838642,0.0396480934164661,0.0089115059100135,-0.0178264502110835,1.6057818574257532,-0.0411766991019248,-0.011101414633337,6.315789473684211,1.0,0.0,0.0,,,
PolyX_PolyA_20,L1_hydrophobic,A,20.0,250,20,2.9859174279474288,0.3617619292157843,3.0,3.0,3.7973704736803606,1.110890301948572,12653.6586323545,0.038474427987229,25.102742385864257,25.291587829589844,0.0026791581094026,0.9813892645180308,1.005996824328065,2.220636797977255,1780.3440235504074,4760.6753899508285,1.1039755195728502,12.843778920173644,1.171149101497739,55.90157437133789,0.3450755832201263,4634118.335578864,3645.591004884961,0.7963958146632979,10052.942055031584,-195.4656869843617,0.0268167469651659,0.0083330338934238,0.0159098437049788,1.5668134600170127,-0.0181714296340942,0.010154267952096,6.65,1.0,0.0,0.0,,,
PolyX_PolyA_21,L1_hydrophobic,A,21.0,250,21,2.9971147827781257,0.3609762519925195,3.0,3.0,3.732517998891075,1.1146793782633315,11625.261514871763,0.0353573749905961,23.481217883882067,23.63981056213379,0.0018800933956417,0.9868127702480528,1.0033063660622008,1.9546458666826176,2140.510959559278,5323.02722093469,1.0875452546402813,12.90109851360321,1.1702459245762395,53.84107420349121,0.3254790390271976,6105975.867714659,3464.456925007468,0.82556981055398,12022.59848031732,-210.5616404796111,0.0430424668997569,0.0098806562650365,-8.907159517701431e-06,1.56488706893612,-0.0199233386665582,-5.691886458738346e-06,6.984126984126984,1.0,0.0,0.0,,,
PolyX_PolyA_22,L1_hydrophobic,A,22.0,250,22,3.017746938242958,0.3507601258932319,3.0,3.0,3.864406664526317,1.1258849473354886,11994.45120052476,0.0327488284692607,23.3026553067294,23.614229202270508,0.0037843828749484,0.9714601944817772,1.006645315587026,2.134356682630383,3244.5343812715187,6587.338818779892,2.5382966600358485,32.52338285446167,1.1750133491540191,55.53076291656494,0.3929634285933992,8447614.656630533,3751.937711852169,0.8917949744890887,16251.637542530138,-225.6466122801709,0.0234787789530443,0.008883058296746,-0.0021901643988695,1.540262759393532,0.081298679113388,-0.0014219420585028,7.318181818181818,1.0,0.0,0.0,,,
PolyX_PolyA_23,L1_hydrophobic,A,23.0,250,23,2.9591334590364773,0.395567334957207,3.0,3.0,3.696375893404853,1.107210258935052,12793.427642705276,0.0278572064413717,23.53737217447032,23.65605354309082,0.0023934937803527,0.9904843622841344,1.0058506439292871,2.315191266077824,3205.922777753746,6812.043324148687,0.2273438549600541,1.1022634029388427,1.1697649214362338,56.673012008666994,0.3509187351260804,10094606.341042014,3728.6530483776673,0.7367915484590664,17440.398326746887,-247.0657857570734,0.0273332886018879,0.0068518110732646,0.004423864687226,1.654444006478706,-0.0739769116044044,0.0026739283225271,7.6521739130434785,1.0,0.0,0.0,,,
PolyX_PolyA_24,L1_hydrophobic,A,24.0,250,24,2.969697272166093,0.3871116332922918,3.0,3.0,3.7728480285260986,1.1106036132258674,12512.308012138335,0.0211086399780424,22.787235657374065,22.92416954040528,0.0022731296628133,0.982152193133028,1.0052926141517795,2.347580113704495,4495.648259386328,8120.484972722892,0.6472737257368862,5.4994056224823,1.1708058738781042,55.58721308135986,0.379030055395686,16426785.883134548,3580.179806971437,0.7391476308712113,29174.416426618067,-277.7812418994028,0.0225884892364063,0.0052421586505029,-0.0062740177257832,1.6316185039891755,-0.0978675782680511,-0.0038452724764148,7.986111111111111,1.0,0.0,0.0,,,
PolyX_PolyA_25,L1_hydrophobic,A,25.0,250,25,2.9684873590830114,0.3887121964746688,3.0,3.0,3.7405210999709406,1.1113707858593802,12959.476838933628,0.0221372462716575,22.72225845336914,22.876108169555664,0.0029595941703252,0.97767060249887,1.0066340964700722,2.522417744211444,4593.158528668304,8526.319141407157,0.2326952183619141,1.6270811796188354,1.1694870742318118,57.44720398712158,0.3488745335566224,14360495.4750135,3703.8610550994167,0.7352567987229798,26263.04101334336,-285.78702768003967,0.0271395201954993,0.011045046937598,-0.0126625294537699,1.6358906463255831,-0.057352028787136,-0.0077404498163966,8.32,1.0,0.0,0.0,,,
PolyX_PolyA_26,L1_hydrophobic,A,26.0,250,26,3.010790955241564,0.3518342039241339,3.0,3.0,3.7795052800174367,1.119824663466666,12768.827250383158,0.0173827359248789,22.116513105539177,22.282451629638672,0.002916655493308,0.9814976255563196,1.0073024735082885,2.5045745716425385,6447.11397714963,10057.834526474551,0.3526238121092319,2.4371116280555727,1.168003529272888,57.04500452423096,0.328720243113259,26377317.7334888,3956.56822043512,0.8807032305133982,41444.15150522121,-316.0776606314166,0.0290820674557713,0.0108235161269906,0.0107236544739853,1.5428151347297454,0.0216118767857551,0.0069507060385227,8.653846153846153,1.0,0.0,0.0,,,
PolyX_PolyA_27,L1_hydrophobic,A,27.0,250,27,2.992195306510872,0.371276604815341,3.0,3.0,3.711936052888983,1.1195150953369866,12547.50034896506,0.0191856042557016,21.514210453739874,21.649768829345703,0.0021253506262487,0.985406729036658,1.0048682967983769,2.361208196518748,6787.505333294836,10632.795278551364,0.8337271764874459,7.468425917625427,1.1751401949644404,56.838888526916506,0.3947993374853119,19307442.247308955,3633.9203915382272,0.7800467083744175,38630.771644876,-320.2411959576971,0.0296280271174513,0.0063418085487315,0.0039383090714779,1.5905245576336402,0.0336610972881317,0.0024761070505504,8.987654320987655,1.0,0.0,0.0,,,
PolyX_PolyA_28,L1_hydrophobic,A,28.0,250,28,2.985914900832032,0.3690181451904913,3.0,3.0,3.806194175187803,1.1189940789826198,12228.367489506012,0.0130796231280687,20.855889184134348,21.12436294555664,0.0053368438978796,0.9842425530192932,1.012341259733577,2.512324886571705,8598.929887788106,11910.132605270996,0.8633275093510747,9.322745478153228,1.1708074011486798,55.02270394134521,0.3502259221919035,39170243.95768316,3434.321078826705,0.7610701557703305,77127.1011300728,-364.28277096963774,0.0337996620480732,0.014244443857371,0.0231552365658435,1.584831627689035,0.0655829384922981,0.014610534115947,9.321428571428571,1.0,0.0,0.0,,,
PolyX_PolyA_29,L1_hydrophobic,A,29.0,250,29,2.9600563751693234,0.3948160512790593,3.0,3.0,3.87212554888574,1.114507832027667,13076.748441249443,0.0090728430434093,21.192142420801623,21.442035675048828,0.0051209134732445,0.9785580077392402,1.012459037542282,2.5780748647500475,9357.84364129372,12451.33570632549,0.4580988364294171,3.6123730301857,1.1775053633545238,57.68441822814941,0.4219477955924591,71439175.50861743,3612.0001425677465,0.699605457859892,143023.04451333772,-409.1148416146455,0.0289244394545275,0.0076476158272317,0.018155338564374,1.6523901569324582,0.1502511352300644,0.0109873194820884,9.655172413793103,1.0,0.0,0.0,,,
PolyX_PolyA_30,L1_hydrophobic,A,30.0,250,30,3.0117375291936943,0.3623880251402224,3.0,3.0,3.834063971856192,1.1265925739756626,12036.501570142553,0.0082480845465037,19.99006277720133,20.24376106262207,0.0048082143695577,0.9808613251991596,1.0118097382692175,2.3383717048035457,9750.800204131054,13000.170128455093,0.2588815907016396,1.8674073100090027,1.1691096750438674,55.04312871551514,0.3467488855560082,67852991.0471163,3655.439335841358,0.8380413847966172,159284.3771567254,-431.79966943407726,0.0422682381137275,0.0060157995186116,0.004558070773475,1.568351974913768,-0.0549490042030811,0.0029062805072407,9.988888888888887,1.0,0.0,0.0,,,
PolyX_PolyA_31,L1_hydrophobic,A,31.0,250,31,2.992358021576396,0.3827475206016695,3.0,3.0,3.915976065440709,1.1240617190559588,12579.700587861464,0.0057756193616466,20.10378296144547,20.36126136779785,0.0053370500416291,0.9863245841558118,1.0134102811679135,2.3595252752470515,9682.211839974609,13002.918403042033,0.7435325440019369,7.917774868011475,1.1686935576288158,56.7418353881836,0.3887367125672875,95018527.05801174,3788.7054377627546,0.7868793543857154,264964.8919264555,-479.3321830097348,0.0276114556432145,0.0106640518070279,0.0027192107349423,1.6200825972781094,-0.0875229910016059,0.001678439568046,10.32258064516129,1.0,0.0,0.0,,,
PolyX_PolyA_32,L1_hydrophobic,A,32.0,250,32,2.983796805624128,0.3870534714477451,3.0,3.0,3.884134220537217,1.1242505543955832,12278.273324909407,0.0058274346967905,19.548912942409515,19.63432884216309,0.0018178147612963,0.9872427481101504,1.0044023024847233,2.6368908111918614,10370.159101519015,13796.492138219532,0.1657902617007494,2.919824683666229,1.1708750448412744,56.13424642181396,0.3817814480876063,111695442.5425013,3515.5761962510187,0.7397555827398989,262107.4442289516,-493.9370995352749,0.0357737738919356,0.0146571324538223,0.0145398667810123,1.6314636814437038,0.1909650862216949,0.0089121608684875,10.65625,1.0,0.0,0.0,,,
PolyX_PolyA_33,L1_hydrophobic,A,33.0,250,33,3.025383420638368,0.3558559605710937,3.0,3.0,3.929644718157904,1.1343339787041131,11633.447603771694,0.0045758011438353,18.73808259674997,18.88373565673828,0.0028531995294083,0.983728667707747,1.0069367024548448,2.559095514374727,10010.467612902065,13746.01640421254,0.5787668790668249,5.0316652178764345,1.168553991458653,54.94247978973389,0.3424132834504789,106993657.45528334,3614.0264334242497,0.8729887396263144,340378.61235572083,-533.3103406949745,0.0203872971585912,0.0141114097562603,0.0253873172146182,1.5524478048210977,0.0268673487007617,0.0163530890598338,10.98989898989899,1.0,0.0,0.0,,,
PolyX_PolyA_34,L1_hydrophobic,A,34.0,250,34,3.0122888310182074,0.370432483681908,3.0,3.0,3.98628283074939,1.1312790513761215,13235.608768713908,0.0038859649421838,19.69058171440573,19.896791458129883,0.0040865485214391,0.9851090087789498,1.0107923149928797,2.476773752551664,10018.07321308696,14040.804711891593,0.4637194512150017,5.221319115161895,1.1696661254532277,58.65835992431641,0.33987780680183,116893201.67925572,4049.002277324216,0.8258383301071608,397681.4933341094,-566.1391231087481,0.0183129829711735,0.0087097718972458,-0.0137031035693206,1.5883919898668106,0.1390654146671295,-0.0086270288794436,11.323529411764708,1.0,0.0,0.0,,,
PolyX_PolyA_35,L1_hydrophobic,A,35.0,250,35,2.959022948797455,0.3960940168036239,3.0,3.0,3.907129755678458,1.125530864248352,12750.025113422951,0.004217951876194,19.047772107805525,19.307449340820312,0.0056696310637694,0.9872110210055326,1.0146488954827375,2.50253157266557,10874.457496515028,14953.648512547976,0.531922820629552,4.637076377868652,1.1689318444295866,56.97347605895996,0.3415436677551444,152547694.50458303,3331.202743180296,0.6596168527769001,397163.0702914744,-574.1825489296906,0.0241650867013136,0.008410263736886,-0.0021492607867968,1.6558868893915617,0.0088006975129246,-0.0012979514485175,11.657142857142857,1.0,0.0,0.0,,,
PolyX_PolyA_36,L1_hydrophobic,A,36.0,250,36,3.004575288208483,0.3688342641959295,3.0,3.0,4.093971591702671,1.135224709364965,12526.347111321047,0.002653092079114,18.616111013624405,18.74483108520508,0.0027785413051871,0.984566200681832,1.0068326141585675,2.6396921917667684,10214.958803238862,14821.82260718102,0.2556220291182399,2.454142928123474,1.1699989399276685,56.82368691253662,0.3472148078082574,200374597.00752905,3492.2028046017526,0.7558641630773293,569856.9459327422,-640.6591286808892,0.0300238125892165,0.0130520684163729,0.0185658542933462,1.584369909950918,-0.1106652170419693,0.0117181310851514,11.99074074074074,1.0,0.0,0.0,,,
PolyX_PolyA_37,L1_hydrophobic,A,37.0,250,37,2.9711232105917063,0.3933262806751761,3.0,3.0,4.179638537328188,1.128496806672373,14212.520965613228,0.0022203779224167,19.559628563958245,19.806676864624023,0.0041612910033986,0.9838803978398216,1.0101497018459902,2.212103992709592,9587.095627693596,14785.217841441525,0.5154589446727187,4.604599118232727,1.170366850578972,61.031078010559085,0.3564367880457806,225520859.2542001,3800.787117733587,0.6799069204568421,635042.5983935884,-678.2185792049861,0.0252317235745436,0.0030852004363156,-0.0040089243089548,1.6483324860567798,-0.0091494573280215,-0.0024321090208577,12.324324324324325,1.0,0.0,0.0,,,
PolyX_PolyA_38,L1_hydrophobic,A,38.0,250,38,3.0035580258131627,0.3856248597506793,3.0,3.0,3.969908925310383,1.141184932644444,12615.547834897883,0.0029674899968584,18.18335151672364,18.583240509033203,0.0088468773489937,0.9785376194838118,1.02181434003881,2.465823934445409,11706.4019164631,16399.443665688086,1.7441670920699834,23.535836744308472,1.1672536927171044,56.87048411560058,0.350221120077117,171970454.24531844,3597.866640668777,0.739560868107964,588560.0547409428,-663.4843646202125,0.0368142569806703,0.007924336158481,-0.002330384950987,1.627670025180687,0.0074517531320452,-0.0014317305810095,12.657894736842104,1.0,0.0,0.0,,,
PolyX_PolyA_39,L1_hydrophobic,A,39.0,250,39,3.030360765211777,0.3629013750166017,3.0,3.0,4.418486987252207,1.1456221122514998,12864.469650706707,0.001624219803302,18.12522110572228,18.4569091796875,0.0067851604783358,0.9849385987462675,1.01718143271714,2.2327726840832174,9829.189030083018,15657.18804629308,1.3642132205888629,17.28273277282715,1.1689452098889015,58.35031756591797,0.3790450079934702,219102928.42740908,3784.5623256917233,0.8106533118404333,787580.4067723015,-751.4590620842137,0.0233366651583097,0.0072508596095712,0.0178550837058539,1.5696156933725265,0.0921358317136764,0.0113754492772382,12.991452991452991,1.0,0.0,0.0,,,
PolyX_PolyA_4,L1_hydrophobic,A,4.0,250,4,2.974911512307812,0.3767539558570562,3.0,3.0,6.446544531609205,1.0985196811053717,11948.42907718486,1.4077204285239049,54.54494857788086,54.68788528442383,0.001559677771002,0.930427797174047,1.0028876627596082,0.5623351446188083,684.1032554550333,853.0312041469589,2.049356347322464,31.69340534210205,1.169565777370582,54.9475056955069,0.3712310973161496,593933.3766360597,3561.514616046587,0.7911632391873167,335.8306831801562,4.103660178392435,0.0240487706798907,0.0078370199721104,-0.0044712208423825,1.6045027632307702,0.0498405620455741,-0.0027866707023307,1.25,1.0,0.0,0.0,,,
PolyX_PolyA_40,L1_hydrophobic,A,40.0,250,40,3.0095675792313874,0.3862861795241603,3.0,3.0,4.310986108216498,1.1476730766795766,11751.674765547028,0.001516593890869,17.10525550842285,17.478355407714844,0.0095938783517803,0.9849327756205338,1.0248254225198874,2.521202362361162,10544.353866879805,16475.107194478984,0.7660849563311786,6.882432246208191,1.1690741980793815,56.26831086730957,0.395343944024946,206480691.9871072,3287.569566468336,0.7242125017176188,864600.897445556,-778.9545119176514,0.0407665358660346,0.0073573544151114,0.0118557332684466,1.6294239540257631,0.0232830662280321,0.0072760273582743,13.325,1.0,0.0,0.0,,,
PolyX_PolyA_41,L1_hydrophobic,A,41.0,250,41,3.0183153904770714,0.3855829218041628,3.0,4.0,4.471511552893118,1.1517814823338277,11606.66478934843,0.0011947648181256,16.790897927633146,17.166540145874023,0.0089893266017421,0.9809380643083888,1.0227528026503263,2.551199958854532,10529.151529652314,16865.29731078234,0.2114873079583049,2.3790950536727906,1.1662456305617703,56.18125492095948,0.3703604645147763,227304931.3973626,3321.3526024812604,0.7421466851818446,1037656.747959155,-827.7660241345999,0.0269594733476899,0.0080357353452553,0.0064983752473763,1.627558926155473,-0.0692445933818817,0.0039927127322678,13.658536585365852,1.0,0.0,0.0,,,
PolyX_PolyA_42,L1_hydrophobic,A,42.0,250,42,3.0159348113141133,0.3850648643815149,3.0,4.0,4.51505072984633,1.1518517446972918,12239.074886813098,0.0010876009449461,17.036141895112536,17.322662353515625,0.0060980965644695,0.9857581077677664,1.015289389978203,2.56471114226817,10923.83198669801,17474.39297572012,0.6140064527280629,5.543896317481995,1.1666642564011085,57.035862144470215,0.3220289770855022,279079874.01586974,3417.965753038941,0.7252457993064045,1199728.918140655,-859.7962830487038,0.0180962122807218,0.0065363726611014,-0.0105739239555167,1.6261877750638318,-0.0429018661379814,-0.0065022773612054,13.992063492063492,1.0,0.0,0.0,,,
PolyX_PolyA_43,L1_hydrophobic,A,43.0,250,43,3.055069237824639,0.3516480583546457,3.0,4.0,4.625174019226297,1.1602193160736425,12634.24965202861,0.0009561067310989,17.105675808219022,17.6070499420166,0.0117410782993637,0.9796025571341136,1.029008631350255,2.478659848002656,11211.264196837255,18047.196554935806,0.454888656840194,4.665791690349579,1.165225327534035,58.5369112701416,0.3513456072273693,273121071.9029946,3738.528318407458,0.8414784467209178,1292582.5274638275,-896.8905607406483,0.018864968550095,0.0140149777333849,-0.0027326534443856,1.5423721836357138,0.0129761192947626,-0.0017717211663964,14.325581395348838,1.0,0.0,0.0,,,
PolyX_PolyA_44,L1_hydrophobic,A,44.0,250,44,3.0268649637862377,0.3834012723252476,3.0,4.0,4.7255897768078166,1.156107640139487,13139.839582300936,0.0007584058395104,17.24555141275579,17.697032928466797,0.0098994381550473,0.9749991199035604,1.0256809944544047,2.387731168689429,11241.333420769446,18512.65332708512,0.62698769941926,2.9314706206321715,1.1712021603672025,58.74669700622559,0.3253621607613674,410405171.15365386,3771.452173596968,0.7486261475202535,1496696.8284406862,-948.3263820920272,0.0368774001760632,0.0052931145537904,0.0022081509003707,1.6218002975307575,-0.0171004943549633,0.0013615430355984,14.659090909090908,1.0,0.0,0.0,,,
PolyX_PolyA_45,L1_hydrophobic,A,45.0,250,45,3.0294186755229355,0.3725556226676475,3.0,4.0,4.637636290956178,1.1591176861301535,13409.276729756695,0.0008254254917949,17.227276272243923,17.539981842041016,0.0066033964630171,0.9847074285875272,1.0161733218774525,2.5447025473026645,12510.97958520289,19602.70350981044,0.3323343768715858,2.732146370410919,1.1655133652752896,60.46514260864258,0.3388046047043688,402983417.5487983,3642.5458417228815,0.7291360150963733,1501982.9861018264,-958.447409989492,0.0305463852014774,0.0075263701490411,0.0079563058665393,1.5937667722063396,-0.1289912015199661,0.0049921393799833,14.992592592592592,1.0,0.0,0.0,,,
PolyX_PolyA_46,L1_hydrophobic,A,46.0,250,46,3.05484371838869,0.3664087526712893,3.0,4.0,4.8106801818721046,1.166850239610195,12973.866002026676,0.0006597937451236,16.759228789288066,17.301637649536133,0.012030447880689,0.9814040403565608,1.0299294453729857,2.4083701149917047,12554.431124745744,20089.30745552316,0.6182588873896748,5.1589936256408695,1.168639379588753,59.565401290893554,0.3483814450987873,423802429.06453264,3730.827266578801,0.7848196977146689,1755896.4042238852,-1010.6543169214808,0.0318696594587121,0.0071161254034494,-0.0050188288982479,1.5783046312841416,0.0315796099603176,-0.0031798860615687,15.326086956521738,1.0,0.0,0.0,,,
PolyX_PolyA_47,L1_hydrophobic,A,47.0,250,47,3.0889165357358985,0.3463412866685577,3.0,5.0,4.599368976896977,1.1807471902180828,11749.37577148406,0.0007400996736019,15.77894835776471,16.03714370727539,0.0068139627869553,0.9851304105919813,1.017818305029092,2.7176042839850068,13705.511713059095,21118.18849638191,0.6430458527058363,7.253915095329285,1.1619750707374676,56.94864571380615,0.3525101328095779,447954730.7143432,3575.769154517504,0.8787198031991738,1924243.7758841373,-1016.430129411552,0.0401173711943465,0.0134087485801111,-0.0189195247175743,1.5298503326045974,-0.1273797154426574,-0.0123669121829236,15.659574468085106,1.0,0.0,0.0,,,
PolyX_PolyA_48,L1_hydrophobic,A,48.0,250,48,3.073250300767472,0.3640391431273181,3.0,5.0,4.829518137898288,1.17816341796594,12393.467640729952,0.000603755801144,16.035580039024353,16.457366943359375,0.0097864671864196,0.9836405701214967,1.0245915462394837,2.4311476792014,13735.982523272423,21617.20892739952,0.8444009803584777,11.915968096256256,1.1644062821551826,58.03834600830079,0.3295211372498277,513867482.2228379,3586.069249147898,0.7948364064109494,2060437.9055820904,-1067.3768611763956,0.0368371790899026,0.0089152498856305,0.0054050857999471,1.572423820103441,-0.0120723964646458,0.0034374229965861,15.993055555555555,1.0,0.0,0.0,,,
PolyX_PolyA_49,L1_hydrophobic,A,49.0,250,49,3.096242099954389,0.352699500291809,3.0,5.0,4.970723596004175,1.200044013842237,13221.080187129764,0.0005562418393933,16.388551712036133,18.94360542297364,0.0239503163028449,0.938995148764759,1.0220728589110315,1.1267778033679792,14462.824599081998,22466.72714712521,1.4219625601544976,15.177322578430177,1.1654921435674883,60.58656617736816,0.3613468455611289,514823921.76002014,3654.840225015954,0.7837843949192013,2271420.288301504,-1101.6629599573994,0.039200453644917,0.0061561634207336,-0.0019009486939375,1.544877534392155,-0.0605643391609191,-0.0012304850394257,16.3265306122449,1.0,0.0,0.0,,,
PolyX_PolyA_5,L1_hydrophobic,A,5.0,250,5,3.0110672980766906,0.3604778292755903,3.0,3.0,6.3229010235988,1.1205873421313652,12010.82572445365,0.6564638219381368,48.91344680786133,49.26339340209961,0.0036090368346521,0.8723506920064026,1.0061823868856854,0.500402423538188,493.8045480823236,668.0063056830911,2.8603227065876125,41.223626506328586,1.1682250841907655,54.38808515233498,0.3690874735474134,748502.7167113186,3631.399914705428,0.838730921451331,734.4306536582268,-6.313315340114451,0.0219345020995133,0.0127507679953058,0.0112373844169924,1.5636674470054168,0.0711512565612793,0.00718655647516,1.6,1.0,0.0,0.0,,,
PolyX_PolyA_50,L1_hydrophobic,A,50.0,250,50,3.077436897197312,0.3685269455988739,3.0,5.0,5.040089530381946,1.186545683167155,11970.052693459858,0.00043903775424,15.439255485534668,16.118858337402344,0.0174805543545705,0.9785212661758592,1.044668195732984,2.46660786845999,14640.412535694397,23038.77178356486,1.385707975551486,18.51735669374466,1.1621363637841071,58.03268840026856,0.3136476326949679,773458956.6931605,3316.400049033713,0.7517987564118837,2660475.4373132503,-1159.638506159636,0.0257727522468148,0.0091085041613668,-0.0073805250738154,1.583598845636218,-0.0091665089130401,-0.004660602711152,16.66,1.0,0.0,0.0,,,
PolyX_PolyA_6,L1_hydrophobic,A,6.0,250,6,2.998567988410512,0.356640100416986,3.0,3.0,5.736744300840615,1.1130723423464874,13658.79972918206,0.5119955531737708,47.61678695678711,47.69407653808594,0.0009980878320849,0.967753129626143,1.0022045692542827,1.329661348854783,863.8044522950282,1156.2411054659383,3.63074753433466,50.64443588256836,1.171822004233955,58.583288208007815,0.4328092821600675,810393.9553609428,4024.671157690519,0.8262047561616207,742.9558148975648,-12.049908030994212,0.025833810837308,0.010650387796424,0.0206602400381077,1.5543399590930955,0.1525445431470871,0.0132919699554228,1.9444444444444444,1.0,0.0,0.0,,,
PolyX_PolyA_7,L1_hydrophobic,A,7.0,250,7,2.981184740282866,0.3690117897213119,3.0,3.0,5.229106996349382,1.0977417993172889,12988.056935869328,0.2032340680290125,42.988529205322266,43.06394577026367,0.0008372349605509,0.980664340634812,1.0017906356614503,1.5498260458781778,426.1169153379816,812.3030810046987,1.489266096241772,14.582904052734374,1.1739264933769076,56.36126856994629,0.4024420507263644,1003164.809533581,3922.178102162324,0.8183571572037942,1216.183526050167,-33.46133519218344,0.0270615461133415,0.0084378210067796,0.0033422144914935,1.584815664873248,-0.0380553528666496,0.0021088979402219,2.2857142857142856,1.0,0.0,0.0,,,
PolyX_PolyA_8,L1_hydrophobic,A,8.0,250,8,2.9580439154924507,0.3917863562337705,3.0,3.0,4.947508629021258,1.0970834935928129,11235.638121824988,0.1753613272647527,37.40102672576904,37.419883728027344,0.0002703848123383,0.9933196163800126,1.000692297741284,1.4941751382893085,460.8021741687074,984.3542168748666,1.8645075697393625,19.58480203151703,1.17394851806074,52.36274616241455,0.4341996269158808,934045.9350148684,3360.891620126603,0.7634972146848865,1379.6616358797285,-41.78176081689684,0.0257194210986393,0.008031043581426,-0.0076820695992144,1.6441591046983417,0.091819480061531,-0.0046723395423198,2.625,1.0,0.0,0.0,,,
PolyX_PolyA_9,L1_hydrophobic,A,9.0,250,9,2.95684668419234,0.3738445528663868,3.0,3.0,4.633487668868642,1.0941290008201376,11917.263402733744,0.1099298820121992,36.31588829888238,36.32704162597656,0.0001747036440499,0.9933741959320556,1.000427240885589,1.6769877743224173,110.10401837000286,784.2647677894258,0.2179589912295341,0.3287060260772705,1.1700707773958248,53.8805071182251,0.3641568348594522,1182708.1798856072,3296.1546090328,0.7398436980610708,1872.660398657416,-59.61363873537626,0.0406720193971316,0.0144408735831375,0.0163121475687891,1.5970475136449835,-0.034299261868,0.0102139400540051,2.962962962962963,1.0,0.0,0.0,,,
PolyX_PolyE_10,PolyX_original,E,10.0,250,10,3.03219251144682,0.3558651541054826,3.0,3.0,4.751786806631392,1.136099616952548,12758.070274479103,0.2097947458178154,35.64379119873047,37.06085968017578,0.013274182739162,0.8418994208073298,1.0066710498286908,0.3250829733914482,1155.4027713084345,1828.821879558519,4.04935435205698,53.180338621139526,1.1716247781358975,57.00383163452148,0.4246408684206533,861496.5430761786,3924.656247928403,0.8644326645805105,1551.810329941603,-46.84876865782256,0.0204754636929288,0.0095572245413568,0.0446955435700474,1.5524699624211276,-0.0669309645891189,0.0287899570678097,3.3,1.0,0.0,0.0,,,
PolyX_PolyE_11,PolyX_original,E,11.0,250,11,3.059535878609898,0.363473616103636,3.0,4.0,4.749837697343888,1.1720123684457824,12068.086267189714,0.2170324833631993,33.04854375665838,35.27947998046875,0.0214844841538902,0.781919542321264,1.008839890097154,0.6001660731596404,1282.1066532887648,2021.945700821997,5.056837792182341,68.63461928367614,1.1723099688935017,55.91233131408691,0.3708989945667002,967618.0397433828,3314.939852777088,0.7557259847003814,1798.571716380209,-50.41437186326742,0.0253419312141279,0.0091143478192386,0.0150132910255489,1.5710267874187835,-0.0072315065190196,0.009556355846268,3.636363636363636,1.0,0.0,0.0,,,
PolyX_PolyE_12,PolyX_original,E,12.0,250,12,2.975107939889325,0.3844241754605473,3.0,3.0,4.259572547457174,1.109530335034245,12253.414484780466,0.1253847492520793,31.890873432159424,32.04400634765625,0.0023464998649618,0.9704536027482202,1.0047744719977512,1.9792045174343145,1105.8759444588811,2111.816610801709,2.4942759425845,29.35278825759888,1.1670816086984264,54.76495402526855,0.3196757116231164,1067388.2173067443,3593.532596660423,0.7628756849495427,2051.076921642244,-74.7492576945293,0.0355893062183221,0.0108973032229904,0.0012914127527854,1.6244952451603454,0.0653399005532264,0.0007949624700677,3.9722222222222223,1.0,0.0,0.0,,,
PolyX_PolyE_13,PolyX_original,E,13.0,250,13,2.9674830501312908,0.3851301445908185,3.0,3.0,4.3382880103753045,1.1172174711357157,13672.938352611342,0.1555016622327845,32.36585587721605,32.675907135009766,0.0029046918207296,0.959710634122768,1.002547817319979,1.3038755293363649,1315.2344924493173,2440.278941035944,3.642266337573529,47.48115983009338,1.172911948173216,59.31381211853027,0.371687800731375,1118390.7303725954,3721.881229371512,0.7067944679770484,2245.2371676965417,-72.58285523065393,0.0285427942125358,0.01211568161765,-0.0011301752090366,1.6263604260360487,0.007885324768722,-0.0006949106673246,4.307692307692308,1.0,0.0,0.0,,,
PolyX_PolyE_14,PolyX_original,E,14.0,250,14,2.9731784298910893,0.3743216852177672,3.0,3.0,4.055124173088279,1.1140004229209723,12749.425316918629,0.1091631443906648,30.116683142525808,30.50714683532715,0.0041935503214956,0.9613481495962428,1.0061739736589963,1.7298201303799343,1260.595670370398,2541.787749877584,3.037302026245743,38.301351165771486,1.1706738206215623,56.2216699142456,0.3586418927864239,1071011.4248424566,3477.295292154932,0.7286282003229015,2528.3738854386106,-93.02629443235192,0.0242150917757756,0.0082532748328097,0.0207655492620745,1.5982653967287483,0.0336893163621425,0.0129925538670093,4.642857142857143,1.0,0.0,0.0,,,
PolyX_PolyE_15,PolyX_original,E,15.0,250,15,2.974178653596256,0.380320793456498,3.0,3.0,3.773564742348388,1.1025385630201432,12129.511033578216,0.075915437591172,28.379552841186523,28.39976692199707,0.0007975203272813,0.9896435734660186,1.0017446678030992,1.7094727765842133,768.3192435501354,2369.2466766608595,0.7462054221658037,7.281404113769531,1.1710073452975729,54.8381646270752,0.330476286485585,1276690.508192374,3617.1190282325406,0.784096356781834,3116.801742088009,-116.01608465306887,0.0338214256868679,0.0130127321924772,-0.0016898004170591,1.6137381881471913,0.0473043993115425,-0.0010471341815952,4.977777777777778,1.0,0.0,0.0,,,
PolyX_PolyE_16,PolyX_original,E,16.0,250,16,3.032602835965124,0.3637681824588263,3.0,3.0,4.033587037165634,1.149630202169292,11852.801614001666,0.1362338583394854,27.16124129295349,28.3913803100586,0.0118663786088706,0.9077260805615668,1.0058603146105596,0.7774621319109289,2115.1866590947666,3668.415732182215,3.051998183876276,36.02357316017151,1.166591798046962,54.841091331481934,0.3144067344208371,1097721.7111477233,3476.439599225461,0.8062857096874426,2778.375249085486,-95.68235124350616,0.0352947123682975,0.007557198046433,-0.0137359492767306,1.571754150656392,-0.02201933786273,-0.0087392479734316,5.3125,1.0,0.0,0.0,,,
PolyX_PolyE_17,PolyX_original,E,17.0,250,17,3.020842323639425,0.350850082976406,3.0,3.0,3.8901306901059978,1.1288028053400458,13584.441883685378,0.1041646728299174,28.21102344288545,28.795879364013672,0.0057865889169102,0.9387288799911818,1.0067391881459669,1.4012766486433696,1888.3199834522595,3669.704479001113,1.97203337661922,27.608924770355223,1.173037718752641,59.29715404510498,0.438743800834425,1322090.9117740714,4277.619580030135,0.8975089235520042,3238.23092644139,-115.35089389012056,0.0258411582292873,0.0116584912111267,0.0240671401874431,1.5404762039947302,0.0040676817297935,0.0156231820546597,5.647058823529412,1.0,0.0,0.0,,,
PolyX_PolyE_18,PolyX_original,E,18.0,250,18,3.0777255042000724,0.3543866393402831,3.0,4.0,4.013558266883744,1.1760244228367864,14020.808045881837,0.1072957943475496,27.847454918755425,30.23003387451172,0.0208554267951653,0.8540848933684656,1.0063630772755965,0.5566469035821022,1820.568576941882,3825.210828075273,3.3746792897582054,48.22169904708862,1.1715442170957604,59.99939772796631,0.3951846689826827,1486382.5311223145,4116.271670001393,0.8284258579352112,3518.643064025389,-120.53695421881788,0.0278712112995487,0.0069241824258831,0.0269608197517321,1.5489146615214944,0.0924897491931915,0.0174062654449328,5.981481481481482,1.0,0.0,0.0,,,
PolyX_PolyE_19,PolyX_original,E,19.0,250,19,2.994419132703434,0.377910476235828,3.0,3.0,3.746648749719683,1.129992079468772,12850.902942933742,0.0874471070923313,25.95482444763184,26.06501197814941,0.002711167923577,0.968470670236984,1.0069850501948487,2.2290512419743425,2062.3931096293186,4263.435490103287,2.9347422897815703,34.72763226032257,1.172339774300373,56.43374343109131,0.3942779510890506,1373444.739442693,3601.2585754836896,0.7415351301600175,3720.713694124759,-138.89310567787612,0.0344929212278619,0.0123858631834295,-0.0067761492073683,1.6074856781852676,-0.0291567351669073,-0.0042153714331044,6.315789473684211,1.0,0.0,0.0,,,
PolyX_PolyE_20,PolyX_original,E,20.0,250,20,2.9703846674055594,0.3713786308514941,3.0,3.0,3.579365726853462,1.1077954907952672,12879.596232748336,0.0636536643507304,25.325829792022702,25.51548194885254,0.0031169698772928,0.9832889273547673,1.007633712059612,2.2899515160332515,1417.853071655685,4031.8062915458736,0.7574543355847709,5.674482083320617,1.1738071396460965,56.77209420776367,0.3591319401851701,1618365.2019436967,3583.0730311979405,0.7490943147352055,4540.119716184707,-165.25790266513502,0.0445016159768232,0.0096685953624931,0.0180090988662714,1.590782701762974,-0.0099887400865554,0.0113209043857347,6.65,1.0,0.0,0.0,,,
PolyX_PolyE_21,PolyX_original,E,21.0,250,21,2.995866509532695,0.375364690572118,3.0,3.0,3.641244285287867,1.125519582038413,12378.134971840904,0.0808079246141591,24.229587645757768,24.37090301513672,0.0027207913504847,0.970890668597505,1.0071015179782723,2.202521074820173,2534.5977114428674,5093.835369830879,2.281345353461802,24.507796812057496,1.1701405482708975,55.709308448791504,0.3650232854399491,1559468.476985701,3622.133236649676,0.7795712063828575,4445.465208437356,-158.4878547609434,0.0294010697939969,0.010903369998858,-0.0101087320724987,1.6009341529474586,0.0564909949898719,-0.0063142709856344,6.984126984126984,1.0,0.0,0.0,,,
PolyX_PolyE_22,PolyX_original,E,22.0,250,22,3.001088847456995,0.3735855194124261,3.0,3.0,3.553132043449124,1.1290967608957712,11836.796172631326,0.0865034779111036,23.14897242459384,23.44722557067871,0.0041257875960557,0.9654644100327888,1.0081257067884013,2.365772626710269,3030.681794012532,5765.975727122939,3.0624953459948303,36.07647438049317,1.1682030375588393,55.08090966033936,0.3727584253497985,1382687.6354094103,3497.190517868288,0.7908517661394727,4332.704057284424,-161.53966304672565,0.0259210380848693,0.010540345766406,-1.0635420940225783e-05,1.5963871062846513,-0.0565215572714805,-6.662181683684412e-06,7.318181818181818,1.0,0.0,0.0,,,
PolyX_PolyE_23,PolyX_original,E,23.0,250,23,2.997187931257788,0.3570450045396279,3.0,3.0,3.584443137048533,1.1249413316818535,12460.59490048588,0.0681508245225455,23.22911187876825,23.544830322265625,0.0034148684172441,0.9707545768432038,1.0049740781711578,1.9338089686238145,2371.3492556170568,5532.32111081423,1.8544881198555232,18.431740713119503,1.171095860224735,56.189864295959474,0.3765468202501722,1690299.0819435578,3561.099204471669,0.8004281135424604,5091.822152101388,-185.33620902748544,0.0314241836379758,0.0093116189201522,0.0072522832114888,1.5553188124527666,0.0602827481925487,0.0046628917190203,7.6521739130434785,1.0,0.0,0.0,,,
PolyX_PolyE_24,PolyX_original,E,24.0,250,24,2.9966568532746733,0.3810883209967149,3.0,3.0,3.5430562666379006,1.1315778658972626,12501.567281914276,0.0709115458014792,22.77746335665385,22.96231269836425,0.0020634338117634,0.9773831559510096,1.0036583729525923,2.001006523424497,3024.8910644068246,6278.827024677906,1.8913551699370144,16.868556880950926,1.167753220682113,56.67655191802979,0.3550183674222901,1763054.0420099087,3644.302833672328,0.764934690086007,5230.14072803706,-190.535184371298,0.0270508693381293,0.0129181216537334,0.0136466402669845,1.6157394244206729,-0.0312116388231515,0.0084460650398705,7.986111111111111,1.0,0.0,0.0,,,
PolyX_PolyE_25,PolyX_original,E,25.0,250,25,2.9660916820066845,0.3944225406038517,3.0,3.0,3.5606998667613863,1.1314943402327045,13642.795935661086,0.0759139325509392,23.313421936035155,23.84502601623535,0.0049555334706336,0.968394769200198,1.0054061546104365,1.6324204943330345,3433.1722417243004,6885.950770613964,2.014566756784916,21.13605010509491,1.1704684557699516,58.67449490356445,0.3379727522157182,1957423.154812973,3623.558028059897,0.6733953470144799,5485.497421976899,-193.36162796584085,0.0380094334641785,0.0092154040824733,0.0127829380288028,1.6513164162304692,0.0374891012907028,0.007741059134632,8.32,1.0,0.0,0.0,,,
PolyX_PolyE_26,PolyX_original,E,26.0,250,26,2.994462549153716,0.3823520201905525,3.0,3.0,3.5155214078429693,1.129707902473504,12770.706622096695,0.0559763042893701,22.11758752969595,22.859169006347656,0.0076488744506027,0.9619014461986282,1.0096558898339696,1.59671844554477,2630.2135086744124,6600.403347998326,1.1403171177953482,12.091898012161256,1.175126705624398,56.53851052856445,0.3677572393845923,2015027.112583737,3749.3267940003793,0.7678475064201319,6652.876634265357,-224.8604909425068,0.0273305245375171,0.0044677600790962,0.0107938085293941,1.6190452048568396,-0.0348012372851371,0.0066667740322185,8.653846153846153,1.0,0.0,0.0,,,
PolyX_PolyE_27,PolyX_original,E,27.0,250,27,3.0174110241971914,0.3570974049588519,3.0,3.0,3.41355222745013,1.1303163875945268,12356.852855731631,0.0524778178413773,21.34989872685185,21.61748313903809,0.0052128765402418,0.9837957017223206,1.01290815639645,2.44815508852818,2852.675632617935,7082.321780385268,0.3359756421297789,1.3718444585800171,1.171858039239254,55.93882823181152,0.3217723854074376,1975297.715700685,3803.2901701948367,0.8619158985947636,6992.052969479603,-238.73654129484817,0.032239185429529,0.0094380949195493,-0.009969457410673,1.5554455802686509,-0.0091892061755061,-0.0064093900400618,8.987654320987655,1.0,0.0,0.0,,,
PolyX_PolyE_28,PolyX_original,E,28.0,250,28,2.984586155140988,0.3854851949128439,3.0,3.0,3.4835992251220307,1.1358616216329762,13971.51926964599,0.0631346022163679,22.292889186314174,22.60323715209961,0.0053044992361344,0.9784774412313252,1.012209368244977,2.3329702686890057,4101.518048860929,8236.918288132672,1.0179212100803852,11.095308470726014,1.1705042123221958,60.26369155883789,0.3603534687590455,2477177.93175894,3799.301003998041,0.7054274664340651,6981.013695915028,-232.0488475477105,0.0246782134571113,0.0114896014764267,-0.0010773465614963,1.6273000938653883,0.0072844265960156,-0.0006620454122085,9.321428571428571,1.0,0.0,0.0,,,
PolyX_PolyE_29,PolyX_original,E,29.0,250,29,2.973625680451266,0.3995736690015009,3.0,3.0,3.476363313401483,1.1384583384374538,12831.69821438993,0.0583911488174793,20.992806007122173,21.11357688903809,0.0032160910144442,0.9844707788484558,1.0079656251632978,2.607835079141604,3951.551200262428,8440.82776250995,1.4711780522018671,19.69637711048126,1.175365542478212,58.210015708923336,0.3850605432444867,2483890.9441367285,3479.2713199919026,0.6785897551257363,7426.90968340908,-247.13141294964967,0.0155571389369857,0.0092310328417175,0.0033646885913434,1.6654832547683516,0.0398845486342906,0.0020202476257315,9.655172413793103,1.0,0.0,0.0,,,
PolyX_PolyE_30,PolyX_original,E,30.0,250,30,2.981270950361448,0.3906075487358865,3.0,3.0,3.418996954012482,1.138629578184709,12618.424991946951,0.0542122673495252,20.46774368286133,20.62912940979004,0.0027537724772878,0.98630076559792,1.0073475217372876,2.276657704562071,4350.082834016492,9054.288470858051,1.1154643133282662,8.455176877975465,1.168347229447499,56.53694300079346,0.3127777547665439,2816889.1031018216,3379.606659827184,0.6856782516713059,8513.431942257223,-262.33632466435387,0.0465755355084241,0.0098381273037195,0.0073573236096134,1.6409786467253027,-0.0771092846989631,0.0044834974689324,9.988888888888887,1.0,0.0,0.0,,,
PolyX_PolyE_31,PolyX_original,E,31.0,250,31,2.994487107720285,0.3887328087778437,3.0,3.0,3.4155280699335946,1.1389728482789885,12336.187023591752,0.049889025090799,19.908493041992188,20.047260284423828,0.0020454020008689,0.9863604591908084,1.0043563650137488,2.137131189244028,4249.494832201221,9348.576261048514,0.9289953311439604,6.573325848579406,1.172247299138941,55.97950134277344,0.3448240810784219,3336513.150418864,3543.4984613921943,0.7389245695773501,9195.928805189718,-278.80974325873854,0.0342347305557434,0.0112659595707782,0.0022931833315737,1.635945809557713,0.0204569790512323,0.0014017477339628,10.32258064516129,1.0,0.0,0.0,,,
PolyX_PolyE_32,PolyX_original,E,32.0,250,32,2.942404044175419,0.4106097087042324,3.0,3.0,3.442631532163192,1.1345646616886518,13325.1990911105,0.0542215407903313,20.36506307125092,20.79207229614257,0.0051573354177896,0.9781237057241042,1.0084902367074609,2.1145204120079724,5203.892356809531,10284.2475113766,1.4025854816660286,14.078605461120606,1.1699783119061404,58.4710438156128,0.3414341267760877,3373529.5686646025,3411.468052491661,0.6235027713647768,9244.679576198036,-279.8089927976375,0.0307630241295518,0.0133971311881836,0.0125621855456999,1.6966685993444377,-0.0147992670536041,0.0074040301976551,10.65625,1.0,0.0,0.0,,,
PolyX_PolyE_33,PolyX_original,E,33.0,250,33,3.032126410534384,0.3701393583027607,3.0,4.0,3.3468436059107094,1.1594149259038882,11413.85976826646,0.0532678951052452,18.56002258531975,18.818099975585938,0.0069416214124012,0.9806721746956986,1.018637568263749,2.535040218971316,5684.091707044197,10954.383123902004,0.6913634214550257,7.589092755317688,1.1672608662505817,55.2245622177124,0.3415823137566696,2676191.61645083,3289.497645753369,0.7786311600096737,10192.11621065979,-290.30972476146667,0.0294033458646563,0.0093998100240786,-0.0067411345205259,1.5876527819000936,0.0411870591342449,-0.0042459753145984,10.98989898989899,1.0,0.0,0.0,,,
PolyX_PolyE_34,PolyX_original,E,34.0,250,34,2.965985882703223,0.4002232252768729,3.0,3.0,3.366545910835789,1.1362826040992706,12201.865195803888,0.0403434543491436,18.905946731567383,19.12438201904297,0.0047452483542477,0.981223064790822,1.0119635043660118,2.649334648220379,5449.887358237808,11286.210902744271,0.3820855356752872,1.9282914400100708,1.1750009559836916,55.97684855651856,0.3851345123004769,4341000.788726691,3229.214839675461,0.6612541785766772,12790.058818497246,-327.4532628848571,0.0371707733403896,0.0065308839508927,0.0177692126032973,1.6672869676583035,-0.0046884133480489,0.0106575610239359,11.323529411764708,1.0,0.0,0.0,,,
PolyX_PolyE_35,PolyX_original,E,35.0,250,35,3.069070055101386,0.3612226737953123,3.0,4.0,3.47764315101018,1.1790971746672592,12827.661690115396,0.0444389896077272,19.0996036529541,21.94735336303711,0.025848963110532,0.9118152916676728,1.0104272095848894,0.7604390965940125,5936.01780043107,11937.306219421922,1.668271503597498,22.452257871627808,1.1724303734752806,56.8689451751709,0.3839162975211247,3400781.588838745,3778.57777513899,0.8154660130866147,12349.960634120109,-326.93199407481694,0.0400375818461185,0.0083511022718212,0.0029447209002016,1.565490757071054,0.0199764855206012,0.0018810209429297,11.657142857142857,1.0,0.0,0.0,,,
PolyX_PolyE_36,PolyX_original,E,36.0,250,36,3.031297478506797,0.3654434436793938,3.0,4.0,3.442338261188432,1.1640627077174286,12362.97750580487,0.0398512425637603,18.49306848314073,19.71178436279297,0.011944833512495,0.9585622402196649,1.0123300954945764,1.4448247416874098,6397.161095588819,12680.586733601822,1.1794672291725874,13.03312544822693,1.1655379594422932,57.3601171875,0.3533332155975298,3745517.113555064,3403.202243940798,0.7532593048582072,14079.208165583012,-348.04098145863907,0.0280856626791751,0.0057837148503853,-0.0165404228363845,1.57590366065772,-0.0741545930504798,-0.0104958337544768,11.99074074074074,1.0,0.0,0.0,,,
PolyX_PolyE_37,PolyX_original,E,37.0,250,37,2.9940898996469816,0.3794712312057015,3.0,3.0,3.4219847677328894,1.148826350330464,13374.2156910143,0.0412259584937305,18.9740707294361,19.288330078125,0.0033620255042651,0.9820665776542012,1.0052946484870442,1.7999624258901457,7031.052975354192,13416.266734130772,1.9876998527906835,21.72398724555969,1.168986118080704,59.86288136291504,0.3898437707010939,5788841.886303602,3554.997549180429,0.7004741716684436,15038.331578246449,-353.94427331206407,0.0296932596093626,0.0106639683816218,0.0021625289929457,1.6115288287810134,-0.0082306554540991,0.0013419114533913,12.324324324324325,1.0,0.0,0.0,,,
PolyX_PolyE_38,PolyX_original,E,38.0,250,38,3.016167927526936,0.3863131587265259,3.0,4.0,3.3801013224030565,1.1575783348728224,12661.310690380593,0.0385237680798853,18.216771326567,18.631086349487305,0.0051666493012913,0.980134579780373,1.009297280850897,2.072999066970131,7555.091115704545,14125.609275256817,1.7221713684499265,21.56918876171112,1.167467898615966,58.292568893432616,0.3498739856912266,5183828.057902366,3650.697230763024,0.7463759707284772,16237.610923799086,-371.2387041772869,0.025607422929666,0.0079905318877382,0.005428327094185,1.6294955875620205,-0.0819137692451477,0.0033312929076251,12.657894736842104,1.0,0.0,0.0,,,
PolyX_PolyE_39,PolyX_original,E,39.0,250,39,2.9840912266943174,0.4022340273639352,3.0,4.0,3.358582518066068,1.1521974130002566,12640.482470104676,0.0380256049756989,17.966627023158928,18.59308433532715,0.0076275030360629,0.975339263387919,1.013839982977344,2.0862951348704,7750.889099105137,14607.860803410167,1.5583290530368683,18.61226341724396,1.1686851903604638,58.03022267150879,0.334804166124587,7401456.864451157,3450.005377217145,0.6785429052176338,16920.676604360127,-382.53097543686994,0.035823309956733,0.0082154609542579,0.0051414981006743,1.6728954905046522,0.0359884053468704,0.0030734126127723,12.991452991452991,1.0,0.0,0.0,,,
PolyX_PolyE_4,PolyX_original,E,4.0,250,4,3.020503491229177,0.386191659317571,3.0,4.0,5.448281208277509,1.1652638127513262,12638.320509829751,12.248456012355415,56.09745693206787,56.279666900634766,0.0023296059965295,0.839801377542848,1.0047798365835057,1.3862943611198906,1326.4127760737765,1528.9637303452294,5.74829365760088,83.52868163585663,1.1703523191494212,56.02724983559604,0.3899577127552056,331181.726346472,3304.712803239127,0.6770823113616704,103.41169957305036,30.0647986812301,0.0295647176735016,0.021154521912901,0.0122542373473987,1.6291730394021773,0.0299574919044971,0.0075217530920737,1.25,1.0,0.0,0.0,,,
PolyX_PolyE_40,PolyX_original,E,40.0,250,40,3.057995845787632,0.4020181629527889,3.0,5.0,3.496828324989998,1.2137813790635716,12866.628361290475,0.0415810144144996,17.888350105285646,21.74799537658692,0.0347301647512214,0.8982785642379183,1.0095349217107557,0.3141230258900338,8954.881723752565,15762.825021445044,2.880382631719113,36.43252151012421,1.1695297950025485,59.05411181640625,0.378237022614018,6378426.447381446,3483.185677934809,0.6733892736331973,18677.230022195377,-381.61339015114726,0.0238321610600533,0.0092108416486794,-0.0048120745805339,1.672291594905163,0.0293216221034526,-0.0028775331975038,13.325,1.0,0.0,0.0,,,
PolyX_PolyE_41,PolyX_original,E,41.0,250,41,2.9713759334534258,0.3886735672985838,3.0,3.0,3.3153224001655373,1.144142223920106,12757.630057184258,0.0325266260840745,17.604082665792326,17.92105484008789,0.0065605775972643,0.9869504673838864,1.015806552641256,2.449493079470052,9008.637759272844,16245.399307677766,0.3109726914204657,1.546416425704956,1.167661683877626,57.44133428955078,0.3434597813412924,6211473.519496309,3231.685530650914,0.6517395598359094,20703.221904595084,-421.3606380243693,0.0383052333167695,0.0044785127603802,0.0074582942585947,1.6357872758438692,0.1773478984832763,0.0045594524228654,13.658536585365852,1.0,0.0,0.0,,,
PolyX_PolyE_42,PolyX_original,E,42.0,250,42,3.04405025602034,0.3653226955942907,3.0,4.0,3.297552167332289,1.1631833174986428,12070.914833288884,0.0309762845011282,16.918822333926247,17.139949798583984,0.004795200501976,0.9850865021917408,1.0117627449096702,2.6175057672428643,10031.507289032485,17293.450229713217,0.522794210165739,3.722119140625,1.1730457196194763,56.38890496826172,0.4011753626930081,7001776.569093789,3590.876560022164,0.8142985038019491,23830.66953118681,-437.79120392072366,0.0333857131513504,0.0112383307606412,0.0224202618198994,1.5756038431788053,-0.0683723390102386,0.0142296313350208,13.992063492063492,1.0,0.0,0.0,,,
PolyX_PolyE_43,PolyX_original,E,43.0,250,43,3.0617543468354933,0.357584982904969,3.0,4.0,3.28285352433878,1.1762348969697147,11340.285453288674,0.0313993577361135,16.206947060518488,16.435089111328125,0.0053520689307421,0.9845143541969436,1.0125460466315537,2.7289089151681485,10797.39074551994,18104.433477867595,0.2749877878464758,2.080649709701538,1.1643942788318011,54.96889801025391,0.3173709235300046,6714080.94717218,3317.195536750344,0.8180273306006212,24469.042538929083,-446.46484898243887,0.0347299605507483,0.0079763614914823,-0.001342433429948,1.5566261270198052,0.030500192195177,-0.0008623993947936,14.325581395348838,1.0,0.0,0.0,,,
PolyX_PolyE_44,PolyX_original,E,44.0,250,44,3.017415054901135,0.3897514785028725,3.0,4.0,3.2910402902765346,1.1615438577958512,12889.394799397562,0.0269441860025709,17.081009604714133,17.409543991088867,0.0052797476000726,0.9835400758051124,1.0115528667024385,2.193268067741033,12765.207243333538,19847.960222241883,0.3089114683913067,1.463849687576294,1.1756152584122703,58.41512971496582,0.3586433119874066,9741358.525687186,3674.859365344621,0.731510266989536,31550.271589664942,-477.0463782139397,0.0454366475779344,0.0067818102576952,0.0148013271002508,1.6386766452898438,0.0381985120475292,0.0090324879785722,14.659090909090908,1.0,0.0,0.0,,,
PolyX_PolyE_45,PolyX_original,E,45.0,250,45,3.0509441596015217,0.3531385618863679,3.0,4.0,3.2885868439550987,1.1650940482769452,14030.546659670064,0.0270613477575566,17.62144554985894,17.97490119934082,0.0093983331733773,0.9825915390803666,1.0255420419053576,2.697778247406164,13216.08904107174,20456.079675515848,0.5010357608087361,2.535845184326172,1.1764062662590438,60.75776475524902,0.4133194170807777,13858328.783209356,4117.988196413459,0.8311231150249733,35126.53005804753,-487.3025914013352,0.0428842681015251,0.0161582338193587,-0.0067812878026171,1.545926130511328,-0.0177026446908712,-0.0043865535799795,14.992592592592592,1.0,0.0,0.0,,,
PolyX_PolyE_46,PolyX_original,E,46.0,250,46,3.037512860516618,0.381937185705919,3.0,5.0,3.3172914529788,1.1807477796818648,11814.32618532222,0.0259400543005258,15.991588405940844,16.96786117553711,0.0171188804797496,0.9691781478199032,1.0373203225694343,2.011342183726349,14649.3117111881,21708.64956614933,1.1341133132576942,16.800838422775268,1.1725237655971017,56.52535423278809,0.3453355012064681,13752257.04392551,3223.312300151585,0.7143342679067147,40441.82349900837,-503.9714428921153,0.0333617698491825,0.0083675340390219,-0.0007032480202216,1.617958526015107,-0.039656214416027,-0.000434651450498,15.326086956521738,1.0,0.0,0.0,,,
PolyX_PolyE_47,PolyX_original,E,47.0,250,47,3.0666073440320263,0.3539503173418666,3.0,4.0,3.249771480953099,1.1737626686128602,12872.61398785125,0.0236039099492908,16.51563457732505,16.779666900634766,0.0093169992102025,0.983040975027054,1.0240540167890626,2.7272644260003767,16079.838469345445,23019.654386498976,0.2942931968718767,1.0104022741317749,1.1680384255884793,58.66630137634277,0.3478004880976678,15958434.13064373,3961.6059456762487,0.869485257081041,45490.877428797336,-528.2343450355504,0.0325179390125243,0.0081211608717044,0.0084230456295081,1.5478685724069376,-0.0322976522147655,0.0054417059556071,15.659574468085106,1.0,0.0,0.0,,,
PolyX_PolyE_48,PolyX_original,E,48.0,250,48,3.045902994133376,0.3798811627385409,3.0,4.0,3.3124808288233,1.1779832576025762,13126.21948797129,0.0236556663509323,16.50334044297536,16.760408401489258,0.0056860276356996,0.985367800395482,1.014192912338811,2.676919618845109,16038.348809313971,23291.73397193032,0.4777391467243433,4.089409136772156,1.1676272901977545,59.971325355529785,0.3736410904791681,14845305.0738652,3690.030703082295,0.7400184696660722,42707.03375453344,-539.1579702354504,0.0245453784629215,0.0079214370593582,0.0048686664661461,1.6125941350470097,0.0088471863418817,0.0030191517878131,15.993055555555555,1.0,0.0,0.0,,,
PolyX_PolyE_49,PolyX_original,E,49.0,250,49,3.0525955223514023,0.3682880132006007,3.0,4.0,3.247622202054732,1.176457794170915,12415.653629554676,0.0224119772804301,15.885028294154576,16.361793518066406,0.0114429366533201,0.983600959922456,1.028314381429999,2.4400420526717665,17258.002198118735,24420.6421329486,0.1120248675346374,0.2075256586074829,1.1655496431608234,58.11604570007324,0.3053468691436016,17522835.02213871,3520.3573865935323,0.7698916033946566,51002.47295450238,-558.3294800608255,0.0313570288011957,0.0043225864518552,0.0128573316689265,1.582999881111249,0.1303192377090454,0.0081221305330033,16.3265306122449,1.0,0.0,0.0,,,
PolyX_PolyE_5,PolyX_original,E,5.0,250,5,2.9491110434699865,0.4071806956291815,3.0,3.0,6.034204041972974,1.1182133404134726,12769.423552937182,1.3535714854310372,50.43478164672852,50.51676940917969,0.0008765409085466,0.9551977758303742,1.0017829495234976,1.0549201679861442,1101.274492617348,1258.139312681526,5.154467959702015,75.51991567611694,1.172308147308639,56.16908788350983,0.357479241471193,638986.7581952224,3381.7248934460067,0.6503989058572245,405.3152199640444,4.5411996993119335,0.0291151484330005,0.0112578940190418,-0.0198994186643447,1.6868546496834105,-0.0706817358732223,-0.0117967595292811,1.6,1.0,0.0,0.0,,,
PolyX_PolyE_50,PolyX_original,E,50.0,250,50,3.0729339218369023,0.3621987048849128,3.0,5.0,3.263793908748534,1.187517799559445,11987.370236002784,0.0194713747036781,15.451163692474363,15.957629203796388,0.0144657537261461,0.9787737698307504,1.0372262925896332,2.6203117393754134,19744.961642233266,26199.69080520767,0.7100078048184514,7.349995589256286,1.1663330169164527,57.1913794708252,0.34571273170399,28635611.177560672,3449.376359539812,0.7944558559295005,72893.31743446991,-590.821471087169,0.0408477187148489,0.0136800792387145,-0.028762883289184,1.567886436824429,0.0373681895434856,-0.0183450042119156,16.66,1.0,0.0,0.0,,,
PolyX_PolyE_6,PolyX_original,E,6.0,250,6,3.028548367375384,0.3645293836507458,3.0,3.0,5.566602702039126,1.1470157090589748,12085.59218325227,1.3909314128864927,44.78999964396159,45.350128173828125,0.0056578362174891,0.860497422551818,1.0090304182712526,0.4505612088663046,1373.7453508377416,1619.1130715813854,4.837472688406706,69.55106251239776,1.1689531383616067,55.21961930847168,0.3359176107920051,552841.9393014119,3480.128238785187,0.7899412100630205,465.774864485761,5.939524917750727,0.0251025525555673,0.008394516187729,0.0038821088345905,1.5736368830787932,0.059948593378067,0.0024669660936953,1.9444444444444444,1.0,0.0,0.0,,,
PolyX_PolyE_7,PolyX_original,E,7.0,250,7,2.959853965192141,0.3880275133265827,3.0,3.0,5.28087814060501,1.098726917642692,12959.966505137132,0.2186006345104219,42.94203077043806,42.95766830444336,0.0003006488471578,0.9898931540420776,1.00066677981675,1.5498260458783109,278.7666139963764,655.1795432477899,1.604142240807414,23.16933856010437,1.1748318375860525,56.51467301940918,0.3726662007406506,979589.057297881,3703.5041672896105,0.7364553779781604,1122.171538140782,-31.930684700961933,0.0238973692729891,0.0066439612337713,0.0038395413741075,1.6340603896031944,-0.0089546917006373,0.0023496936822542,2.2857142857142856,1.0,0.0,0.0,,,
PolyX_PolyE_8,PolyX_original,E,8.0,250,8,3.02992700187076,0.388800782688609,3.0,4.0,5.290884211266195,1.172193604276159,13041.04168968334,0.5247692232892994,40.29248762130737,41.19353485107422,0.0087791051268105,0.8346602174473701,1.0129531663532616,0.9743147528693494,1561.8878266115207,1919.7093051625563,5.687678007036448,80.2402524471283,1.1702718749433083,57.61149244689941,0.4308133078387468,760298.5222841112,3284.8680912167047,0.6478560528783156,883.6269206488563,-15.475120416885586,0.0368365115085658,0.010160751992489,0.0014406277485458,1.6361277496376845,0.1264813989400863,0.0008805105522944,2.625,1.0,0.0,0.0,,,
PolyX_PolyE_9,PolyX_original,E,9.0,250,9,2.9799881829813133,0.3795989480302604,3.0,3.0,4.817117959414801,1.110477449275218,12896.337882090971,0.2689795950266166,37.77817577785916,37.90055084228516,0.0017052905440856,0.9616063944712328,1.0036715093248347,1.831020481113528,1246.3771240208011,1783.580478436214,3.19716691034846,45.04491522312164,1.174459032987028,57.519003936767575,0.4493225074232823,828570.3294216642,3767.65044705736,0.769625059174364,1180.4398688666606,-35.45423332578849,0.0238304056886534,0.0163594342469749,0.0045993804068138,1.6118605808695108,0.0003256738127674,0.0028534604426192,2.962962962962963,1.0,0.0,0.0,,,
PolyX_PolyF_10,L1_hydrophobic,F,10.0,250,10,2.992843268876211,0.3572562275418336,3.0,3.0,5.155016948319755,1.099363922920371,12812.097069941112,0.0350998747593633,35.72231750488281,35.783409118652344,0.000854595310717,0.9867708159934686,1.0021882429092746,1.8343719702816608,639.4392834576379,1693.5477209565595,0.1193255489692091,-0.5880370616912842,1.1701985174395144,56.15729846191406,0.3312336331153268,13091372.748820543,4037.398738492426,0.8820670814663452,14617.941821592762,-100.48673003770482,0.0290039145996227,0.0058277347190269,-0.0021221732538412,1.555829932315814,0.0192211456596851,-0.001364013642896,3.3,1.0,0.0,0.0,,,
PolyX_PolyF_11,L1_hydrophobic,F,11.0,250,11,2.969670357171462,0.3649782899552153,3.0,3.0,5.443983841283824,1.0956734408104685,12335.138009094033,0.0152981376929249,33.41990176114169,33.47190475463867,0.0008622538006153,0.9910000843021464,1.0020820530002474,2.019814992492975,844.3134546328986,1912.9494389663296,0.1082603698596358,-0.5737209320068359,1.170959703580331,55.32670426940918,0.3778810174879372,28186702.167166885,3517.5577971714783,0.7813222592273885,43558.32207660883,-137.94079349900815,0.0288483967447046,0.00863648706025,0.0067078659199793,1.5747493104282615,0.0133936582133173,0.0042596404869858,3.636363636363636,1.0,0.0,0.0,,,
PolyX_PolyF_12,L1_hydrophobic,F,12.0,250,12,2.953871215687681,0.3805995541066375,3.0,3.0,5.378522963328323,1.0932241895648087,13609.210910963022,0.0120367602723406,33.608991940816246,33.626556396484375,0.000397100689978,0.9831580906933935,1.0009384285870448,2.022808529414851,892.2194574627463,2119.6045768632125,0.0872944884002208,-0.7216675162315369,1.1741260916677223,58.75077547454834,0.3700897115872035,39428187.81451905,3777.4164307920632,0.7292788946097164,55717.961836890136,-159.11243283176742,0.0299673999002486,0.0097363447363884,-0.0179477033052335,1.614464449662606,0.0895623192191124,-0.0111168154293348,3.9722222222222223,1.0,0.0,0.0,,,
PolyX_PolyF_13,L1_hydrophobic,F,13.0,250,13,2.948614365399924,0.3800714101795056,3.0,3.0,5.345425638513604,1.092862381738829,12757.507091680278,0.0084018538419613,31.26373291015625,31.30519294738769,0.0005598808479333,0.9810192536217976,1.0011373184016827,2.204785416913409,889.7483919140328,2237.2579794797844,0.1043634501285851,-0.6751684069633483,1.1689545304958702,55.5165602722168,0.3422060450985199,44523546.9778208,3475.902121460585,0.71686358190295,79189.75703342516,-186.39280525497733,0.0465194294536006,0.0115977703321733,-0.0169347761029146,1.61308901770373,0.0153660448268055,-0.0104983518677548,4.307692307692308,1.0,0.0,0.0,,,
PolyX_PolyF_14,L1_hydrophobic,F,14.0,250,14,2.9830522396960184,0.3677499763440587,3.0,3.0,5.304639743196284,1.0997329187917022,12067.80469844701,0.006125533328937,29.30080372946603,29.363147735595703,0.0010840498172235,0.9895121707599784,1.0026890013092855,2.106577333232123,910.4226904374166,2423.8923399149376,0.0901275118812918,-0.7001081466674804,1.170084166151562,54.13760057067872,0.3735555658088594,49362182.40234582,3634.176448653621,0.8188890862041925,110171.4466019821,-214.0021459748613,0.0306865883265459,0.0145860670656776,-0.0038025872263566,1.581652768026121,-0.0451065897941589,-0.0024041858636657,4.642857142857143,1.0,0.0,0.0,,,
PolyX_PolyF_15,L1_hydrophobic,F,15.0,250,15,2.952013887928495,0.3928033542584128,3.0,3.0,5.217706797897596,1.09482795625731,13186.547785306642,0.0047026007937596,29.590312830607097,29.62535858154297,0.0004322877223608,0.9914195309876682,1.0008965907727865,2.0837660374855704,744.1003036083486,2497.806659214378,0.1796586602926254,-0.5006092548370361,1.1728492046883907,56.65423164367676,0.3624584058444293,66001577.66447651,3803.9989402372576,0.7344023986831061,131147.6250456005,-241.18376722105893,0.0384582922828326,0.0080542093741314,0.0152102240580375,1.646912918596035,-0.0194004420191049,0.0092355970284576,4.977777777777778,1.0,0.0,0.0,,,
PolyX_PolyF_16,L1_hydrophobic,F,16.0,250,16,2.94218818026986,0.3743019200117349,3.0,3.0,5.101229398414502,1.0937078514337786,11957.904115643718,0.0038565959611216,27.283307552337646,27.34406280517578,0.0009405372752422,0.9784526470707894,1.0022785142690058,2.306668725404531,1015.3634201429572,2950.5118043311977,0.1089540915563702,-0.6036006927490234,1.172018327372328,53.91218836212158,0.3903099748278514,54249040.90689048,3169.1336364998992,0.7080491917892997,150417.86183552226,-266.782562237727,0.0294836641209824,0.0111033165892845,-0.0096137416759849,1.5982149090480748,0.0345726087689399,-0.0060152997077905,5.3125,1.0,0.0,0.0,,,
PolyX_PolyF_17,L1_hydrophobic,F,17.0,250,17,2.976694255597164,0.3684148047545058,3.0,3.0,5.063772206070581,1.1009574421560786,11507.501865236813,0.003032637958396,25.96542459375718,26.03544807434082,0.0011760577574,0.990261481856438,1.0027644314090984,2.2316069516089554,987.4753805291108,3096.883065320862,0.0899302994832396,-0.5910734176635742,1.171366123282816,53.327057914733885,0.4172889720074044,68543079.26335527,3332.5988040294774,0.7860766684383859,191699.17382580487,-295.71442450531777,0.0293080655254993,0.0089845176780745,-0.0060435824429868,1.58331767040756,-0.028725704178214,-0.003817037196995,5.647058823529412,1.0,0.0,0.0,,,
PolyX_PolyF_18,L1_hydrophobic,F,18.0,250,18,2.949663252289378,0.3948871662230799,3.0,3.0,5.044126351682264,1.0967241714446998,12976.920746991114,0.0025670870264481,26.796566751268173,26.82516860961914,0.0006333576112102,0.9814734673121364,1.0016624684047664,2.505289990918456,923.8804239122117,3270.0407505969915,0.0843525043688714,-0.6741143345832825,1.171331864728007,57.09757523345947,0.3416928621549022,87584734.46060207,3703.8128331264447,0.7227770603049022,210270.76114858364,-322.1090866607065,0.0286264620215985,0.011436393052277,0.015261405292273,1.65258435151395,-0.0600270703434944,0.0092348722032665,5.981481481481482,1.0,0.0,0.0,,,
PolyX_PolyF_19,L1_hydrophobic,F,19.0,250,19,2.963190562483115,0.3801996011674106,3.0,3.0,5.028700563574193,1.1002961723483662,11846.269896241029,0.0022676420122888,24.919742684615287,24.955904006958008,0.0007579811759474,0.9828610373861092,1.0022155176366143,2.406159575397837,1028.894861962562,3601.1117395216684,0.0969743398018181,-0.5941563129425049,1.1752585224572176,53.10933108520508,0.4061274378120855,73125753.9788349,3331.3459377280524,0.7396503269807451,234596.01920165267,-347.0738172083934,0.0449072273319597,0.0130641773596622,0.01118419450531,1.6134226468448984,-0.0250017251819372,0.0069319682145827,6.315789473684211,1.0,0.0,0.0,,,
PolyX_PolyF_20,L1_hydrophobic,F,20.0,250,20,2.969495186876064,0.3858860922470916,3.0,3.0,5.0286888558938125,1.1019341918176278,12960.320958341114,0.0020238134004787,25.40519065856933,25.43686866760254,0.0006462656428249,0.9886314261719557,1.001823693370591,2.388889714729602,1118.0723120638374,3901.7202837388186,0.1130574809387326,-0.5233566045761109,1.1712183803782783,56.673826835632326,0.3668021620812797,80334138.45043695,3945.4678727852784,0.7889030372940283,255863.80243355228,-372.1662779360943,0.0443931737787972,0.0067400368078837,0.0025189921284404,1.6283624053704948,0.1090315356850624,0.0015469480995003,6.65,1.0,0.0,0.0,,,
PolyX_PolyF_21,L1_hydrophobic,F,21.0,250,21,2.974905247991591,0.3822860840620308,3.0,3.0,5.027563442303349,1.1037604558146776,12991.772563810018,0.0019483612743542,24.82299096243722,24.864892959594727,0.0007475775426035,0.9885984255413068,1.0016528581132975,2.4254797046833225,1521.0014722738324,4516.47502972486,0.0867357441224157,-0.7116665959358215,1.1726726181648548,56.83397392272949,0.336959340107644,86500202.13472696,3937.345300053965,0.7927689011128368,277715.36183946085,-393.1682700391858,0.0336320916337602,0.0086236792105219,0.0047590241969852,1.6188723844460384,-0.0392998680472373,0.0029397154725817,6.984126984126984,1.0,0.0,0.0,,,
PolyX_PolyF_22,L1_hydrophobic,F,22.0,250,22,2.9848685509195265,0.3697836319123729,3.0,3.0,5.013950824562325,1.106871745484804,12211.87306641164,0.0016147412477688,23.513016093860973,23.62828063964844,0.0022784058906224,0.9810434889069056,1.0051006925469994,2.4371246463145497,1480.8439451699778,4711.277418527985,0.08695337343961,-0.6940452098846436,1.171589442211224,55.60557039642334,0.3806950625539639,89459260.0113564,3600.648815603458,0.7973533073562636,314702.2619570262,-424.286285048346,0.0311072227397166,0.0052771264853589,0.0112487734976011,1.5867566293691646,-0.074710302054882,0.0070891611786517,7.318181818181818,1.0,0.0,0.0,,,
PolyX_PolyF_23,L1_hydrophobic,F,23.0,250,23,2.978251945937233,0.3797644944896414,3.0,3.0,5.060954363340457,1.1059552510024262,13761.61915340732,0.0015223429738182,24.4118303216022,24.46670722961425,0.0008962020395665,0.987532825477365,1.0021753094269692,2.4872576985931496,1673.15739887997,5112.336698893381,0.1178631801158189,-0.7222272038459778,1.1697871240750135,58.166031005859374,0.3546597430995672,97650955.78170034,4105.4205920613385,0.7855498734004799,344462.95657304605,-447.6377899091918,0.0265217623278277,0.0056236713751534,0.005460813811263,1.6122908010194508,-0.1138054132461547,0.0033869906145165,7.6521739130434785,1.0,0.0,0.0,,,
PolyX_PolyF_24,L1_hydrophobic,F,24.0,250,24,2.987274825526514,0.3685690130669854,3.0,3.0,5.013615871681387,1.110306082904116,11784.301874532412,0.0014190939304372,22.114422082901,22.19519805908203,0.0013290804673948,0.9905710044854328,1.0033343553109648,2.257487861867084,1988.7885862715964,5659.792294185429,0.1051031119190156,-0.5668774724006653,1.173977472238709,54.39133020782471,0.3963386630822533,100741644.49361306,3444.4989812274985,0.7930551354897628,374381.5554969715,-472.157004120541,0.0234272357370952,0.012533777048093,0.0133016713425553,1.5837043488429323,0.1967335641384124,0.0083990874631579,7.986111111111111,1.0,0.0,0.0,,,
PolyX_PolyF_25,L1_hydrophobic,F,25.0,250,25,2.987756665838637,0.3752980813991475,3.0,3.0,5.0220824462790175,1.1111700023384898,12308.03103760894,0.001251842602139,22.14363784790039,22.36750030517578,0.0047928060962946,0.9846772567230342,1.01210741276492,2.6570200776132795,2106.7970341050864,6032.850961323425,0.0734297981485724,-0.5536834478378296,1.172195607317617,55.33104486846924,0.397625853103198,109124408.1466393,3708.4310382844783,0.8028331196622901,416114.993237338,-501.2353632364278,0.0401445774127804,0.0056254286728782,0.0024820446692053,1.6007634524953986,-0.0340614430606365,0.0015505380668087,8.32,1.0,0.0,0.0,,,
PolyX_PolyF_26,L1_hydrophobic,F,26.0,250,26,2.914716792278045,0.4058496326790982,3.0,3.0,5.053641704978322,1.1000116512634048,12011.965267064148,0.0011171462761781,21.45104041466346,21.576812744140625,0.0027732182535101,0.9800736356288828,1.0075932308947324,2.471380486359653,2276.522883032378,6446.765777024665,0.0917295703664422,-0.5521578431129456,1.1694708416682666,55.7312449798584,0.3665605148712338,128719508.93270113,3043.2288804456075,0.6242454589392495,482073.3134918448,-530.1642211990466,0.0228941283779799,0.0066779477091301,-0.0028147837325583,1.6830756236154911,0.0621254332363605,-0.001672404788529,8.653846153846153,1.0,0.0,0.0,,,
PolyX_PolyF_27,L1_hydrophobic,F,27.0,250,27,2.98370264306815,0.3812303970798048,3.0,3.0,5.093176645369701,1.112566373876045,13378.007778770045,0.0012221765396686,22.21483223526566,22.28808212280273,0.0014722856496094,0.990798932147276,1.004007527473326,2.448155088528209,2712.825022633512,7046.954767157246,0.9539006136357784,9.970212614536283,1.1695463149771106,58.17888278198242,0.3496995961437616,141231016.25258812,4048.876426345427,0.7938812713326207,470641.1630552904,-543.2768317620669,0.0340768477410795,0.0068505907796723,-0.0015876580666414,1.616110415380203,-0.0230537746101617,-0.0009823945514079,8.987654320987655,1.0,0.0,0.0,,,
PolyX_PolyF_28,L1_hydrophobic,F,28.0,250,28,3.01043858963571,0.3509879559460399,3.0,3.0,5.0597887148972935,1.119819935562974,11903.074733563626,0.0010059126817416,20.57683999197824,20.717863082885746,0.0026699317359178,0.9809447293066657,1.0065538886093142,2.5643075947917526,2801.5699767120827,7440.301160741017,0.0872058829882007,-0.7031050324440002,1.17047155232545,54.64896807098389,0.3890148962049369,111555060.62639786,3638.932629596694,0.8710089966786736,530215.1821921286,-579.7561876982502,0.0398828077964155,0.0140752486989587,-0.0064241354517284,1.5408034552851195,0.1390538513660431,-0.0041693412805351,9.321428571428571,1.0,0.0,0.0,,,
PolyX_PolyF_29,L1_hydrophobic,F,29.0,250,29,2.9637397962731447,0.3928227096052143,3.0,3.0,5.079993148374071,1.1124858417713632,12870.895565506517,0.0008913505180176,21.02492260110789,21.1248779296875,0.0017239716703262,0.986320638944862,1.00429419413059,2.498124449318337,2882.227561989754,7805.12160212838,0.1134026370942592,-0.6070829272270203,1.173381018774171,56.460571479797366,0.3857879159034157,170264032.79957205,3608.1804186801633,0.7136460919442887,607986.5400956591,-610.9811736253741,0.0346008941270427,0.0082739841306227,-0.0082125982977297,1.6469654182056146,0.0326508320868015,-0.0049865031812136,9.655172413793103,1.0,0.0,0.0,,,
PolyX_PolyF_30,L1_hydrophobic,F,30.0,250,30,2.978460624995916,0.3834846340769728,3.0,3.0,5.095107630031846,1.115548795395009,13547.46266242188,0.0009483657465358,21.207844098409016,21.3607177734375,0.0026286907518264,0.9812424653113908,1.0073197617816405,2.3813707323142794,3378.894136768825,8474.913132468319,0.2580528154969215,-0.2573858141899109,1.172442320878646,57.883423416137695,0.3784743165273539,158078212.92713237,3865.497720563318,0.744045495806751,587481.3589257173,-626.4692702036326,0.0285701160444106,0.0082795794386169,-0.0024576911578622,1.62201958827552,-0.0151052121073007,-0.0015152043634218,9.988888888888887,1.0,0.0,0.0,,,
PolyX_PolyF_31,L1_hydrophobic,F,31.0,250,31,3.0112444192415566,0.3623461313632014,3.0,3.0,5.054930327741414,1.1234161084685912,13107.823752870552,0.0008777334615968,20.52170119747039,20.589479446411133,0.0018730354227601,0.9821190178909728,1.0051932816256328,2.723523921436692,3683.153397834884,9030.441984300318,0.0681174173951149,-0.5140332818031311,1.1682040463295764,57.43888751220703,0.3880001106015483,163912713.18608925,4062.7005374682985,0.855382950098663,637378.8506799231,-654.5495216746511,0.0427369954523417,0.0108774210538154,0.014664004112715,1.5682489343910655,0.059999406337738,0.0093505589515824,10.32258064516129,1.0,0.0,0.0,,,
PolyX_PolyF_32,L1_hydrophobic,F,32.0,250,32,2.9892101223185485,0.3843468071911605,3.0,3.0,5.021751081539799,1.1223646821262352,12500.009439130254,0.0009295654621796,19.72463297843933,19.814956665039062,0.0020583749865685,0.9841723339229834,1.0052410854113818,2.366901461973825,4250.47761841441,9748.151400935598,0.0755054220557212,-0.7540809512138367,1.1692843938073771,56.12517347717285,0.3349967696035386,141051538.43929514,3706.2409060577497,0.7714362212503061,620162.3793257445,-670.1560972769487,0.0317243097594015,0.0100426461650624,0.006567091326517,1.624291097131531,-0.0303803868591785,0.0040430507423885,10.65625,1.0,0.0,0.0,,,
PolyX_PolyF_33,L1_hydrophobic,F,33.0,250,33,2.9913261056953018,0.3831833502178098,3.0,3.0,5.072666290986343,1.1237467128921836,13091.826922928038,0.0007646476197588,19.877958991310813,19.96495056152344,0.002187145607337,0.9902897721625024,1.005859154628325,2.56119313464877,4306.664841993177,10132.529426899198,0.1004864610149525,-0.630156135559082,1.1743762403547715,57.28410418701172,0.3852432162507164,195165308.05316207,3852.268343448204,0.7679088034341284,748212.6643713495,-710.4333755280015,0.0291365306151216,0.0102694075628138,-0.0220985957074454,1.6212273134214503,-0.0302126053720712,-0.0136307817683168,10.98989898989899,1.0,0.0,0.0,,,
PolyX_PolyF_34,L1_hydrophobic,F,34.0,250,34,3.019304403784819,0.3634442779431472,3.0,3.0,5.079364082567524,1.1317129035075273,12300.057110611126,0.0007138153857181,18.98200915841496,19.09980010986328,0.0027108236113686,0.9799866733398148,1.0064945992694558,2.633944996933204,4660.607696914795,10715.638550694455,0.1042632881551981,-0.7219814181327819,1.175059024975895,56.54628321838379,0.3941535439501874,158360161.93832663,3790.7783568776977,0.8479757422896566,799339.5801881604,-738.9783116792894,0.0216527666312242,0.0106714043983002,0.0015187243606367,1.5709543805038435,-0.0393093898892402,0.0009667526819289,11.323529411764708,1.0,0.0,0.0,,,
PolyX_PolyF_35,L1_hydrophobic,F,35.0,250,35,3.0132228246397625,0.3704130518096564,3.0,3.0,5.091976585731229,1.1338567960763628,11797.380989775162,0.0007187700648254,18.322577667236327,18.450014114379883,0.0029371559036636,0.9879683822042348,1.0076721623520195,2.6936715508880766,5176.597995313101,11404.236985907295,0.0366087860427796,-0.6417766332626342,1.1698189130449383,54.96423408508301,0.3405495628052215,183046633.9792309,3473.486356690878,0.7948656170773359,854234.8425753607,-759.9866648169784,0.0211707868477644,0.0119851441991741,-0.0044789757903635,1.58834296497784,0.0585135444998741,-0.0028199046986958,11.657142857142857,1.0,0.0,0.0,,,
PolyX_PolyF_36,L1_hydrophobic,F,36.0,250,36,3.003979018858832,0.3747292103833771,3.0,3.0,5.07932281670605,1.1348331092350703,11647.896820776888,0.0006647045730857,17.951454745398628,18.083494186401367,0.0034108687526446,0.982529944142747,1.009405907252107,2.546218349126592,5483.521498413916,11990.829380048615,0.073371996494825,-0.6789922475814819,1.17568587458133,54.70282145690918,0.3369114541990821,190050121.22615504,3270.837099604643,0.7493657717306018,908855.3464891728,-790.146038754648,0.0279060081211466,0.012744528139743,-0.0074006799112927,1.5993070787988315,0.038133680820465,-0.0046274289715445,11.99074074074074,1.0,0.0,0.0,,,
PolyX_PolyF_37,L1_hydrophobic,F,37.0,250,37,3.026224516132612,0.3664077250439012,3.0,3.0,5.085866896847568,1.139627469079222,11926.60216935689,0.0006457606308654,17.917748528557855,18.11121368408203,0.0041470622117527,0.9782245875692956,1.010447785633531,2.5943395931736672,6009.38109430589,12691.788801617771,0.0979321304708719,-0.5618993639945984,1.1689456856274807,55.92787796020508,0.3465083248581336,205724793.4916733,3676.0021221464913,0.8411905770478997,961624.1134737307,-815.3039684571913,0.0214145200232583,0.009148789966738,0.0173489322890245,1.578302071421703,0.1469393521547317,0.0109921494763659,12.324324324324325,1.0,0.0,0.0,,,
PolyX_PolyF_38,L1_hydrophobic,F,38.0,250,38,3.00603191970408,0.3708786961774812,3.0,3.0,5.102049408848288,1.1360062136612608,13133.927822893113,0.0006268088828641,18.5535898710552,18.825782775878903,0.0057731350692722,0.9878018389256126,1.0144490701091449,2.4119295806830845,6482.548441081401,13369.4522411275,0.1391608303412795,-0.6489561438560486,1.1708893415132449,60.21514360046387,0.3942254210469466,263332364.07965496,3665.534491381708,0.752507439054162,1011924.1458335102,-840.734950648619,0.027105037879438,0.0093432527683429,-0.0075252488204766,1.5895185776161695,0.0547320619225502,-0.0047342943492293,12.657894736842104,1.0,0.0,0.0,,,
PolyX_PolyF_39,L1_hydrophobic,F,39.0,250,39,2.961232962848178,0.4060157948924066,3.0,3.0,5.087294873276773,1.1340061204284355,11763.56268078589,0.000617089917677,17.332575088892227,17.528907775878906,0.0041322947275178,0.9883987958993664,1.0097391216401812,2.5573906153717685,7009.277806298272,14046.010433410567,0.073649769462645,-0.6540153980255127,1.1687385833899802,55.264674285888674,0.3373438161480784,245382792.75152585,3082.801755138923,0.6454517724777346,1045762.6991779184,-864.6879053111403,0.0275415746441882,0.0071148131700163,0.0083293514669991,1.6835464502273447,0.0202344860881567,0.0049475032098933,12.991452991452991,1.0,0.0,0.0,,,
PolyX_PolyF_4,L1_hydrophobic,F,4.0,250,4,2.9545401736336285,0.3939124997208342,3.0,3.0,6.446421192503302,1.101319498461412,13244.342599811163,2.2630378464662746,57.42677307128906,57.48458480834961,0.001484270687085,0.9360268799223024,1.0025538442798758,0.5623351446188083,776.9940207335412,917.5749030884834,2.906191394291818,38.77494833469391,1.1737775504457808,57.27664474812576,0.3675167450335724,528854.9986394041,3768.433007854488,0.7223216475230498,284.1813996542058,9.800497114804182,0.0326826932567391,0.0116269159370931,0.0022398085106394,1.6499267837389766,-0.0984363257884979,0.0013575199412351,1.25,1.0,0.0,0.0,,,
PolyX_PolyF_40,L1_hydrophobic,F,40.0,250,40,3.022431991683632,0.3739231540876861,3.0,3.0,5.081181512342845,1.1444157553551508,12661.122190847867,0.0005739367316846,17.755424976348877,17.984182357788086,0.0046532237262427,0.98487997360068,1.012127225472792,2.55340408374469,7393.54408995808,14719.849430412767,0.1057893270626664,-0.6768795251846313,1.1671833807431151,57.30531652832031,0.3016328103991403,258700030.75376552,3688.633124513869,0.7791317518469387,1141669.237830202,-895.5588527964348,0.0266820385894303,0.0077694605206537,-0.0012252605873453,1.597248016004822,-0.0593271367251873,-0.0007671072838977,13.325,1.0,0.0,0.0,,,
PolyX_PolyF_41,L1_hydrophobic,F,41.0,250,41,3.03343205557039,0.352694794009912,3.0,3.0,5.093069858181019,1.147771043867649,12947.463313624185,0.0005471917917948,17.734783405210912,17.9375,0.004398985347364,0.987487179371273,1.0105283944301118,2.6074795460768145,7842.610486344883,15391.975110369129,0.0870051399862859,-0.6653881907463074,1.1761771818732818,58.60049221801758,0.3473676463511878,302688165.35617167,3721.7752738268496,0.8150165126692117,1227186.0316427953,-923.8173539002254,0.0256350107050161,0.0113033751258614,-0.0015336275547224,1.5448663022421494,-0.0776507407426834,-0.0009927251001574,13.658536585365852,1.0,0.0,0.0,,,
PolyX_PolyF_42,L1_hydrophobic,F,42.0,250,42,3.0187950634009915,0.3824781526322072,3.0,4.0,5.088439844582961,1.1505486483169702,12074.651920826802,0.0005629948685624,16.921389034816197,17.162687301635742,0.0053959150453131,0.986786509475962,1.0135289431766863,2.6212283387527955,8790.116631814588,16338.940866412173,0.0833556584082543,-0.644228708744049,1.1664142155692538,56.66168891143799,0.2973021547267615,318725555.63228685,3399.5524401598773,0.736106227127193,1274724.3439300803,-942.7621181163944,0.0338221702994445,0.0115471100373749,-0.0065360454556905,1.6193759042899176,0.01033272780478,-0.0040361508640286,13.992063492063492,1.0,0.0,0.0,,,
PolyX_PolyF_43,L1_hydrophobic,F,43.0,250,43,3.0477873150587027,0.3625063428098833,3.0,4.0,5.104578219747383,1.1556223216606425,12768.503606151751,0.0005058961763104,17.197298803994823,17.409957885742188,0.0048972126704656,0.9849976828947532,1.0121200612256445,2.528358773781515,8964.050755303439,16863.648507419493,0.1059398314449936,-0.5624639987945557,1.168786632122233,58.06698342895508,0.3587658353566611,347600976.02445406,3846.7206887814623,0.8310650906106601,1373842.6660742003,-979.0039658566332,0.0338964068154899,0.0104095265237035,0.0133215304818659,1.56864305820344,0.0001808375091059,0.0084923911857129,14.325581395348838,1.0,0.0,0.0,,,
PolyX_PolyF_44,L1_hydrophobic,F,44.0,250,44,3.030981607770096,0.3732597336717582,3.0,4.0,5.0892177483630965,1.157563463008347,12064.559530725512,0.0004967260913416,16.525429465553977,16.71585464477539,0.005392173802889,0.984315317840586,1.0144810664344033,2.739133261399194,9668.339466232466,17690.788742588284,0.0840892503038048,-0.6923889756202698,1.1660409990381906,56.80046194458008,0.3371789440101202,355537535.23605496,3319.588747797415,0.7371598470289897,1431814.4764229995,-1004.186135445372,0.0346169790729041,0.0096666989211414,-0.0024477808911005,1.595557288601386,-0.0193966086953878,-0.0015341228475054,14.659090909090908,1.0,0.0,0.0,,,
PolyX_PolyF_45,L1_hydrophobic,F,45.0,250,45,3.0463783111381684,0.3750707673403436,3.0,4.0,5.078945034449152,1.166787308985901,10998.993538382076,0.0004754054875593,15.602232276068792,15.911283493041992,0.007780648008493,0.9782594240599688,1.02011850599309,2.6024223196322813,10112.345132174842,18380.862558409925,0.0963001443073153,-0.6106800317764283,1.1665874832337515,54.75214315032959,0.3471696001725645,296828828.39119595,3081.990418282162,0.7470765771172713,1458187.3539452413,-1032.9310862899265,0.0351002777387354,0.0099861922896472,-0.01235220861118,1.600181184906438,-0.0442260392010211,-0.0077192562485543,14.992592592592592,1.0,0.0,0.0,,,
PolyX_PolyF_46,L1_hydrophobic,F,46.0,250,46,3.019771990212509,0.3827311859517872,3.0,4.0,5.103667490877932,1.1581502912388346,12924.309129206462,0.0005113344674289,16.727859745854918,17.09332275390625,0.0080426806262065,0.9831395019104224,1.0203623381252036,2.4959081457937726,11324.492714293672,19463.66829500956,0.1284871255978942,-0.6210606455802917,1.165197565447837,58.0520989074707,0.3238120376038305,363599195.8954589,3460.317241720309,0.6995435046573087,1514917.9803485763,-1045.8310057599613,0.0286294132245233,0.0178226235034404,0.0066316614938259,1.6200397253859862,-0.054298035800457,0.0040935178252104,15.326086956521738,1.0,0.0,0.0,,,
PolyX_PolyF_47,L1_hydrophobic,F,47.0,250,47,3.032530803738936,0.3736734750789202,3.0,4.0,5.074640043901018,1.1607920357611536,13400.107421849749,0.0005056530011327,16.851079169740068,17.082181930541992,0.0057417186224065,0.9818646972849076,1.0150097014635209,2.6197977592460724,11986.56522554524,20271.52832553145,0.1030903137288987,-0.5616454482078552,1.1635650789377376,60.09131965637207,0.3093460757940869,369348934.1043541,3645.101545661558,0.7279626221368559,1531107.2915910515,-1070.1418917392411,0.0243499062147806,0.00990546854834,0.0034785756221075,1.5966112885383623,-0.007675508968532,0.0021787241809333,15.659574468085106,1.0,0.0,0.0,,,
PolyX_PolyF_48,L1_hydrophobic,F,48.0,250,48,3.07319316402639,0.3626094128488712,3.0,4.0,5.0591014636684095,1.1772317010743742,11765.766498129276,0.0004924937136856,15.624532878398895,15.922425270080566,0.0074708921199889,0.9837959464504218,1.0191710500207678,2.6238170934334155,12503.087967275243,21011.723094170426,0.1564270145259797,-0.6979542136192322,1.1635908611669017,56.23987420654297,0.3436726080599757,324032339.30232066,3391.0431421789444,0.7948295709498402,1597607.7577345492,-1096.7079962891994,0.0243708660918769,0.0070865406748264,0.0079197641346086,1.5688967175834598,0.1066937893629074,0.0050479831115348,15.993055555555555,1.0,0.0,0.0,,,
PolyX_PolyF_49,L1_hydrophobic,F,49.0,250,49,3.0759320752254267,0.3568112950617382,3.0,5.0,5.041889894430891,1.182075745860143,11301.39488339262,0.000461225882056,15.155943559140574,15.48024559020996,0.0082212092874156,0.9817660626581092,1.0210572330109775,2.692662945412588,13362.59205474796,21929.390038448026,0.1015904501080513,-0.6127503395080567,1.1634238955161558,55.91075965881348,0.3199647030425245,376272277.9126677,3141.0528802285075,0.778941072520693,1790790.3000292038,-1129.1983507789444,0.0243812240721202,0.0141586610511014,-0.0077585874455445,1.554753670769122,-0.0086364541202783,-0.004990235810929,16.3265306122449,1.0,0.0,0.0,,,
PolyX_PolyF_5,L1_hydrophobic,F,5.0,250,5,2.9500529532741693,0.3910375743838797,3.0,3.0,6.033232170818468,1.091322465076246,13880.027321972351,0.4057961828010015,52.58232727050781,52.60171890258789,0.000351185464237,0.9779284900237072,1.0007589150931189,0.9502705392332343,233.92194044115405,445.2934241695442,1.475298073887825,17.99403295516968,1.1710649805382345,57.26513199505919,0.4008822965961077,1002289.7488936262,3961.182599956762,0.7298204886510659,674.0342214839237,-13.528563806123149,0.034423469615337,0.01145090011448,-0.0021877650476933,1.6421374422046575,0.0924369543790817,-0.0013322667100403,1.6,1.0,0.0,0.0,,,
PolyX_PolyF_50,L1_hydrophobic,F,50.0,250,50,2.987145522408853,0.4136171341915915,3.0,5.0,5.0751880852380005,1.1644696943328496,12841.482774546732,0.0004505192044213,15.993393516540529,16.267202377319336,0.007319085838815,0.9806267326461316,1.0192179661963687,2.6859084147884578,14004.327673292191,22736.177458338992,0.1072686178609728,-0.6314126253128052,1.1670260233210583,59.51755932617188,0.3486775623126028,614078791.7261237,3302.0933386935803,0.621692531769021,1868123.4707290377,-1155.7662910879803,0.0233696904167684,0.0057088434123225,-0.0007918845945105,1.705370429985815,0.1181896477937698,-0.0004643475578914,16.66,1.0,0.0,0.0,,,
PolyX_PolyF_6,L1_hydrophobic,F,6.0,250,6,3.0062046472762303,0.3633209028626374,3.0,3.0,5.691725878921548,1.1186400938723522,12134.82737196375,0.3943457677575995,44.88173421223959,45.11795425415039,0.0023720258170903,0.9409825496957126,1.0037358728053278,0.4505612088663047,494.2246438493871,755.9692250564908,2.8576326161623,40.20858104228974,1.1707668097759985,54.575039825439454,0.3875246945935111,687988.2827003303,3589.433961646233,0.8141454129786906,786.0615742991098,-16.749489006405604,0.0300505560526982,0.0070202209921729,-0.0037829626008803,1.57064996243194,-0.0203652288764715,-0.0024085332130795,1.9444444444444444,1.0,0.0,0.0,,,
PolyX_PolyF_7,L1_hydrophobic,F,7.0,250,7,2.9651303797825324,0.3673905178468067,3.0,3.0,5.05165978215529,1.0939709632104853,11653.125354753442,0.1655551426820304,40.71944155011858,40.75275039672852,0.0004728497469602,0.9903543861129352,1.0010525477884331,1.5498260458782498,159.24632097760974,582.0711865628855,0.6142660241574049,5.155504727363587,1.1701975582995052,54.15387607574463,0.4079586427063994,1119347.5989693317,3292.009847468289,0.768937009273208,1315.955245432859,-37.76746984444992,0.0436681650870243,0.0048253426232417,-0.0112813812908025,1.5807540484476,-0.0124838948249816,-0.0071367087758958,2.2857142857142856,1.0,0.0,0.0,,,
PolyX_PolyF_8,L1_hydrophobic,F,8.0,250,8,2.973460777459364,0.378102234493364,3.0,3.0,4.928631606924472,1.0958653606497293,11507.857136985103,0.1041208858415864,37.85139226913452,37.89031600952149,0.0004661330325862,0.9863423092779736,1.00091808704986,1.3862943611198906,97.06456677804692,670.1444492236355,0.0878220506303478,-0.2688661575317382,1.1742016186160915,53.954316848754885,0.4188904294783375,2241134.4590960043,3505.949413299227,0.8057530159310285,2470.6641817910613,-54.2928643368875,0.0285670807333029,0.0096538145838949,0.0104255127292937,1.6079813362656783,0.0306586027145385,0.0064836030702055,2.625,1.0,0.0,0.0,,,
PolyX_PolyF_9,L1_hydrophobic,F,9.0,250,9,2.963196877800524,0.3767312255891264,3.0,3.0,5.040046522532781,1.094035668528888,12559.524981655566,0.059944872329941,37.2816399468316,37.302730560302734,0.0002925775103742,0.9936697824982752,1.0006813064371298,1.522955067531185,274.0764997471463,1117.892984272664,0.0656755517702549,-0.5150876522064209,1.171765441129542,54.904415542602536,0.3468632933752845,6067644.104076336,3576.589653342124,0.7558998920154038,5976.678412664852,-75.9869076094549,0.0301114405097559,0.0043997898677202,-0.0031291700542198,1.6044442479012695,-0.0926804691553115,-0.0019503139844952,2.962962962962963,1.0,0.0,0.0,,,
PolyX_PolyG_10,PolyX_original,G,10.0,250,10,2.982520838055921,0.3788122258068149,3.0,3.0,4.873563024949805,1.1205397556678856,11733.377545473562,0.1451893541502396,34.18494720458985,34.568119049072266,0.0053727715275331,0.9350497408624128,1.0137351619678288,1.0296530140645734,947.1770018804436,1625.3444881731648,3.5973156444728374,46.51050455570221,1.1720033945822217,53.15394878387451,0.377438720735932,2047933.0563477527,3179.798533007477,0.7154059905178696,2974.7835946397986,-57.89149463658583,0.0455335922825558,0.0121608350817829,0.0042677406673656,1.6098191908216903,-0.0683188587427139,0.0026510683258299,3.3,1.0,0.0,0.0,,,
PolyX_PolyG_11,PolyX_original,G,11.0,250,11,3.0121928021202087,0.3652800279180117,3.0,3.0,4.782737744011833,1.1276297898747374,12352.8896853458,0.1521675928167295,33.44381193681197,33.711181640625,0.0029125869926789,0.9446014512206592,1.004646057192429,1.672625446150307,1304.4886730980113,2080.5684117590527,3.197020399570465,45.40266633033752,1.1737204217222903,56.59038243865967,0.3987375148873385,2194254.447842901,3696.14330508327,0.8191327891939638,3196.6166320615275,-62.13150146040817,0.0265234443280201,0.0082937404318319,-0.0085114887114721,1.5754979266208242,-0.039351001381874,-0.0054024118769788,3.636363636363636,1.0,0.0,0.0,,,
PolyX_PolyG_12,PolyX_original,G,12.0,250,12,2.974273018702078,0.3860453370128311,3.0,3.0,4.55523359479238,1.1133706917397848,12202.401834106624,0.1128705784302659,31.82435417175293,32.10111618041992,0.0031179174242025,0.9491612009608844,1.0058961860543432,1.4735023850806486,1100.7492960541929,2078.914477015538,3.143976992741228,45.01977365016937,1.1727172597841409,54.91131718444824,0.3844276573052638,2630583.070862222,3478.784007679519,0.7384886609045276,3798.393815457984,-78.53448347041802,0.0398255467645976,0.0087814662259242,0.0069268790517998,1.6287847625988292,0.0340879410505294,0.0042527896935395,3.9722222222222223,1.0,0.0,0.0,,,
PolyX_PolyG_13,PolyX_original,G,13.0,250,13,3.011340731401676,0.353614114669434,3.0,3.0,4.424078211932777,1.1202792950814826,12977.890393486616,0.0868799777544082,31.53223067063552,32.03811264038086,0.0049618469473251,0.9359384583617903,1.004964501857762,1.4583192224643544,810.1082197147259,2014.796756037864,1.932709018141032,24.69956862926483,1.170536327148295,56.58669013214112,0.3730808843704242,2579699.077771902,3929.9832067207553,0.8563612371326291,4583.793254694917,-95.28587901653007,0.0273788352183586,0.0070014182524441,-0.0020770496566007,1.5470634843590272,0.022275248542428,-0.0013425755810706,4.307692307692308,1.0,0.0,0.0,,,
PolyX_PolyG_14,PolyX_original,G,14.0,250,14,2.994397189691113,0.3608197368913652,3.0,3.0,4.232087514391037,1.1108355374596772,12855.869195599633,0.0927295663943908,30.24234431130545,30.36687469482422,0.00205692324333,0.9748811354130148,1.0050906865509288,2.2055983590263835,1371.2718925159495,2669.6986610944173,2.4187316901981832,28.474937152862548,1.170782963184203,57.068581718444825,0.3566619948476248,2920446.93879871,3846.3480973540586,0.8291953446972714,4620.786622109057,-99.87885176544654,0.0386360077014027,0.013895764847509,0.0081631490106518,1.564503877414063,-0.0481412336230278,0.0052177237320899,4.642857142857143,1.0,0.0,0.0,,,
PolyX_PolyG_15,PolyX_original,G,15.0,250,15,2.989307715116837,0.372819315815414,3.0,3.0,4.198943338591215,1.114730649787477,12375.07066645178,0.0779655069361027,28.665338389078777,28.831737518310547,0.0019299496045562,0.9805729834350684,1.0035258009521404,1.5519014979437868,1218.1924857501429,2719.98426919046,2.529428870975971,31.76261460781097,1.172070525661276,55.4823353805542,0.3703259061167948,2972019.113807644,3630.715787803257,0.786948226523417,5519.902517995587,-114.81699404711776,0.0359286774536656,0.0086159603063577,-0.015559409575058,1.594436858813862,0.0126851629465818,-0.009758561142181,4.977777777777778,1.0,0.0,0.0,,,
PolyX_PolyG_16,PolyX_original,G,16.0,250,16,2.981916124264642,0.3713333211949283,3.0,3.0,4.079217689284334,1.109609054301987,11967.04862356735,0.0674887543000044,27.29372203350067,27.426427841186523,0.0014234505895796,0.9857674954389428,1.002190234064912,1.8080457195839967,1024.4890755797703,2765.033826822602,1.5568459641188384,15.170552849769592,1.1699315870574931,54.90765744781494,0.367882757110364,2495772.514416102,3464.757400459144,0.7796898013496568,6078.428646368761,-129.3981256936089,0.0250354406607265,0.0094616173958717,0.0012798813625364,1.590668049880955,0.0517364628612995,0.0008046187653997,5.3125,1.0,0.0,0.0,,,
PolyX_PolyG_17,PolyX_original,G,17.0,250,17,2.942897824103941,0.3972018432179846,3.0,3.0,3.915880383202798,1.100265224496426,11958.99162935678,0.0548236622404054,26.46987735523897,26.54794883728028,0.0016067133553109,0.9866294813819528,1.0042890089340948,2.099292799933924,722.3286132867114,2765.963031127983,0.4729995083529502,3.237763452529907,1.1690504850934382,54.648514862060544,0.3144320058127151,3082883.046038629,3289.300513553884,0.6924648540814311,6837.267648560546,-148.08530197773317,0.0361779986256048,0.0099397967589969,0.0088960193091716,1.658930089200026,-0.0450831539928913,0.0053625040419426,5.647058823529412,1.0,0.0,0.0,,,
PolyX_PolyG_18,PolyX_original,G,18.0,250,18,2.9219846060016863,0.414779069069451,3.0,3.0,3.8884337769889634,1.0998884565119582,12642.18724336882,0.0551056886217255,26.44864834679497,26.55864524841309,0.0021946957591319,0.9876358472225978,1.005695651942039,2.2451715894115027,1138.276031102666,3351.1451123161924,0.1475011464208364,0.8594250679016113,1.17085156108799,54.4380573348999,0.3640498557519865,3496998.677866367,3578.6053955311595,0.6824561652241463,7228.770877644064,-156.51912490162192,0.0319641795982941,0.0074467266967927,0.0215701945192237,1.7087563809618336,0.0597178451716899,0.0126233293161544,5.981481481481482,1.0,0.0,0.0,,,
PolyX_PolyG_19,PolyX_original,G,19.0,250,19,2.9977951413932207,0.3656675819086042,3.0,3.0,3.948944623278989,1.1177076990958703,12713.764860262305,0.0562871376561451,25.81594437047055,26.097335815429688,0.0029854030545771,0.9699467295127544,1.0039577152173291,1.9275445306767736,1169.443240779943,3583.189091034005,1.6943331606686116,16.895729517936708,1.169119896004475,55.81514709472656,0.3596636243266216,3542038.5282474267,3808.143415621808,0.8191296773436303,8235.590416761628,-164.0054853294013,0.0310575900749083,0.0152347684330195,-0.003639666556372,1.5764604984384043,-0.02995609305799,-0.0023087584876033,6.315789473684211,1.0,0.0,0.0,,,
PolyX_PolyG_20,PolyX_original,G,20.0,250,20,2.98055878394952,0.3812429309023292,3.0,3.0,3.794819362320205,1.1213365930220742,10909.31228744112,0.0645690936674501,23.308342838287352,23.54570770263672,0.0030085469944867,0.9743037007506506,1.0061760672407003,2.224097871429352,2017.4326443466005,4479.413768855156,1.5958161678165197,21.20231692790985,1.1711398873973526,52.40722843170166,0.3861025690367425,3175088.4849081715,3070.4764169900136,0.7382553323542336,7572.219543391119,-164.4011637754973,0.0307959763728831,0.0096201360531949,0.0083674128252635,1.616143152042357,-0.0621256232261657,0.0051773958353699,6.65,1.0,0.0,0.0,,,
PolyX_PolyG_21,PolyX_original,G,21.0,250,21,2.9735051403416963,0.3985465416857188,3.0,3.0,3.843776539717602,1.1291302022582017,11988.370959020023,0.0651705682597784,23.845056624639604,24.042461395263672,0.0028364713501191,0.9737795994540916,1.005820648789057,2.042280201722769,2246.274672748247,4884.283701369513,2.073670775443316,20.430826687812804,1.1730979643417547,54.82931005859375,0.3396029190009055,3892587.9052817393,3481.8434964409457,0.7287356710302723,8657.73210348996,-172.0370802323723,0.0376092322650968,0.0093239720084533,0.0125177895917872,1.662639039108266,-0.0029400051571428,0.0075288678399781,6.984126984126984,1.0,0.0,0.0,,,
PolyX_PolyG_22,PolyX_original,G,22.0,250,22,3.0138038152223494,0.3569989451425269,3.0,3.0,3.777808037128115,1.1267592612131794,13045.124435358734,0.052057968368453,24.3019761172208,24.49188041687012,0.0019833834466192,0.9811214695264198,1.0030664650320555,1.7910409801238545,1868.6054611631816,4884.489488654201,1.1014043313451112,12.231042432785037,1.1699225353385292,57.14712803649903,0.324385624699158,3587274.371434169,4010.379042194898,0.8611330607476604,9653.592968367828,-195.05622776359004,0.0349498580230108,0.0129988428852456,-0.0036773661836999,1.5552074019873243,0.0510270074009895,-0.0023645503350642,7.318181818181818,1.0,0.0,0.0,,,
PolyX_PolyG_23,PolyX_original,G,23.0,250,23,2.9796022054115245,0.3818189705343143,3.0,3.0,3.716840869006673,1.1226096311637888,12320.514596023342,0.0519671189342253,23.098179195238195,23.430007934570312,0.0033439987848165,0.9736168821971396,1.0040417902094558,1.8089909587099364,2171.3203759918742,5378.79795803322,0.2999139011837542,6.238076066970825,1.1694763746882155,55.94987607574463,0.3109091688847583,3463980.9755359963,3443.071763107368,0.7319134444974957,9800.517125697015,-204.0429411329882,0.0338837741096833,0.0091695186799578,0.0027263353281096,1.6176491227243468,-0.0475719943642616,0.0016853687796952,7.6521739130434785,1.0,0.0,0.0,,,
PolyX_PolyG_24,PolyX_original,G,24.0,250,24,2.9833689359296987,0.3847430210916431,3.0,3.0,3.643034855015234,1.123078619547946,12601.499987327345,0.0485558169854796,22.86833659807841,23.020029067993164,0.0016541573631177,0.984158303359056,1.0027578202047986,2.062399060736823,2372.0699758359165,5831.043835558151,0.9092214591801168,7.430074310302734,1.1709259805431684,56.61032228851318,0.3947751608027383,4011049.266804363,3628.875885547765,0.7484781394734871,10970.199878816888,-217.802970854098,0.0319413410172506,0.0103069346245281,0.0117565577113554,1.6253371099898584,-0.0636726841330528,0.0072333041794052,7.986111111111111,1.0,0.0,0.0,,,
PolyX_PolyG_25,PolyX_original,G,25.0,250,25,2.971991291183796,0.3944330577713266,3.0,3.0,3.684101743876638,1.1244658164693973,12641.224746335976,0.0461477386417358,22.44151626586914,22.59996795654297,0.0030704738638839,0.9800715317800328,1.0080113037454643,2.5670464544742986,2297.9858975819407,6053.065571882768,1.4553620271384715,15.384028792381288,1.1779019913749291,55.71139067077637,0.335658084726861,4550327.665963467,3599.6110869280583,0.7219267291517416,12271.76151731376,-230.69304772954968,0.0369767936032943,0.020532512862676,0.0073348625786543,1.6513450954236226,0.059894036501646,0.0044417503031542,8.32,1.0,0.0,0.0,,,
PolyX_PolyG_26,PolyX_original,G,26.0,250,26,2.964368041968985,0.3999644480736309,3.0,3.0,3.591438750878555,1.1217613608780546,12228.1666945363,0.0416351758185986,21.643137271587666,21.811222076416016,0.0039914131031448,0.983519637939432,1.0097965181325037,2.374033711189394,2319.8279719444395,6391.022284940983,0.3166849066503346,1.0871707916259763,1.1715446738053916,55.951913093566894,0.3612473690816952,4210434.177956389,3542.018094839874,0.7242158667827916,12873.944543290034,-247.94717063518272,0.0233218446592871,0.0113670589597313,-0.0126216269225945,1.666567917166866,-0.0543151907622814,-0.0075734248762533,8.653846153846153,1.0,0.0,0.0,,,
PolyX_PolyG_27,PolyX_original,G,27.0,250,27,3.000636340798599,0.3712820751714371,3.0,3.0,3.60892109854772,1.1351153125473386,12253.517869823514,0.0406985959716333,21.260561130664968,21.42713928222656,0.0039915082949144,0.9822873223392576,1.0102029773438097,2.589602681482568,2587.855679001469,6908.483300926479,0.912176251015626,9.06469476222992,1.1704591463455312,55.6165271987915,0.3381109012775866,4457676.990869587,3445.032260795792,0.757231238637841,14043.514606725634,-259.32649501145784,0.0242920054599241,0.0105916864048793,-0.003165363623253,1.590538396487864,0.0346124693751335,-0.0019901208484143,8.987654320987655,1.0,0.0,0.0,,,
PolyX_PolyG_28,PolyX_original,G,28.0,250,28,3.0564269617264577,0.3565972629898051,3.0,4.0,3.67730285343255,1.1790877012857484,12415.1179727381,0.0556480270771049,21.013130937303817,22.18001174926757,0.0127524494803665,0.9246971937844156,1.0049505196729616,0.9057885085687164,3871.5371981969865,8050.587622474308,3.405758383497596,41.39537858963013,1.1681606859386835,56.84030987548828,0.3465729951595144,4176238.841720363,3511.914789473042,0.7932591929051936,12611.858386621612,-242.65152569430063,0.0362921752929705,0.0083821293755573,-0.011826676190019,1.5542364719287085,0.0118720531463623,-0.0076093158299019,9.321428571428571,1.0,0.0,0.0,,,
PolyX_PolyG_29,PolyX_original,G,29.0,250,29,3.013297059302363,0.3736489112850246,3.0,3.0,3.560389864554124,1.1379766859094087,12919.756781816612,0.0367726097088791,21.064571775239088,21.281925201416016,0.0048966382816573,0.9848745266601622,1.0131922181257311,2.5600318253098786,2825.883883399582,7723.165733553656,0.1986007615923881,0.3071375846862793,1.168603926585777,58.10900489807129,0.3779604716409449,4928074.340527196,3913.337000141576,0.8106421657705365,15555.630065836662,-287.36117351709834,0.038219868868836,0.0121436975073843,0.0070774523053613,1.5965486737663444,-0.1150587052106857,0.0044329699565137,9.655172413793103,1.0,0.0,0.0,,,
PolyX_PolyG_30,PolyX_original,G,30.0,250,30,2.9989370871762304,0.372850878071615,3.0,3.0,3.520367249166715,1.1431803706649246,12405.568824446887,0.040250051601559,20.294382667541505,20.427976608276367,0.0026601649302698,0.9861136567612664,1.00545046024785,2.505769348160757,3632.297708268326,8555.17556010118,0.7921506803482771,6.190126323699952,1.175771505946782,56.93478941345215,0.3892773535191108,4633249.571467958,3358.404710776202,0.7260744887725229,15707.624301613394,-289.1379578079401,0.0294250509386967,0.0073143522946984,-0.0070174551246265,1.594517101331749,0.0257982797920703,-0.0044009908193054,9.988888888888887,1.0,0.0,0.0,,,
PolyX_PolyG_31,PolyX_original,G,31.0,250,31,3.0224240735365533,0.3605552982678111,3.0,3.0,3.4791749855980663,1.1449682070029246,12873.953730858044,0.0385169325729352,20.337813592726185,20.41764259338379,0.0015669762505648,0.99086261261091,1.0032681347050487,2.5784051744382896,3821.169263281829,9046.790289411309,0.3307076543569565,1.2448395490646362,1.1685465692928445,57.713395332336425,0.3390567844866052,5263073.574091509,3736.024173896733,0.80487020709704,16786.556245504824,-302.86912975958523,0.0274077770027241,0.0113468806600769,0.001010245224863,1.5638568859685669,-0.0436211712658405,0.0006459959564476,10.32258064516129,1.0,0.0,0.0,,,
PolyX_PolyG_32,PolyX_original,G,32.0,250,32,3.0331570279564515,0.3641824275777327,3.0,3.0,3.478743871864585,1.1553667425993062,12645.13678994048,0.0413166637167223,19.838723242282867,20.10798072814941,0.0035444575757734,0.9814033713737262,1.0046822718090134,1.8758275988974384,4346.963037430197,9718.797135068073,0.7878984566777945,6.275275611877442,1.1695501147396077,57.508075042724606,0.3602713194828624,5156372.971529309,3722.300061085488,0.8082930809056769,17476.36520252892,-305.90297878677,0.0216347310087843,0.0117098881793291,-0.0195271477893936,1.5727781731327604,0.1288212537765503,-0.0124157037029937,10.65625,1.0,0.0,0.0,,,
PolyX_PolyG_33,PolyX_original,G,33.0,250,33,3.040083258842865,0.3562316948915245,3.0,3.0,3.434615685817086,1.156746159716144,12422.419452989498,0.0377919003579188,19.36299133300781,19.56073570251465,0.003924725453725,0.9836005754842312,1.0102460100335344,2.543239510018254,4623.471209343155,10280.40795476282,0.3491117475554347,1.7258419752120973,1.170268640133776,57.41570558166504,0.388466932879687,5667686.341672497,3653.124615953619,0.8255164665284627,17998.02184097646,-324.29038528120384,0.0322553668216787,0.006818188888224,0.0264501545852435,1.5533538884482658,-0.0722904577851295,0.0170277711861032,10.98989898989899,1.0,0.0,0.0,,,
PolyX_PolyG_34,PolyX_original,G,34.0,250,34,2.992508512243418,0.3917514177823523,3.0,3.0,3.418848716285158,1.152144492259983,12008.368330433752,0.0368579222170703,18.75494659648222,19.1436824798584,0.0086862044696839,0.9797827234697196,1.0221894390471535,2.244841397598404,4850.8963472403575,10795.104236571544,0.8081199735403061,6.806415009498596,1.166161382375191,55.50090992736816,0.2967224964471338,5631300.037233777,3211.1041101694104,0.6825898232631991,19668.225313669074,-336.6698372202889,0.0378388526131038,0.0108631943906346,-0.0066587788516916,1.6440646624346311,0.04216218739748,-0.0040501927955959,11.323529411764708,1.0,0.0,0.0,,,
PolyX_PolyG_35,PolyX_original,G,35.0,250,35,3.005242334828893,0.3838391533416213,3.0,4.0,3.414013317443572,1.1552990760433444,12838.769922782025,0.0370189198312301,19.114112200055803,19.27998733520508,0.0038506871224647,0.9885771587763506,1.0110122874334584,2.443560471570673,5289.408737561117,11433.036368267463,0.5243044363334775,3.378681445121765,1.168219112738849,58.65462630462646,0.3689265605227092,5577989.930187707,3464.0770558573104,0.702934493837045,19130.503001291054,-346.11424386216135,0.0160112471621179,0.0076234028639882,-0.0050479362420226,1.6229528465226144,0.0356711633503437,-0.0031103406685705,11.657142857142857,1.0,0.0,0.0,,,
PolyX_PolyG_36,PolyX_original,G,36.0,250,36,3.037174033493439,0.3751543501633162,3.0,4.0,3.372920891146076,1.1693574565711853,12030.018004011028,0.0362627212407786,18.242443561553955,18.76719093322754,0.0114670722696655,0.9748884700576133,1.0297848777245246,2.467279177146563,5729.943506001763,12088.682271437576,0.217977437749505,0.8519781827926636,1.1654160538392584,57.34198918151856,0.373744622715004,6793841.034000715,3382.626046780618,0.7495105057212204,21866.188945443,-358.23222088755034,0.0239940740552459,0.0065794889749849,0.0152951899210635,1.6003952340251877,-0.0394290573894977,0.0095571328850052,11.99074074074074,1.0,0.0,0.0,,,
PolyX_PolyG_37,PolyX_original,G,37.0,250,37,3.026504932830781,0.385392322189801,3.0,4.0,3.42724937152266,1.164887552303182,12763.996857068549,0.0323127384228456,18.536171114122546,18.67300605773925,0.00312645662024,0.9886099416897022,1.0091410384385768,2.6089653555816934,5816.583611896466,12529.15216968729,0.0694324597716331,0.0191673040390014,1.1673777847422209,59.49543937683106,0.3534064829542902,7088705.089158718,3697.850348165015,0.7517260222844724,23518.512232454064,-380.98460368523695,0.0306640817587542,0.0086861050203415,-0.0105426406991788,1.6270541942510788,-0.0597280077636241,-0.0064795879177113,12.324324324324325,1.0,0.0,0.0,,,
PolyX_PolyG_38,PolyX_original,G,38.0,250,38,3.0131413250638124,0.3936328379334201,3.0,4.0,3.3144061323518352,1.1673163716268844,12980.869331917149,0.0384617621408801,18.445221348812705,18.70525932312012,0.0052092642497584,0.983066669004568,1.0128665814346365,2.4426410059536,6913.66072933529,13549.27668732826,0.7651133768260479,6.738913345336914,1.1677529719161976,58.63171795654297,0.3316132168148556,7257142.645607926,3642.202110360009,0.7128020533958473,22577.05764657595,-371.4223400934392,0.0349141775865782,0.0103056770552632,-0.0007341745067735,1.6491658232148774,-0.0138019323348999,-0.0004451793121069,12.657894736842104,1.0,0.0,0.0,,,
PolyX_PolyG_39,PolyX_original,G,39.0,250,39,3.0439926347587427,0.3644518005277793,3.0,4.0,3.321645480033275,1.1709381691156873,12066.538218559885,0.0335761763705599,17.55393996605506,17.837894439697266,0.0080589395619945,0.978919778175752,1.0209497978674578,2.789818354165684,6735.609426160135,13868.710138138218,1.2000026389956475,11.905705404281616,1.16712661480897,56.37647244262696,0.4074616706025565,7320240.942140174,3431.2514110546576,0.7802427599969577,25375.15478807784,-397.09080197294094,0.0333141021776284,0.0138157255029069,0.0008474210595474,1.573444784880882,0.0677642077207565,0.0005385769285559,12.991452991452991,1.0,0.0,0.0,,,
PolyX_PolyG_4,PolyX_original,G,4.0,250,4,3.082585521450942,0.3643592625398511,3.0,4.0,5.589997727389289,1.1816670470021824,13060.471769466312,10.901872625646195,57.02000331878662,58.54534530639648,0.0154546242114188,0.5866776477749828,1.0260018012756356,0.5623351446188083,1303.346575590694,1461.2980201642888,5.812124875932932,80.13459286689758,1.1700902564287212,57.86377510892869,0.4205529348768146,293459.42691037746,3538.587054082333,0.7436031231282311,116.28179798538854,28.66721491162192,0.0428557910946717,0.0074073707549097,0.0092572353403475,1.5732157193003922,0.0015544295310974,0.0058842758982066,1.25,1.0,0.0,0.0,,,
PolyX_PolyG_40,PolyX_original,G,40.0,250,40,3.058711263491196,0.3807879698489549,3.0,5.0,3.326944506840361,1.1968887589464738,11718.68921043213,0.0365653217045676,17.079775381088258,18.675811767578125,0.0162073702241292,0.9485484965025136,1.014834876101997,1.4221385352123976,7631.645557003499,14784.918938381556,1.5189881534548475,15.458404874801635,1.1645291658868528,56.16898252868652,0.3323149934754984,6905897.911337175,3243.565489081632,0.7268761430926167,25327.86838645813,-397.0385953241005,0.0228625035220828,0.0125015324299393,-0.0066059310347964,1.6149557038742752,-0.0488525032997131,-0.0040904719668408,13.325,1.0,0.0,0.0,,,
PolyX_PolyG_41,PolyX_original,G,41.0,250,41,3.048395230255561,0.3716746562290539,3.0,4.0,3.277995892038926,1.172242173721252,12864.646044189723,0.032490893061094,17.67798023689084,17.817556381225586,0.004300914743673,0.9871338755413722,1.0108259911464057,2.7096231343718555,7812.219382162234,15325.489009285731,0.2702573992311954,1.5390706300735473,1.1668718002435323,58.27343347930909,0.3346017751351496,7580207.709267319,3861.321996564062,0.8075607989781322,27215.2745039072,-421.4958366955127,0.0334679244361717,0.0065797244708551,0.0026010959058472,1.591532173441259,0.0623764507472515,0.0016343344791199,13.658536585365852,1.0,0.0,0.0,,,
PolyX_PolyG_42,PolyX_original,G,42.0,250,42,3.0579725702839955,0.3597387882370448,3.0,4.0,3.226212962091684,1.1757646891474385,12674.456654865877,0.0326118216637336,17.336668196178618,17.542165756225586,0.0043259566417717,0.9868991819948608,1.011675111433826,2.4481028654387504,8407.540519624625,16079.852178631105,0.2436962582170963,1.399419403076172,1.1751686864371376,58.526151428222654,0.4150164964119329,8262167.723270269,3729.859890416235,0.8180425620360234,28212.723421243976,-431.30813118503727,0.0355166244383717,0.0142401167962572,-0.0092833050537494,1.5618625361459997,0.0248209349811077,-0.0059437401424982,13.992063492063492,1.0,0.0,0.0,,,
PolyX_PolyG_43,PolyX_original,G,43.0,250,43,3.0179640682646163,0.3871043212952427,3.0,4.0,3.1356143505405347,1.1698080743848516,12208.025939179784,0.0337073065931073,16.81557202893634,16.97545623779297,0.0054763925852633,0.984032642928554,1.0130828687010276,2.574004375608798,9157.835267053606,16924.526749864548,0.121274478547275,0.91950740814209,1.1669599489324949,56.78781539916992,0.3586309576303047,8370255.33433649,3337.041508860588,0.706135663205561,29144.759129853795,-437.3152412286254,0.0352690391308538,0.0099725478082757,0.004522661664562,1.6315990383768355,0.212266057729721,0.0027719197902838,14.325581395348838,1.0,0.0,0.0,,,
PolyX_PolyG_44,PolyX_original,G,44.0,250,44,3.019210255360957,0.38894961130374,3.0,4.0,3.193977882398154,1.1724909202845364,13388.987160116556,0.032707409011693,17.409052588722922,17.63490867614746,0.0030768879782707,0.9845232816313112,1.00670856163597,2.32497003798862,9725.935920601936,17674.081056061223,0.7104478262364864,6.591864347457886,1.1649201888008989,59.63680778503418,0.3141377510510686,10803871.906255905,3662.689799147888,0.7033298861811268,31949.69625558643,-451.4602787983396,0.0319989214684438,0.0069714574575436,-0.0120015385039128,1.636526248078501,0.0398743636906147,-0.0073335447673209,14.659090909090908,1.0,0.0,0.0,,,
PolyX_PolyG_45,PolyX_original,G,45.0,250,45,3.0433532425184766,0.3579761072852482,3.0,4.0,3.110670680551879,1.1652484598076254,12427.968842886898,0.0302189430992126,16.585261069403753,16.697019577026367,0.0023288798503463,0.98781246720216,1.0059958271673215,2.452508547066835,9999.670128115422,18282.711629883503,0.3216333988122642,1.329810643196106,1.16671256510495,57.157243911743166,0.3502633904502594,9525180.537654044,3651.53142890112,0.8207688130196193,34066.938955128804,-472.4036465939344,0.0188330183980096,0.0118957149607848,-0.0042542545977686,1.5575744319601128,0.0338169820606708,-0.0027313330972837,14.992592592592592,1.0,0.0,0.0,,,
PolyX_PolyG_46,PolyX_original,G,46.0,250,46,3.0349076763073266,0.3609077461655706,3.0,4.0,3.114586932542041,1.1635916652454008,14245.081048676551,0.0299781099945272,17.56222268809443,17.783885955810547,0.0041488351293942,0.9834662916596724,1.0103890405760103,2.2948204533347165,10733.915329012669,19127.890860887182,0.1322497867979109,0.8619107484817505,1.1675438476034412,61.22085833740234,0.3840094578959687,11895197.608899688,4058.7696521918224,0.7894657192182204,36808.03472457087,-484.005716928579,0.0399735787523182,0.0077142583974206,0.0083628971743691,1.5647193249490887,0.0026069418527185,0.0053446628034115,15.326086956521738,1.0,0.0,0.0,,,
PolyX_PolyG_47,PolyX_original,G,47.0,250,47,3.058170261471853,0.3630398662269856,3.0,5.0,3.0823536710786192,1.182493979928494,12838.786438269924,0.0319076006741019,16.494483744844477,16.71872901916504,0.0042918934615807,0.9821795519951962,1.0107672238527383,2.451907513315144,11714.498067787816,20103.69456565048,1.4036976978182794,15.911330604553225,1.165727264338153,59.0131643371582,0.3437498526218169,10216210.753773458,3739.473443938921,0.8022914428225778,36121.462449587125,-485.7324518895749,0.0312540128156788,0.0097055438682775,0.0070944504906014,1.56995696744242,0.0023838193155825,0.0045188821332517,15.659574468085106,1.0,0.0,0.0,,,
PolyX_PolyG_48,PolyX_original,G,48.0,250,48,3.0293344519421725,0.3796589998439234,3.0,4.0,3.046126518613673,1.1681960725372935,12938.716106814354,0.0303345780620385,16.384992281595867,16.59463882446289,0.0062213856479112,0.984517312740518,1.0176777069264202,2.660008581060798,12182.441455134262,20817.91817158964,0.5623285071924329,5.128738307952881,1.1664076519358175,58.33750527954101,0.3007061964553972,13128163.296139669,3761.761173647652,0.7657840850733763,38293.99658967888,-503.3472480534937,0.0360501810620026,0.0058019752699668,0.0123360827918046,1.6120166162617042,0.0555412881076335,0.0076525779366015,15.993055555555555,1.0,0.0,0.0,,,
PolyX_PolyG_49,PolyX_original,G,49.0,250,49,3.053976985499609,0.3620283857841119,3.0,4.0,3.0403792730373,1.1753210346501302,12819.914603285468,0.0293703390907911,16.14256512388891,16.207351684570312,0.0027556398521864,0.9892231470086836,1.0072886703254371,2.7229592692268514,12938.460445420762,21684.242581126087,0.291298262408236,1.5240540742874145,1.1676139717387095,58.05372525787354,0.3498493040865228,10816144.330953622,3818.365836264967,0.8227156894872175,40783.32397627257,-518.5821842098405,0.0339525360858934,0.0094483829242392,-0.0014176309341665,1.5674678586273312,0.1312363445758819,-0.0009044082953749,16.3265306122449,1.0,0.0,0.0,,,
PolyX_PolyG_5,PolyX_original,G,5.0,250,5,2.996848374674479,0.3689234315909188,3.0,3.0,6.097793285722624,1.1166136624966736,12347.56144472826,1.249523762819054,49.59467468261719,49.68053436279297,0.0010108617434684,0.9388220673897356,1.002183280945154,1.3321790402101077,972.3660736504394,1116.2779900063706,2.585420586634428,36.87476470470428,1.1670683347185298,55.11468148973431,0.3467359172480033,820504.3573262099,3686.376224147353,0.8092490918999511,566.8640018214486,3.3414373913018536,0.0270742437718528,0.0055202196573586,0.0154303940665527,1.5845937720694654,0.0102864829823374,0.0097377601361054,1.6,1.0,0.0,0.0,,,
PolyX_PolyG_50,PolyX_original,G,50.0,250,50,3.032285263173834,0.3674948446407515,3.0,4.0,3.0082674371407547,1.1684203043572183,13506.660774604452,0.0288828003077484,16.402663345336915,16.609228134155273,0.0044451478050519,0.9847322321961648,1.0111992438145885,2.5337250951324566,13672.214197883037,22541.7423936698,0.4796138267964124,2.8267067193984987,1.1683938318885956,58.98376400756836,0.3021181102953145,13245494.308671769,3805.343932555252,0.7666456424499571,44078.42514628991,-531.6763465066143,0.0448822861466123,0.0094870003995995,-0.0059825401484166,1.5810147815032791,0.054242193698883,-0.0037839874857778,16.66,1.0,0.0,0.0,,,
PolyX_PolyG_6,PolyX_original,G,6.0,250,6,2.945391827946153,0.4006753226344306,3.0,3.0,5.73340766907582,1.1000994848605028,12260.444190228092,0.4764225448760646,45.11352729797363,45.24008941650391,0.0012897537248769,0.9595862721297408,1.0021582613563778,1.0114042647073516,898.5839161800969,1183.1564900777607,3.803186900541186,51.82423937320709,1.1734058445148627,54.379822792053226,0.3844466758327799,1272532.4832250678,3472.2107329722994,0.7068174699417001,927.4964993004404,-13.34610205275719,0.0350239657940886,0.0099512591638698,-0.0106219835447794,1.668544676644495,0.0639740377664566,-0.0063660168605757,1.9444444444444444,1.0,0.0,0.0,,,
PolyX_PolyG_7,PolyX_original,G,7.0,250,7,2.998519871923608,0.3852218798492087,3.0,3.0,5.675662941845731,1.1298391908425285,13343.60346326227,0.2428974652116411,43.572278703962056,44.17474365234375,0.0056548430229728,0.8869110384579383,1.0072356359044614,0.4101163182884089,492.7412295423614,854.7948565765588,2.6826822290197017,36.578357458114624,1.1730823318394077,57.15504972839356,0.406966232379238,2058541.79233984,3639.963695344634,0.7081299750919544,1841.9777927869288,-29.717433265395336,0.0366664263731432,0.0186353566465169,0.0055363389222703,1.6266031064259776,-0.0427790768444538,0.0034036200349417,2.2857142857142856,1.0,0.0,0.0,,,
PolyX_PolyG_8,PolyX_original,G,8.0,250,8,2.9795495359803685,0.3786966357383075,3.0,3.0,5.289540515053512,1.125873477416123,11890.43036126174,0.2205018604915706,38.47486972808838,39.01888275146485,0.0053869642163174,0.9067199265535356,1.0063970252565633,0.3767701612564367,796.9254852516764,1254.2410473990346,3.5501639395952225,47.63355393409729,1.1713392829394136,54.36918624114991,0.4084760508885695,1828048.56204402,3045.474199615918,0.6763412938177614,1923.566669815288,-36.28437932422367,0.0346065001692618,0.0084646673578853,0.0093349284009622,1.6095196928288331,0.056416243314743,0.0057998224202995,2.625,1.0,0.0,0.0,,,
PolyX_PolyG_9,PolyX_original,G,9.0,250,9,2.985351334399853,0.3676789600751206,3.0,3.0,4.989663107073095,1.1042625557392314,12525.22303565737,0.1378112779257472,37.23064804077149,37.3852653503418,0.0015899309791575,0.9737451461370844,1.0023456483960145,1.5229550675312955,536.4798535643487,1126.8111570046178,2.710879453271628,38.4500111579895,1.1661069857911124,55.93465811157227,0.3660291264281418,2137848.5070282314,3725.925358632906,0.8090584604091616,2614.428131671901,-53.51049192668413,0.023084310236203,0.0108744642648308,-0.008705427920152,1.58147513187099,-0.0269754976034164,-0.0055046252351135,2.962962962962963,1.0,0.0,0.0,,,
PolyX_PolyI_10,L1_hydrophobic,I,10.0,250,10,2.989273714577048,0.3610720791531937,3.0,3.0,4.54626527110199,1.0992543074946948,12741.848164460973,0.0764010634459225,35.62425346374512,35.676177978515625,0.0007386928258171,0.9861443000779536,1.0017945745514742,1.8866967846580784,440.7381104429363,1387.0973272931517,0.4380740221589804,2.4246352434158327,1.1704330156481888,56.89638371276856,0.4169218475733395,3408427.945241266,3936.137984424588,0.8555472155800575,3615.959823031311,-77.15275954216693,0.0272758785155586,0.0099019894627756,-0.0093517038634136,1.5651217725383562,-0.0949496179819107,-0.0059750647054441,3.3,1.0,0.0,0.0,,,
PolyX_PolyI_11,L1_hydrophobic,I,11.0,250,11,2.974661661711908,0.3782860542556409,3.0,3.0,4.701052034798677,1.1071666633904198,12258.55871690821,0.0647729442466086,33.3159873268821,33.39448547363281,0.0012324618338457,0.9863028129932332,1.002930002153385,2.1458417525947864,581.5164651241379,1734.3872491574691,1.515057722502388,21.555502009391784,1.1721288580000206,55.17037598419189,0.3895901443511202,4113510.464932696,3466.834282852651,0.7476069669175511,5378.118937661622,-90.31662002818156,0.0378926539227013,0.0116106715063546,-0.0169865194744478,1.608456761899929,-0.0008717566961422,-0.0105607560462657,3.636363636363636,1.0,0.0,0.0,,,
PolyX_PolyI_12,L1_hydrophobic,I,12.0,250,12,2.9726598143550884,0.3772988610047574,3.0,3.0,4.602823395479617,1.0975973119201174,12377.366896333291,0.0405952608022642,32.051849365234375,32.09834289550781,0.0006211592879,0.9841959829181184,1.0013008998007398,1.8636799873409664,1183.98495291789,2627.6058566966058,1.2454629115760327,13.12519853115082,1.171196470621426,55.10412406158447,0.4040293767696166,9318602.769244958,3669.190995223923,0.7856996508379832,10317.952744847968,-115.34774110347756,0.0266568951588922,0.0074399154940037,0.0112537628911072,1.6059068104701828,-0.0547102093696594,0.0070077309698385,3.9722222222222223,1.0,0.0,0.0,,,
PolyX_PolyI_13,L1_hydrophobic,I,13.0,250,13,2.959480924138404,0.3744070579005406,3.0,3.0,4.61931611318337,1.0951246731676252,12480.577377076672,0.0257151717103074,30.922547267033504,30.95718765258789,0.000563328506625,0.9842952840794776,1.0015040287542605,1.9915093613565071,1643.630740875465,3264.1914640401933,0.1646559109911322,-0.0593615531921386,1.170814583500425,55.77306706237793,0.3346547687996596,13456776.373960422,3477.026038807709,0.7440964608566587,17793.5071327172,-142.766288992315,0.0233786391649682,0.0103343545951283,-0.0069446193013538,1.598483506933516,0.1195590049028396,-0.0043445048202228,4.307692307692308,1.0,0.0,0.0,,,
PolyX_PolyI_14,L1_hydrophobic,I,14.0,250,14,2.977863410677053,0.3679714777585397,3.0,3.0,4.804086320253233,1.0988797940783868,12371.712263342672,0.0150242446436785,29.667450632367814,29.746776580810547,0.0012184343038935,0.978628034295194,1.0027182682488402,2.2429732264381417,2499.4799219979373,4044.2829559509455,0.0836185918422415,-0.6629167318344116,1.1689586776186998,56.09525261688233,0.3415031672872575,37333754.65804902,3629.408857319786,0.7972452255429959,43328.320314386605,-176.31977873810774,0.0259422040401539,0.0080375660091849,-0.0113859423051331,1.582207075803392,0.0530560687184333,-0.0071962402889849,4.642857142857143,1.0,0.0,0.0,,,
PolyX_PolyI_15,L1_hydrophobic,I,15.0,250,15,2.9312037661178247,0.4046526737969692,3.0,3.0,5.085452994169592,1.0963201393190098,12645.700879023903,0.0111712572715876,28.97710698445638,29.11258888244629,0.0014679297907843,0.9808477614652784,1.0021806502847612,1.9338099989206767,2465.246657741223,4095.987181452963,1.5307476244866849,20.96224191188812,1.1744932191594133,54.29922955322266,0.3719332384475844,49053978.162540026,3461.033730038392,0.6763640447129793,75710.28147657834,-202.2484925748604,0.0445223235107372,0.0106372213342649,0.0015111916878911,1.679691763088511,-0.0378434881567955,0.0008996839307126,4.977777777777778,1.0,0.0,0.0,,,
PolyX_PolyI_16,L1_hydrophobic,I,16.0,250,16,2.959497737571153,0.3849783371550172,3.0,3.0,5.094256099900536,1.0965838395943952,13478.841350413732,0.005386350581882,28.966450691223145,29.062549591064453,0.0017698150686363,0.9787875352048606,1.0043835616438357,2.393312122974524,1789.4860638554137,3587.3065020401264,0.109240647777915,-0.4728067755699158,1.172424233725651,57.57995977020264,0.4506507470095946,68562605.72421436,3846.22573165939,0.7412179279510399,137405.61014873517,-250.74657164930792,0.0332692729939783,0.0073945759650964,-0.013459460111868,1.6259589871585576,-0.063125655055046,-0.0082778595384876,5.3125,1.0,0.0,0.0,,,
PolyX_PolyI_17,L1_hydrophobic,I,17.0,250,17,2.990488172318596,0.364277788519068,3.0,3.0,4.952194913602139,1.1033377552695107,11772.158470128654,0.0053872189240392,26.262316198909986,26.315105438232425,0.0010299753705574,0.9873149580674604,1.0027416635323594,2.394700405858316,2497.1290025379053,4321.070866223034,0.1232021219097077,-0.7112493753433228,1.172005475150813,53.66466596221924,0.3698723424226418,57503260.63013554,3629.667876380712,0.8464047593982933,139061.24692369552,-266.4100119283612,0.0304828373958402,0.0071196110568583,0.0108863935649785,1.5730140963149188,0.0354294925928115,0.0069207221917399,5.647058823529412,1.0,0.0,0.0,,,
PolyX_PolyI_18,L1_hydrophobic,I,18.0,250,18,2.9847857516629923,0.3683164341545741,3.0,3.0,5.010256220330531,1.1029601577003447,12214.04647180968,0.003564628008712,25.996984587775337,26.061628341674805,0.0010146750361101,0.9900050861507748,1.0025510821945751,2.168155236016028,2216.12832789134,4317.660256445531,0.0784829247742891,-0.5974899888038635,1.168959759039677,55.17744519042969,0.3391958303610372,64913746.77009547,3663.510418251271,0.8143606221702495,179085.9612410971,-304.38154319300816,0.0344591874729094,0.0065966792985325,-0.003190457067912,1.5830711040608296,-0.0864749401807785,-0.002015359297208,5.981481481481482,1.0,0.0,0.0,,,
PolyX_PolyI_19,L1_hydrophobic,I,19.0,250,19,2.969434916582742,0.3929058797544825,3.0,3.0,5.157415518912528,1.1194778835364587,12141.302417427176,0.0040025532742166,25.227976949591387,25.620361328125,0.0037695525091927,0.9608320682166268,1.0026785936099731,1.2790075192745736,2772.325539166313,4955.4889032748815,1.5490198206156491,21.9257524728775,1.1726765127202543,53.814632232666014,0.3701758901738571,80314330.68352222,3293.526452761268,0.6904104420865467,194340.9947822521,-314.68688033717746,0.0306882784273941,0.0155715078665829,-0.00751074537945,1.6471910477333986,-0.0614405460655689,-0.0045597293582484,6.315789473684211,1.0,0.0,0.0,,,
PolyX_PolyI_20,L1_hydrophobic,I,20.0,250,20,2.990648337673885,0.3669225742588317,3.0,3.0,5.046937972116736,1.1053089885918204,13041.30138121719,0.0026873618630043,25.48429040908813,25.662363052368164,0.0034566437581046,0.9846221971819848,1.0088742040276035,2.692310994141793,2330.9664308000324,4823.754472975475,0.1383717453572899,-0.5801574468612671,1.1697860648850646,57.137262008666994,0.3393401995163188,71196610.49309632,4031.2054363361895,0.8424411412307756,236840.7204566202,-355.1516935227952,0.0274149623752633,0.0115701227140675,0.0166911418891708,1.5795856230843508,-0.018401276320219,0.0105667851392078,6.65,1.0,0.0,0.0,,,
PolyX_PolyI_21,L1_hydrophobic,I,21.0,250,21,2.959027314428174,0.385596185523462,3.0,3.0,5.053026967668292,1.1021086418527026,11308.23377431069,0.0020637084188325,23.158865610758465,23.195131301879883,0.000762069859722,0.9876495766224418,1.0021179669067568,2.4005631264086755,1987.4745407301468,4808.454953358507,0.1151297602802515,-0.4934505343437195,1.1744916365246525,53.081582786560055,0.4349780836619276,74354486.18112549,3152.7826417421347,0.7230469919565193,277657.9227830928,-389.5447670473057,0.0310063056007387,0.0097521543311832,0.0012279085864819,1.6275940618174445,0.0279242005199193,0.0007544317193166,6.984126984126984,1.0,0.0,0.0,,,
PolyX_PolyI_22,L1_hydrophobic,I,22.0,250,22,2.953698186486347,0.3849142753176836,3.0,3.0,5.06652619765133,1.1012330118752325,12574.49993942354,0.0016975690182267,23.85961506583474,23.93230628967285,0.001108259439656,0.9863272879468286,1.002731712734431,2.2996128162484624,1883.4126102004727,5022.656586382304,0.0817855771165341,-0.6550066828727722,1.171074869887183,55.72210819244385,0.3551867129768228,80098524.80798191,3433.172796219448,0.7093179029003537,308701.95935213595,-420.9847998106404,0.0361717728756236,0.0062749983172504,0.0053511443482838,1.6257896417877142,-0.0096699418500065,0.0032914124991414,7.318181818181818,1.0,0.0,0.0,,,
PolyX_PolyI_23,L1_hydrophobic,I,23.0,250,23,2.982856535694188,0.3671810315478534,3.0,3.0,5.069548214645447,1.1076473777711444,12267.1261235787,0.0015022886280865,23.048145045404848,23.17046546936035,0.0023395269624068,0.989891624871697,1.0056486843802683,2.4239744016295908,1880.14333532774,5294.647734412993,0.1090712633915245,-0.5183022856712342,1.1732267063431263,55.37163320922851,0.3778543696663479,85658526.66036408,3543.681032080343,0.7867405878028247,340087.3638622282,-448.552791126052,0.0337129487425179,0.0080532313755632,0.0007667574383169,1.5802307608540331,0.0376976951956748,0.000485218651138,7.6521739130434785,1.0,0.0,0.0,,,
PolyX_PolyI_24,L1_hydrophobic,I,24.0,250,24,2.972549246632153,0.3765284224620636,3.0,3.0,5.1684981655498525,1.1076244928280634,12964.054069612588,0.0015087041569965,23.19498451550801,23.29754066467285,0.0013175724602356,0.991125048719437,1.002778877690735,2.127805078707412,2305.049105514975,5817.687860978761,1.4528451288118958,19.408506083488465,1.1691474630148626,57.09565379333496,0.2965745960173975,102030275.237593,3652.785090575088,0.7483168476711237,373015.920863734,-467.748262994709,0.0327388914200467,0.0143034840099069,0.0016340629462531,1.6039223535240514,-0.0621176362037658,0.0010187918028331,7.986111111111111,1.0,0.0,0.0,,,
PolyX_PolyI_25,L1_hydrophobic,I,25.0,250,25,2.958383457466973,0.3814549373181151,3.0,3.0,5.064443315728576,1.1064753751696692,11953.306430990217,0.0014006539367791,21.822350997924804,21.972570419311523,0.0031528142573423,0.990561768881894,1.0080030532978346,2.4425509826410394,2591.229919254888,6371.889190856701,0.0860607514972798,-0.4183778405189514,1.1751102204497907,54.472352920532224,0.4290958071531311,106253407.89239275,3231.9280264755816,0.7088108994085965,400109.24043176766,-492.8111640153374,0.0244368240913725,0.0133731555294644,0.005742409815396,1.616697085357378,0.1135409027338028,0.0035519392389895,8.32,1.0,0.0,0.0,,,
PolyX_PolyI_26,L1_hydrophobic,I,26.0,250,26,2.995504956184337,0.3679117999878222,3.0,3.0,5.049227837011308,1.1144341406756306,11914.940398670013,0.0013970455699424,21.364252750690166,21.493940353393555,0.0023745225929345,0.9817911861559891,1.0057280989066093,2.4713804863596263,3126.5974849531112,7001.017525063184,0.1163682437501847,-0.5529925584793091,1.1753880301744242,55.624369682312015,0.3881420994538459,103114952.92371254,3568.5816587798427,0.8140668081502018,425808.711222542,-512.7248126156527,0.0299610190484426,0.0088687197499767,0.017813785278323,1.5820576938166766,0.0116377677768468,0.0112598834712669,8.653846153846153,1.0,0.0,0.0,,,
PolyX_PolyI_27,L1_hydrophobic,I,27.0,250,27,3.003732116940556,0.3669725806072965,3.0,3.0,5.270021606828308,1.121319247687696,13306.515978715182,0.0011801207437264,22.155291027492947,22.34604454040528,0.003394191137935,0.970493110464661,1.0083929694783615,2.5062937711686875,2812.7795180836515,7099.059036673826,1.1592555329203609,11.38469080924988,1.1696714938830195,57.47830665588379,0.3228086038421238,120587476.3219414,4034.640076638452,0.8262411531542168,484459.6371131584,-546.1131717284449,0.0201344318094327,0.0116181465811279,-0.0013202417876066,1.5797104033176836,0.0077941296622157,-0.0008357492517301,8.987654320987655,1.0,0.0,0.0,,,
PolyX_PolyI_28,L1_hydrophobic,I,28.0,250,28,2.9976855835729457,0.3629790698625252,3.0,3.0,5.051039372451566,1.1169218198776991,12654.584588679129,0.0011395888104807,21.216501099722727,21.32806396484375,0.0019626503493573,0.9899269354388333,1.0046768926723897,2.3946164270714774,3362.1425606173107,7811.330573849798,0.1278583288309164,-0.5780442476272583,1.1739439844768194,56.42447593688965,0.3958622747355184,108556119.29450186,3722.4524822789567,0.8104004733605316,479857.7493538652,-569.2753250479868,0.024656423192202,0.0129314400266378,-0.0120492311457521,1.569807132999839,-0.017084902152419,-0.0076756124314194,9.321428571428571,1.0,0.0,0.0,,,
PolyX_PolyI_29,L1_hydrophobic,I,29.0,250,29,2.966801102304007,0.3858907785951396,3.0,3.0,5.064128287872842,1.113144852867379,12626.548883249368,0.0009675239221876,20.824248544101057,21.020164489746094,0.0041074714059628,0.989170650060172,1.0104280052661363,2.428339238766171,3301.445780604128,8106.414723331904,0.093221372552216,-0.601075041294098,1.1709944182177063,56.57217895507812,0.3693671923474848,146726109.8863379,3471.562726760285,0.7124853711422882,539031.0807806584,-603.8469715605055,0.0312868225059811,0.0089232909618679,-0.0094148172468436,1.6283748316176732,0.0983095839619636,-0.0057817260887731,9.655172413793103,1.0,0.0,0.0,,,
PolyX_PolyI_30,L1_hydrophobic,I,30.0,250,30,2.9697075581788503,0.3925547020132465,3.0,3.0,5.067261545242718,1.113709294820042,14121.806169178524,0.0010050270379571,21.65251350402832,21.908823013305664,0.0051883982320568,0.9839206726175534,1.013138126368354,2.5874592052934773,3995.457031904673,8877.492136414203,0.1834209635853767,-0.4231034398078918,1.173268435012199,59.93047987365723,0.3892242513618101,165766235.0442436,4102.969066465535,0.740129667279203,552861.8158768754,-621.2466198248286,0.0247309229906506,0.0109549229192164,0.0080836682128454,1.646238769670758,-0.0531577467918396,0.0049103862460796,9.988888888888887,1.0,0.0,0.0,,,
PolyX_PolyI_31,L1_hydrophobic,I,31.0,250,31,2.9614951140550225,0.3961993668151958,3.0,3.0,5.053925071776919,1.11638251865685,12315.604262476176,0.0008892098484241,19.891877082086378,19.99884033203125,0.0020552244717723,0.9904488670407356,1.0048804692445497,2.5570603008302246,3870.718945654928,9160.201749915705,0.0795983403455466,-0.5876926898956298,1.1684949781705796,56.44896249389648,0.3701814962279889,138737139.9438374,3396.832775622495,0.6961529452912637,604514.4099003483,-653.3414284780205,0.0295664726268119,0.0126635523488916,0.0003010989264794,1.6561758054565203,0.0242884345352649,0.0001818037224485,10.32258064516129,1.0,0.0,0.0,,,
PolyX_PolyI_32,L1_hydrophobic,I,32.0,250,32,3.000205629076566,0.3694024295674368,3.0,3.0,5.048200096963233,1.122992745451982,12990.516480706628,0.0009388122943346,20.10748678445816,20.395309448242188,0.0068182315506371,0.9795722156095432,1.0175033871375998,2.696564014469504,4367.254873508724,9805.806398193588,0.0888066437095403,-0.5687358498573303,1.1693212370413628,58.20602012634277,0.3808299413058315,122425516.97600344,3795.654723822512,0.7909709505371743,566588.8636440625,-669.2058631728522,0.0277175050723848,0.0071065625010356,0.0174942430388855,1.5857974196031908,0.0391459353268146,0.0110318271561823,10.65625,1.0,0.0,0.0,,,
PolyX_PolyI_33,L1_hydrophobic,I,33.0,250,33,2.9705599306611843,0.3859883279220948,3.0,3.0,5.031314245176725,1.1199620689795935,12896.80501806751,0.0009380117952358,19.72928382411148,19.90815544128418,0.0033573527473872,0.9867802440398404,1.0082756593534068,2.388083303760853,4622.166008099848,10313.69805301862,0.0952588208951056,-0.6173279047012329,1.1717487609610484,57.14416083526611,0.3403659892821195,135625576.14043063,3489.9512322615687,0.7010726942057703,567556.4319010325,-690.2029986290025,0.0263031294427522,0.0075517706545292,-0.0029474579692031,1.6286335349552137,0.0602851025760173,-0.0018097735959386,10.98989898989899,1.0,0.0,0.0,,,
PolyX_PolyI_34,L1_hydrophobic,I,34.0,250,34,3.019976401215235,0.3601739866899682,3.0,3.0,5.000906978124822,1.131846669992423,12152.58506636338,0.0010001456614776,18.86786870395436,19.01253128051757,0.0027975045893512,0.99032513554684,1.006825978837935,2.547002679509325,5264.805794926911,11082.199428757383,0.1374748662114143,-0.5677067041397095,1.1698693849939612,55.92014405822754,0.3833000701693397,112905987.46961856,3688.9102370335954,0.8427855384100079,550946.6745381561,-704.5761269705183,0.0338537611491099,0.0072002150873594,0.0133081991477931,1.5629248876998123,-0.1247348934412002,0.0085149320045236,11.323529411764708,1.0,0.0,0.0,,,
PolyX_PolyI_35,L1_hydrophobic,I,35.0,250,35,2.994915012803232,0.3757326006513024,3.0,3.0,4.96524879452629,1.128701438594462,12556.954086506066,0.0010274383533333,18.903016226632253,19.150297164916992,0.0055507599216425,0.9821566728423624,1.013485481007678,2.3695850815116795,5930.481501409449,11873.977413213455,0.1023198634851723,-0.6047760605812073,1.1719794853158354,57.01293095397949,0.3832718387610057,135093375.25754702,3511.12115520399,0.7441879451447461,574297.512415626,-722.472036628809,0.0373191561696838,0.0116231198183216,0.0144277884985959,1.6018776585855783,-0.0538720116019248,0.0090067980038092,11.657142857142857,1.0,0.0,0.0,,,
PolyX_PolyI_36,L1_hydrophobic,I,36.0,250,36,3.0217898003853128,0.3610864568776493,3.0,3.0,5.008656821524125,1.133439645248116,13489.670711753528,0.0008859314430258,19.31823794047038,19.663715362548828,0.0073024527912923,0.9820395647298524,1.0186726188635986,2.3302013225260105,5727.79103921677,12124.190529416828,0.0875659802928567,-0.5298312425613403,1.176292940123769,59.46928663635254,0.3947933897577496,139462194.6774942,4101.44437686618,0.8420236267848316,628115.0267460587,-759.1180039523983,0.02833803060229,0.0086355793549067,0.0142273359089454,1.5651569930933549,0.0392324700951576,0.0090900375941954,11.99074074074074,1.0,0.0,0.0,,,
PolyX_PolyI_37,L1_hydrophobic,I,37.0,250,37,2.9970309712709886,0.3822069203120881,3.0,3.0,5.031040184304487,1.1311597450287767,13679.396991161444,0.0008350401137651,19.18922981056007,19.426713943481445,0.0046688636652716,0.984857729341389,1.0119328392333713,2.4208443868699043,6200.082824185808,12769.322370648211,0.0996789224445819,-0.7428528189659118,1.1701100716622663,59.00336614227295,0.3228782982827143,169982888.80028248,3905.1700708693743,0.7469206261013719,683063.3973899344,-786.7713498103877,0.03601810506872,0.0108624760300578,-0.0094219615427356,1.6186649428076567,0.0200337637215852,-0.0058208226378281,12.324324324324325,1.0,0.0,0.0,,,
PolyX_PolyI_38,L1_hydrophobic,I,38.0,250,38,2.9637790798223365,0.3826577806773761,3.0,3.0,4.998907190242978,1.1299915236560525,12167.59491009861,0.0008766647639996,17.85812995308324,18.0577449798584,0.0044294989032923,0.9823625846656452,1.0110320365459282,2.587216296500205,7027.255397066557,13661.234559744344,0.1091090521775186,-0.5567278504371643,1.1691202093751352,56.24872785949707,0.3688151811219314,157512063.60004002,3064.104081455286,0.6580944412112177,714068.111442069,-802.4899202620823,0.0200783965802795,0.0100057525833901,0.0119198169765762,1.6198470940433098,0.065539114177227,0.0073586062657847,12.657894736842104,1.0,0.0,0.0,,,
PolyX_PolyI_39,L1_hydrophobic,I,39.0,250,39,3.0351809829284537,0.3560537894692092,3.0,3.0,5.008583130163361,1.1424365533783891,13157.235297014133,0.0009093670625202,18.3303895118909,18.614273071289062,0.0060649292667016,0.9871556434637284,1.0151838746311217,2.423460245212205,7710.273795839403,14445.34128982824,0.1131249768659472,-0.6029820322990418,1.1674711347564093,58.31644597625733,0.3345592800757184,187135953.9985512,4026.862565917699,0.8595804983567582,720554.0502867283,-819.3230510715397,0.0315052806330184,0.0084191226690685,-0.0144707272569346,1.552924737573534,0.015974735841155,-0.0093183699801276,12.991452991452991,1.0,0.0,0.0,,,
PolyX_PolyI_4,L1_hydrophobic,I,4.0,250,4,2.9766213394036622,0.3851833496291642,3.0,3.0,6.585875149623176,1.1095536290771173,11928.7031155219,1.8646136449031523,54.499878883361816,54.661529541015625,0.0018458092769263,0.8937966399887256,1.0037328886659675,1.039720770839918,709.4854058970883,811.6464078227175,4.241827952489257,62.1293884396553,1.1678163565326198,55.16080586957709,0.3740795855771107,542587.8125391246,3494.872878080217,0.7606250917651642,358.0076547550484,7.476646484555747,0.0191838386902118,0.0065052184979424,0.0081852790424893,1.6265011681073296,0.1221904307603836,0.0050324458429444,1.25,1.0,0.0,0.0,,,
PolyX_PolyI_40,L1_hydrophobic,I,40.0,250,40,3.0126647164121554,0.3762627483176614,3.0,3.0,4.949317738803847,1.1418850305060355,12724.86987833872,0.0009052127127978,17.799790334701537,18.12208747863769,0.0072655420124557,0.98680551701372,1.0185634315600105,2.539317444342947,8523.258272770041,15333.85534198484,0.2083900069352239,0.6395069837570191,1.1667588540904246,57.7426512298584,0.3374456826743198,187505586.53686628,3594.2111274185377,0.7506872004184191,781562.8707401932,-840.8807938621107,0.0338404747209766,0.0070499991095672,0.0297463676959677,1.603239180124017,-0.025368208065629,0.0185539176330579,13.325,1.0,0.0,0.0,,,
PolyX_PolyI_41,L1_hydrophobic,I,41.0,250,41,3.007994609419708,0.3861719374295541,3.0,3.0,5.059184720811523,1.145637608096008,12823.770017074132,0.0009045317561449,17.64977115538062,18.060461044311523,0.0054784154796417,0.9783670590472402,1.0107684793234033,2.2617786278316205,8859.82530159036,15918.717119404571,1.5340607730671765,21.369273054599763,1.1677905527178094,57.502378341674806,0.3207322422231037,176418797.83751246,3619.188459469269,0.73082730780092,798445.8097254963,-861.9953769453388,0.0353767403249729,0.006598135552355,-0.0005732611029324,1.6291206951543296,0.0729763954877853,-0.0003518837521384,13.658536585365852,1.0,0.0,0.0,,,
PolyX_PolyI_42,L1_hydrophobic,I,42.0,250,42,3.020328371277867,0.3719997091651018,3.0,4.0,4.932865298991519,1.1491815895963235,12196.160527654429,0.0008021441744171,17.006058647519065,17.364351272583008,0.0077127813264336,0.979173161596901,1.0202668838328668,2.437673732596616,9285.624220696707,16605.924051557515,0.1285843058489263,-0.4960565447807312,1.1712966010709491,57.12854565429687,0.3671781799593751,183316508.4365008,3366.4417041501542,0.7420024956291783,858230.6856331652,-898.155911078228,0.0211157743974967,0.0099892721762602,-0.0008585412727562,1.5923559504575149,-0.0344630107283592,-0.0005391641689508,13.992063492063492,1.0,0.0,0.0,,,
PolyX_PolyI_43,L1_hydrophobic,I,43.0,250,43,3.021137516393925,0.3625729191253762,3.0,4.0,4.983833451193092,1.1502019831303625,12584.107250637431,0.000764197572966,17.072682979495028,17.259490966796875,0.004734532162615,0.9855248425024488,1.0125843733683662,2.5644922932220133,9693.959214515731,17244.464305268506,0.1184571124380454,-0.7173362851142884,1.171642314111377,57.52534648132324,0.3614777938354148,194741300.7820884,3421.457605924323,0.7498827942858631,892990.4862949819,-925.7921723454418,0.0303690409402944,0.0105809748340535,-0.0184212714510658,1.568806895728189,0.0589661225676536,-0.0117422172863035,14.325581395348838,1.0,0.0,0.0,,,
PolyX_PolyI_44,L1_hydrophobic,I,44.0,250,44,3.0386037289743726,0.3726515278593871,3.0,4.0,4.86115585088779,1.1569782699886784,12196.603337805547,0.0009199404146601,16.614814281463623,17.0599365234375,0.0112100091205651,0.9836124252601016,1.02872833673209,2.4395117281260537,11047.29594106962,18397.208283465257,0.3536489743739366,3.5697741389274595,1.1668418185658802,57.49500573730469,0.3219792447051753,185910544.5041046,3541.1500339253407,0.7791167149988825,902478.6046767944,-922.8385284305094,0.030675869997164,0.0095750283207684,0.0109619949141017,1.5940104175082166,-0.0433467142283916,0.0068769907605434,14.659090909090908,1.0,0.0,0.0,,,
PolyX_PolyI_45,L1_hydrophobic,I,45.0,250,45,3.023798272164934,0.3744808849168652,3.0,4.0,4.927962911868393,1.1573797490306592,12149.365217921091,0.0008087638229543,16.397353574964736,16.86037826538086,0.0110366327920428,0.9822335360390606,1.028144888490928,2.443021333556492,11067.55805438438,18865.531927380154,0.2207659466192126,2.077394473552704,1.1664610805797346,57.22657097625732,0.3485146343711174,212110735.53016257,3260.946222291096,0.7167379412655563,928645.9240676648,-961.2003959140358,0.0386140531934735,0.0080559399305486,-0.003187726945604,1.598672168263147,0.0209411028772592,-0.0019939841380161,14.992592592592592,1.0,0.0,0.0,,,
PolyX_PolyI_46,L1_hydrophobic,I,46.0,250,46,2.9968552633631416,0.3937627103863829,3.0,4.0,4.954300632823444,1.151218048225815,13574.987987228593,0.0007863338960962,17.144082981607188,17.377483367919922,0.0053528059396799,0.9865554258340554,1.0132287774274684,2.6497060684778693,11711.798554621731,19660.175516064883,0.518999669700861,2.446962058544159,1.169956425269709,60.50196684265137,0.3714455356095891,257936253.30624205,3569.5254208396354,0.6677846616144699,945312.7702137876,-986.4417145842924,0.0334133756254073,0.0043359673335355,-0.0041864038870886,1.6495191192170744,-0.0242630746215581,-0.0025379541455826,15.326086956521738,1.0,0.0,0.0,,,
PolyX_PolyI_47,L1_hydrophobic,I,47.0,250,47,3.048925664965867,0.3722653146187024,3.0,4.0,4.666530190297546,1.16527008162243,12432.07445193727,0.0010205099980367,16.230431292919402,16.657541275024414,0.0101756633907262,0.9798185536244138,1.0262969334956966,2.534637438396247,13432.313855985129,20998.869666138755,0.5546753309667111,6.373591959476471,1.163004633705042,57.76106898498535,0.2727184455063063,200558967.687488,3596.342808954092,0.7770785249103261,958817.5724584884,-971.1307458842592,0.0349706063670429,0.0133608823677348,-0.0135741399762513,1.5930297039307009,0.0217740125954151,-0.0085209584867789,15.659574468085106,1.0,0.0,0.0,,,
PolyX_PolyI_48,L1_hydrophobic,I,48.0,250,48,3.052007821236593,0.3679858186367838,3.0,4.0,4.821149365920084,1.1655488995998438,13371.460513345774,0.0008686447541452,16.65674618879954,16.923105239868164,0.0061842982706663,0.985374026104066,1.015761620169408,2.657730987786159,13842.6876860018,21669.017160070754,0.3085675501730293,4.030905222892761,1.1646658069926286,60.77094697570801,0.3265516242672136,265466772.03767347,3841.82201596789,0.7807775413145867,1084511.8878624486,-1014.9948808666816,0.0197625729892439,0.0082653025735272,0.0110792534222456,1.5822429772747515,-0.0522267818450927,0.0070022452813336,15.993055555555555,1.0,0.0,0.0,,,
PolyX_PolyI_49,L1_hydrophobic,I,49.0,250,49,3.0509939496349325,0.3679296516152819,3.0,4.0,4.634631123902842,1.1706684694228715,12468.712118152334,0.0010188539736995,15.91959254595698,16.188796997070312,0.0069459800840379,0.9792669151779106,1.017290656319164,2.630596346294052,15102.921873833118,22768.452805916124,0.2781614873558283,4.732862818241119,1.1709795666166622,58.42319235229492,0.325750688598547,233188983.14907125,3431.891641469924,0.7480785114852851,1005874.6550153818,-1012.6941946766092,0.0190772519053203,0.0156689425325575,-0.0125710693907998,1.5821023760338409,0.009443568997085,-0.007945800208909,16.3265306122449,1.0,0.0,0.0,,,
PolyX_PolyI_5,L1_hydrophobic,I,5.0,250,5,2.9804904508343726,0.3718118499946714,3.0,3.0,6.143817682943928,1.1033675152905984,12215.467659232234,0.4461312928261886,49.32868728637696,49.36777877807617,0.0008398337746095,0.9737528323613536,1.0017724709446725,0.6730116670092565,254.6720480112685,448.5506375288936,1.6289780117571353,23.36519124507904,1.1695291733070594,55.31134837348714,0.2887335137947938,569089.3842208674,3559.8075493717206,0.7837782263922332,649.3012937408087,-12.107129811363745,0.0264126377579184,0.0073545910176168,0.0063528495363191,1.5918797576673764,0.1134483963251113,0.0039907847972318,1.6,1.0,0.0,0.0,,,
PolyX_PolyI_50,L1_hydrophobic,I,50.0,250,50,3.040009692131968,0.3875885044099088,3.0,5.0,4.770214806975532,1.1734260827052552,12157.010548236976,0.0008683054345285,15.560821418762208,16.021038055419922,0.0108465217504663,0.9821839903216492,1.0276610966058186,2.6090424278540336,15363.612471133429,23397.37962682548,0.3860130117740482,4.099706745147705,1.175213325805465,58.10099829101563,0.3710193652505397,280135863.8472663,3340.346011442605,0.7089143614200994,1121367.215892444,-1057.344941173445,0.0333346433048441,0.013526833335313,-0.0156879169457113,1.6328890087806835,-0.034579049795866,-0.0096074606788278,16.66,1.0,0.0,0.0,,,
PolyX_PolyI_6,L1_hydrophobic,I,6.0,250,6,2.966302653252652,0.3679161375542323,3.0,3.0,5.438798098215502,1.0937566093382216,12379.033729704695,0.2137518984675178,45.33121871948242,45.34655380249024,0.0002584673608817,0.986830415626421,1.0006157586485365,1.329661348854661,27.83307081440601,333.7503962878842,0.0952317561954259,-0.384222412109375,1.166075937649788,55.08765229034424,0.4000643620612875,739878.3249462048,3514.747375457436,0.7717178251949552,924.7004431789136,-27.772907118254537,0.0273839470784798,0.0144103363292312,0.0175651235326062,1.5820685504145413,-0.0025594115722924,0.011102631126125,1.9444444444444444,1.0,0.0,0.0,,,
PolyX_PolyI_7,L1_hydrophobic,I,7.0,250,7,2.976422577574695,0.3750409199687131,3.0,3.0,5.04079592576571,1.0960189618224434,12065.281440511286,0.158855019401846,41.433283124651226,41.45622253417969,0.0003492053383555,0.9853160801451352,1.000803900012965,1.7478680974668197,45.01775858911389,457.1468621671164,0.0963211646303534,-0.0274881124496459,1.170201087124618,54.6142633895874,0.4024940804343646,1067065.3218637574,3677.382247024226,0.8126857840362843,1227.2151850430985,-38.63502960550813,0.0415349593572502,0.0164079625702786,0.0015562590043011,1.6001047619788764,-0.024885855615139,0.0009725981955576,2.2857142857142856,1.0,0.0,0.0,,,
PolyX_PolyI_8,L1_hydrophobic,I,8.0,250,8,2.9574286679650577,0.382361446662548,3.0,3.0,4.807556032846497,1.0929736166841435,12721.794148427312,0.124185845062047,39.79777956008911,39.81480407714844,0.0002410632401337,0.9906693926602246,1.000633321853372,1.4941751382893085,71.71525864719474,615.1682467856602,0.1044661620166152,-0.1208570003509521,1.1708141015873883,55.96498929595947,0.3909570356845213,1483590.3231940304,3603.165649817236,0.7407331286310672,1689.948305285237,-50.06342586817535,0.0343834727068604,0.006789248631245,0.0025004604171114,1.6190699149145271,-0.248483806848526,0.0015443807546069,2.625,1.0,0.0,0.0,,,
PolyX_PolyI_9,L1_hydrophobic,I,9.0,250,9,2.976767007637963,0.3732117393215453,3.0,3.0,4.789949687226607,1.1033424974815322,12122.866858900648,0.1246512825693991,36.62768809000651,36.90629196166992,0.0026950955449158,0.9546134027657656,1.002216889525509,0.3488320958430318,381.2906215456923,1053.9077816957836,1.6321929831057786,22.82354986667633,1.1733590896621573,54.04454552459717,0.3635775831698263,1699960.165235719,3492.304272837332,0.771882942698205,2153.378678258052,-56.22034963668358,0.0385890816792124,0.0104858325624141,0.0014249728028265,1.5954351137935632,0.0890156030654907,0.0008931562245417,2.962962962962963,1.0,0.0,0.0,,,
PolyX_PolyK_10,PolyX_original,K,10.0,250,10,2.963763398579534,0.3860044070527183,3.0,3.0,4.658132092014035,1.1089157112427952,12580.057140987996,0.1698153041375981,35.397129440307616,35.785484313964844,0.0036727673181557,0.943117822570587,1.0021726622822578,0.3250829733914482,1058.2119875030812,1786.1001094195674,2.2637903187423944,27.312509298324585,1.1723750180584214,55.724917129516605,0.3792672985223435,1024862.556168201,3455.115247908056,0.7115208997938267,1687.7198177156265,-53.19131619494027,0.0352892783755963,0.0059712990793238,-0.018499205173095,1.628676185116953,-0.0051829544827342,-0.0113584304486105,3.3,1.0,0.0,0.0,,,
PolyX_PolyK_11,PolyX_original,K,11.0,250,11,3.012114771098608,0.3636632160520943,3.0,3.0,4.621258700506586,1.1343174145018176,12120.255031432573,0.2607449501954207,33.12728292291815,33.2678337097168,0.003956495442385,0.9410666623588052,1.0087162417014344,1.7677614722893296,2075.2973228651367,2768.507113966271,2.766014350671321,45.17907004356384,1.1687682036195708,54.606935638427736,0.3414299708623824,898546.7989297328,3539.2582319609764,0.8029733238797292,1597.5051343562384,-44.35901404794657,0.0353141236078266,0.0146318808353926,0.0116252459886206,1.5714948832533089,0.0845502763986587,0.0073975716445313,3.636363636363636,1.0,0.0,0.0,,,
PolyX_PolyK_12,PolyX_original,K,12.0,250,12,3.073023682323303,0.3570811016817177,3.0,4.0,4.579094139303081,1.175486042359834,12889.256796806629,0.3070975317634704,32.70509656270345,34.122711181640625,0.0131503366101412,0.853523021954749,1.0044262956634946,0.7214636866925022,2288.3852535575725,3178.183377572394,2.3241373054683208,35.927437567710875,1.169020770807434,57.70418716430664,0.3797732673628175,897428.5233011877,3932.103144674218,0.8543388564648677,1639.7748862367575,-42.50123583315239,0.030725269385549,0.0075977053017527,-0.0048127488642123,1.5554061369416174,-0.0119954170659184,-0.003094207197463,3.9722222222222223,1.0,0.0,0.0,,,
PolyX_PolyK_13,PolyX_original,K,13.0,250,13,3.1149022854728283,0.3542149497576748,3.0,5.0,4.466737087713255,1.21573745860709,12255.153049952798,0.4521230108977564,30.638411888709435,32.12500762939453,0.0153435208936393,0.8228539859814991,1.0195403494273008,0.937155853065697,3587.849732606097,4408.608830950386,3.28868966139853,48.61797535419464,1.1742454799478066,57.17392339324951,0.4181950751258748,930524.6200881052,3573.3440006918013,0.8231693680123642,1516.1708195537287,-30.958238387104416,0.0488682789820346,0.0189567487409846,0.0091039288138431,1.5485028642653758,0.0589954853057861,0.0058791811260705,4.307692307692308,1.0,0.0,0.0,,,
PolyX_PolyK_14,PolyX_original,K,14.0,250,14,3.0523465151711946,0.3921409257421125,3.0,5.0,4.3403704615810685,1.2063267564296818,12784.097393482827,0.4094830328468286,30.15697819846017,30.86231803894043,0.0076965796753407,0.901910624392782,1.0110237891310268,1.3760552852604138,3593.231030351747,4684.5798031721415,2.362752962857485,32.05449297428131,1.1684649059722203,57.75421853637695,0.3480681984623108,993088.8154828248,3300.195044223544,0.658305324032214,1570.2945218502186,-37.50011187891982,0.0382522871094958,0.0048162881988081,-0.0057714965554807,1.645118157067677,0.0555256828665733,-0.0035082565530838,4.642857142857143,1.0,0.0,0.0,,,
PolyX_PolyK_15,PolyX_original,K,15.0,250,15,3.3456919496331348,0.3404952543777844,4.0,7.0,4.409447985640157,1.3663091843007311,14538.904454866237,0.6822725796995242,31.04526112874349,34.99556350708008,0.0404250166615123,0.6529097230820905,1.0653190423483965,1.204876206551161,4522.43650387553,5593.615543388105,4.060657704621553,56.218413662910464,1.164466747110503,64.30043927001954,0.4638469566189958,939084.1837322912,3502.34762493645,0.7074838065802964,1455.004425069509,-17.204670934902712,0.0258900044152223,0.0100531494466668,-0.0043125274585063,1.5162893165484974,0.059560228139162,-0.0028441323243234,4.977777777777778,1.0,0.0,0.0,,,
PolyX_PolyK_16,PolyX_original,K,16.0,250,16,3.082559211355397,0.3746062566548357,3.0,4.0,4.131895485225,1.198508013386143,12337.64315714144,0.2587276097055015,27.71070671081543,29.02669143676757,0.0132592175978921,0.8961128016993546,1.0160645939998498,1.229918603764207,4010.387067367016,5240.921292242607,2.480423750728369,31.26374053955078,1.170371520324304,57.42729824066162,0.3917002761572167,1092418.621738056,3475.678399683336,0.7520251297790387,2154.421933965264,-64.89501437753334,0.0226945505237342,0.0101505352471549,-0.0050619119527622,1.598992651655111,-0.035521812736988,-0.0031656880644236,5.3125,1.0,0.0,0.0,,,
PolyX_PolyK_17,PolyX_original,K,17.0,250,17,3.1401195473750434,0.3499769886399396,3.0,5.0,4.095896660527539,1.2301354536299778,12760.624239361274,0.2619325728798252,27.33481564241297,29.944488525390625,0.0239978607748222,0.8197506899410258,1.0072710087625538,0.677908725644202,4460.011569223573,5853.139742531554,3.1195691671222447,33.50230267047882,1.1712628511469283,57.73258448791504,0.3809183256602068,948729.27136907,3563.2673133622093,0.7978789248512478,2110.248223708797,-68.32307614091121,0.0441673805466261,0.0086887661127209,-0.005511034174905,1.538407075632097,0.0217740535736084,-0.0035822990298471,5.647058823529412,1.0,0.0,0.0,,,
PolyX_PolyK_18,PolyX_original,K,18.0,250,18,3.1394669387902647,0.3505238096600589,3.0,6.0,4.159297112529247,1.2448174030970276,13880.582549033035,0.2709089239704913,27.71047094133165,28.541643142700195,0.0156764769999978,0.8593873373250844,1.0436557897362395,2.476220649598164,4825.134999354319,6240.312504630992,2.592547435313463,34.56741211414337,1.168927103436342,60.41579968261719,0.342473801101707,1074398.8020222003,3765.02501899128,0.7738248105650746,2510.9119907981544,-70.52251952777345,0.026194708957265,0.0133962705173447,0.017731366758992,1.539702324540322,-0.1331938803195953,0.0115161005314024,5.981481481481482,1.0,0.0,0.0,,,
PolyX_PolyK_19,PolyX_original,K,19.0,250,19,3.117014371027944,0.3585593173855895,3.0,5.0,3.968477419522911,1.2195390596389613,13422.6120670506,0.1988520268410202,26.52258963333933,28.220741271972656,0.0159827778627775,0.8887386288264951,1.0141606286239564,1.353496908635455,4386.722223025957,6184.384420379126,1.7896539650857448,31.371640753746032,1.1750614891320583,59.986469955444335,0.4109918554390902,1204577.636427478,3788.866909363458,0.7872475163198374,2817.485641670487,-92.06607564872635,0.0279494250884901,0.0078981928718925,0.0012855390252106,1.558990608335222,-0.0303961727768182,0.0008245970298056,6.315789473684211,1.0,0.0,0.0,,,
PolyX_PolyK_20,PolyX_original,K,20.0,250,20,3.116227075541417,0.3802499429867547,3.0,6.0,3.703457942973688,1.2416340667767076,14216.340340804452,0.3818960249065644,26.60654754638672,27.23832321166992,0.0096092557872899,0.925232307198609,1.0227775103592518,2.302585092994045,6553.376921911892,8112.2444820148,2.0828745970502496,20.251684069633484,1.1646399352756618,62.627177978515626,0.3296319017212161,1098704.745671186,3922.90805988665,0.7256900362091789,1898.117603446873,-57.75641342224443,0.0221692787532411,0.0128021897455284,-0.0015137005095311,1.6135537039226575,-0.0408348627388477,-0.0009381159770247,6.65,1.0,0.0,0.0,,,
PolyX_PolyK_21,PolyX_original,K,21.0,250,21,3.234785887043485,0.3640961357238764,3.0,7.0,3.6544857753153175,1.3046621762411317,12506.754822550183,0.3310030059509028,24.35414250691732,25.290212631225582,0.0094770540048974,0.9099341553936876,1.011383876945287,1.9135484277609487,6087.474882085655,8024.1720923020675,1.993279896583408,29.583074164390563,1.164875715506679,59.4980207901001,0.3509640456574278,1030837.5628671764,3402.604046689457,0.7472238207825368,2279.1619813793777,-69.65455257215642,0.0415158947188093,0.0126130257206755,0.0064228155730955,1.5725647478779554,0.0830956622958183,0.0040842932422045,6.984126984126984,1.0,0.0,0.0,,,
PolyX_PolyK_22,PolyX_original,K,22.0,250,22,3.220007685064978,0.3448948982105662,3.0,7.0,3.404496792642421,1.2992385520089278,14341.019801260358,0.463252332972195,25.47500905123624,27.07392692565918,0.0208084333831729,0.858408377467884,1.0478126870346736,1.7660680568573182,7146.142700879806,9160.914568923034,2.267668421566486,28.681114172935487,1.1634337593287043,63.7039070892334,0.3768036121961879,959208.855248072,3911.618722609008,0.7908419722730328,1703.124155162306,-50.78590276004277,0.0383729628259909,0.0059662009537415,-0.0035347811264128,1.5264726183149515,-0.0439908057451248,-0.0023156531494703,7.318181818181818,1.0,0.0,0.0,,,
PolyX_PolyK_23,PolyX_original,K,23.0,250,23,3.123789758717504,0.3713731833419849,3.0,6.0,3.46208063125928,1.2480798038665406,12917.36723075335,0.2688317523799485,23.649838654891305,24.42552757263184,0.0106381117680268,0.9125510565512794,1.0196845448106402,2.125615691344492,6339.484422745417,8720.828836164197,2.111756481230259,25.575847148895264,1.1633170061669165,61.17219898986816,0.3585770439440401,1221692.70856568,3361.790584015012,0.7007871175476944,2547.6093636496344,-90.6431987570905,0.0371977195291608,0.0126296490418962,0.0050255818665179,1.5907689164715015,0.0656048581004142,0.0031592155304048,7.6521739130434785,1.0,0.0,0.0,,,
PolyX_PolyK_24,PolyX_original,K,24.0,250,24,3.2229313808610507,0.3420727564432705,3.0,8.0,3.320786820637584,1.2975824166047296,13553.332827170896,0.3703506033169536,23.714317560195923,24.62325859069824,0.0129596726485946,0.90250764842762,1.0196069723784984,2.084201066726999,8361.59117269907,10482.195756212166,2.161456486210227,29.123684811592103,1.1627492851508745,61.85933720397949,0.3535348473365397,928148.4064847945,3893.200895714665,0.8397349403543262,2034.886358885204,-71.51797027096549,0.0478597431813412,0.0069189784665159,0.010525471132128,1.5199249001972293,0.096010111272335,0.0069249942086413,7.986111111111111,1.0,0.0,0.0,,,
PolyX_PolyK_25,PolyX_original,K,25.0,250,25,3.266279667138872,0.3603932198183269,3.0,9.0,3.2089628115966216,1.341215384044001,13441.723675161293,0.4299124935304037,23.138013305664064,24.19107818603516,0.016772294565592,0.9103591975644484,1.0392471162400956,1.9424009299676348,9037.34958571263,11322.861480074656,1.00526245161891,11.918837833404542,1.1592583186957928,64.25777151489258,0.3637060641453142,1011808.2517074802,3374.187057293075,0.6965263971587592,1828.2121469499289,-63.31301939887832,0.0256986302340978,0.0055981313973437,0.005080781864296,1.5634605995201634,-0.0306032411754131,0.0032497025288199,8.32,1.0,0.0,0.0,,,
PolyX_PolyK_26,PolyX_original,K,26.0,250,26,3.2489568370148345,0.368301190334183,3.0,7.0,3.143404220679954,1.3294171215900628,13237.015635011743,0.3521794995025037,22.514940848717323,23.43169403076172,0.0175965876420397,0.9171067643760782,1.0510797849828015,2.2912985160856447,8227.373667548916,10909.393074679288,1.4132342352997511,14.38899052143097,1.159957739754221,63.413710411071776,0.3187937660690912,1165319.7157456777,3210.197060755237,0.6584737832508062,2422.383083762141,-81.40191450190464,0.0195941656873292,0.0061947638367277,-0.0094829843018417,1.5830329022291854,0.0377721562981605,-0.0059903898951746,8.653846153846153,1.0,0.0,0.0,,,
PolyX_PolyK_27,PolyX_original,K,27.0,250,27,3.184360374034151,0.3463233469756345,3.0,7.0,3.353043887981308,1.2740079943721174,13290.070663424223,0.1992657541739159,22.13970325611256,23.39875221252441,0.0135110545497304,0.9063607477863408,1.016658957145406,1.930248366900395,7445.460891144385,10555.22187902741,1.6881604112684727,21.57508804798126,1.1637414431872035,61.96723960876465,0.3295433834605523,1419479.0916208646,3629.22060769325,0.788504739627231,3522.3968819288166,-130.66238730991628,0.0328744276783601,0.0055235036729915,-0.0041014159715025,1.5298083469453905,-0.0373954996466636,-0.0026809998647371,8.987654320987655,1.0,0.0,0.0,,,
PolyX_PolyK_28,PolyX_original,K,28.0,250,28,3.2577706197071548,0.3658278307857388,3.0,7.0,3.127396499415472,1.3271026909238122,14129.792575077843,0.2828599625651808,22.417731625693182,22.99061393737793,0.0111266194373956,0.940527003770805,1.0262518864058827,2.15361565080632,8768.697659843443,11677.930350609344,1.2084041377529502,17.999921321868896,1.1712969079144404,65.98768630981445,0.3660200548563893,1631633.3535230453,3763.631462539743,0.7281059198421196,3342.9374547857124,-106.0754798674147,0.032695009275885,0.0124742704509619,0.0096275760370102,1.576858854022243,0.0630649775266647,0.0061055407792788,9.321428571428571,1.0,0.0,0.0,,,
PolyX_PolyK_29,PolyX_original,K,29.0,250,29,3.2337100009448787,0.3814895488124392,3.0,8.0,3.0272849925519987,1.3305226204006757,14471.340337215524,0.3608160485447059,22.29223356575801,23.036865234375,0.0120371225778709,0.9294741750715226,1.0273585620192245,2.314689691662548,9781.949948695104,12840.449088751202,0.6475790537893772,8.706812500953674,1.157107142080544,66.59203405761718,0.3213267529404641,1222209.0073309822,3730.087612159967,0.6756591003668383,2395.765866741374,-88.68666974674052,0.0295794807483548,0.0054165315030885,-0.0066982773728416,1.6167875548100543,-0.0398897156119346,-0.0041429545597994,9.655172413793103,1.0,0.0,0.0,,,
PolyX_PolyK_30,PolyX_original,K,30.0,250,30,3.5280193772586723,0.3315511679344636,5.0,10.0,2.8865998939120736,1.46451263216591,13833.085743728028,0.4502052545903975,21.4257953008016,22.55398750305176,0.0205434550923312,0.8923297395454024,1.0503230449827892,2.424676326539108,10528.081064930666,13543.068037601886,1.5595906350761652,18.76677572727204,1.150247548734132,68.36639064025879,0.3331689749758414,1290648.843777808,3478.5690581337844,0.7584570605476805,2608.5803762280066,-71.82465083992027,0.035120190442436,0.0097957901811673,-0.0044539622652869,1.4960008186564644,-0.0555748343467712,-0.002977245874096,9.988888888888887,1.0,0.0,0.0,,,
PolyX_PolyK_31,PolyX_original,K,31.0,250,31,3.258404437769835,0.3574945889658709,3.0,7.0,3.061534835901845,1.3208664655723377,13709.810873914825,0.2536951099191311,20.98702000033471,21.43696975708008,0.0079655861462844,0.9469867923355956,1.0218839169341107,2.578405174438318,9956.956881501732,13448.080939864336,0.6045902248006314,5.945244860649109,1.1569701350065036,66.01164735412598,0.3546775797463168,1565245.1889493384,3800.4073137050746,0.7754060919916299,3233.257724963376,-127.5608538249496,0.0206274315632369,0.0105521026024054,0.0163329822114536,1.556407125646575,0.2204926908016204,0.0104940294485089,10.32258064516129,1.0,0.0,0.0,,,
PolyX_PolyK_32,PolyX_original,K,32.0,250,32,3.381907686739535,0.341652589789682,4.0,9.0,2.9773978821838,1.3941144547281574,13126.181950084356,0.2909704814035894,20.209170877933506,21.60307884216309,0.0186352455956384,0.90932623847224,1.0395532074010565,2.244832351219333,10956.791723768163,14329.070172234446,1.180196151137352,15.38358016014099,1.154304263877075,64.95330551147461,0.3419506536958777,1340177.4033313445,3581.4937476616656,0.7986216147778646,3406.284490002693,-118.5152113808748,0.0354593102535341,0.0076650620802905,0.0319790103657684,1.5189548625710194,0.078950747847557,0.0210532986540065,10.65625,1.0,0.0,0.0,,,
PolyX_PolyK_33,PolyX_original,K,33.0,250,33,3.2018171005264784,0.380979526287175,3.0,7.0,3.150531896888363,1.301658969587762,13438.015940619594,0.1609218699364656,20.137192870631363,21.034433364868164,0.013800036393302,0.9383689113215042,1.0314096017720422,2.4172127499164424,9661.932740144934,13654.361799803542,1.1111016060225665,13.150383567810058,1.153786431733622,64.31257652282714,0.3192160550102478,1730674.6373217746,3574.2195886287604,0.6981430858143978,5110.986141726041,-180.8567943454067,0.0271993003576588,0.0066574583588087,-0.0090328256545182,1.6154554533585888,0.0951617509126663,-0.0055915040152791,10.98989898989899,1.0,0.0,0.0,,,
PolyX_PolyK_34,PolyX_original,K,34.0,250,34,3.27114176696628,0.3579511151858166,3.0,7.0,3.2144085479451467,1.3302259812820258,13677.748919476704,0.149654387309695,20.015459285062903,20.60350608825684,0.0121328014086679,0.9435650964054276,1.030014797894206,2.379310754571141,9998.972527837845,14166.65872634911,1.3581231059506536,13.729316306114196,1.1579215586683942,65.1592124633789,0.3588762389211016,2475122.6067352635,3636.288030678582,0.742711125375883,5818.757082171709,-193.7415256715059,0.0298177565356484,0.0076755954111987,-0.0131845616987345,1.5575138025345403,0.0992907881736755,-0.0084651331348927,11.323529411764708,1.0,0.0,0.0,,,
PolyX_PolyK_35,PolyX_original,K,35.0,250,35,3.214426891564105,0.3578098489009486,3.0,6.0,3.125394978012989,1.2921253941425992,14429.846455634952,0.1491960411239559,20.26334697178432,20.649789810180664,0.0083995980223285,0.9566802239986671,1.021922696422894,2.703380067276377,10576.551718295072,14904.983502369209,0.5714787314180285,4.095079565048218,1.1560268237673377,66.66455001831055,0.3142660408912037,2309392.1105425647,4043.748313247972,0.7831953789966876,5675.382323735686,-199.7618826191035,0.0278270323271852,0.0081644308731882,-0.0021737338893674,1.557171187207697,0.0427098385989666,-0.0013959504947723,11.657142857142857,1.0,0.0,0.0,,,
PolyX_PolyK_36,PolyX_original,K,36.0,250,36,3.3243432470407828,0.3664409817292287,4.0,10.0,3.0996684199525544,1.387616643016534,13012.833477855009,0.1867820917098396,18.96535105175442,21.43973922729492,0.0306178339753744,0.8853083028096282,1.0600414804705658,1.991816369509952,11727.500146980545,15944.630401639157,1.6669256679713726,19.511361646652222,1.151801757171938,65.17163302612305,0.3702687162642735,1990410.9485570728,3209.017839994018,0.6729708008040326,5095.164921547326,-181.20376316071628,0.0265383894429398,0.0117815994493064,0.006392281605789,1.5783849194182231,-0.0427367687225341,0.0040498876584174,11.99074074074074,1.0,0.0,0.0,,,
PolyX_PolyK_37,PolyX_original,K,37.0,250,37,3.35232250319594,0.3510069626527199,4.0,8.0,3.070067889196933,1.3711653748609307,13377.00981116234,0.1620427149909439,18.97500991821289,19.512067794799805,0.0110102346061761,0.9581277794885056,1.025454857451563,2.382944455613896,11689.68829096663,16214.14921684463,0.4944395066122524,4.769021034240723,1.1490874569230756,66.09157638549804,0.3168197552809426,2217595.827316849,3529.789221991088,0.7517509676074218,5762.935171750129,-202.0083783589377,0.0323808599004724,0.0074367882748237,0.0090344446753,1.5408485799592546,0.0644435212016105,0.0058632916901884,12.324324324324325,1.0,0.0,0.0,,,
PolyX_PolyK_38,PolyX_original,K,38.0,250,38,3.344195476384664,0.3461957277877045,4.0,8.0,3.0174148653783344,1.3687767702065734,13683.446272952164,0.1622269183153918,18.93522352921336,19.87343406677246,0.0173264840499555,0.9416814158432856,1.0437126153746303,2.5178966706013663,12449.563318444269,17047.260895343432,0.7102617789059877,4.455857610702514,1.146206549761932,68.34399533081054,0.3204978094047788,2414990.0575151206,3562.8585931855605,0.7521100473916427,6074.782445989476,-207.33854745316484,0.0289535177177441,0.008179840535524,-0.0143577484557727,1.5295097363256325,-0.0461887493729591,-0.0093871572791199,12.657894736842104,1.0,0.0,0.0,,,
PolyX_PolyK_39,PolyX_original,K,39.0,250,39,3.3440265403424534,0.35532939033842,4.0,8.0,3.074086008018072,1.3707712230136646,12849.692137881217,0.1409181003752336,18.1108883588742,19.56084632873535,0.0218847264316009,0.9288945820344952,1.048966748722788,2.368018859466074,12748.631353856916,17570.59515040576,1.5548802146688103,17.75108470916748,1.1521823491174843,66.1390689163208,0.3280930302625084,1907356.5617686028,3368.792321224972,0.7378199348761093,6350.978464957881,-229.2704388393766,0.035102509793057,0.0108552228476006,0.0040312611990958,1.551179757558593,-0.0115370359271764,0.0025988356147586,12.991452991452991,1.0,0.0,0.0,,,
PolyX_PolyK_4,PolyX_original,K,4.0,250,4,3.094225379220924,0.3656393971796137,3.0,4.0,5.441082022872415,1.1970595094366492,13106.663880574282,13.957839958441744,57.12714195251465,57.50117492675781,0.0038729400311022,0.8100740099813044,1.0073233916641162,0.5623351446188083,1245.1302794325325,1505.1714678060505,4.152139042317868,57.47989394664764,1.1728366322901862,58.75343215978295,0.4282692494790845,235040.78269803344,3420.5867464479147,0.7137653518495142,89.27684830900938,31.632496264029708,0.0346720536412255,0.0101519741056938,-0.0098296488891112,1.5763904560812414,-0.0114654004573822,-0.0062355419944138,1.25,1.0,0.0,0.0,,,
PolyX_PolyK_40,PolyX_original,K,40.0,250,40,3.303835763312938,0.354012263202446,4.0,8.0,3.0777641054625,1.3515008089400535,13079.021669078818,0.1282692987694577,18.044292783737184,18.91282081604004,0.0147811709363081,0.9476656021867574,1.0362808998336426,2.42785585122682,12461.599296727009,17775.247446862548,1.435348042845726,12.87917606830597,1.1470739714532294,65.35142175292968,0.3109999772973181,2147938.551296212,3437.6272644566207,0.7424465941510918,7132.778114640087,-246.434798708826,0.0282677672029066,0.0067841803984138,0.0082321832963911,1.5480170025478206,0.0315286293625831,0.0053178894561947,13.325,1.0,0.0,0.0,,,
PolyX_PolyK_41,PolyX_original,K,41.0,250,41,3.3490962865435545,0.3417729822370481,4.0,8.0,3.0201397820978504,1.3701559799067369,13980.889194863346,0.1330439702047434,18.427341833347228,19.47066307067871,0.0139825142615899,0.944872935515542,1.0306305797431334,2.2804791810403184,13084.525324482893,18469.39412148876,1.3113218169659375,13.330222773551942,1.1456931736904183,68.26446916198731,0.2847415451005611,2626418.026461909,3850.163199579784,0.8057616935966765,7946.891948116104,-248.1002982946665,0.0374367298340591,0.0140824599212038,-0.0179361843830291,1.5192326857056044,0.0382372476160526,-0.0118060811557106,13.658536585365852,1.0,0.0,0.0,,,
PolyX_PolyK_42,PolyX_original,K,42.0,250,42,3.3187501278365965,0.338884140141296,4.0,8.0,2.938390446032676,1.3551796234064506,14905.69471492014,0.155987761627453,18.79928511664981,19.350833892822266,0.013539228458431,0.958006188411587,1.036460121143916,2.7017298013813376,14812.49692969228,19899.4987810684,0.1439957440830767,4.605166602134704,1.1486657836237133,69.78393899536132,0.3110393927733606,2434486.0850591245,4101.199228317975,0.8119090841684169,6787.185071727757,-234.10519278679328,0.0290255758750594,0.012344952517753,-0.0078122529116109,1.512594177083762,0.0388775430619716,-0.0051648043007518,13.992063492063492,1.0,0.0,0.0,,,
PolyX_PolyK_43,PolyX_original,K,43.0,250,43,3.4558216881578185,0.3560258748233604,5.0,9.0,3.031045653365416,1.4409381924595697,13023.461545616654,0.1348174675759992,17.364269434019576,18.36017417907715,0.0216911109057532,0.9534534044329932,1.0638750583524903,2.339795987976573,14558.38085844676,20087.18350301787,1.0911955773830413,10.42177381515503,1.145602634543044,67.34125885009766,0.2970418575490594,2253845.9628517767,3017.424555109508,0.6507713513633425,8028.55988360176,-258.49452166138144,0.0376044256940239,0.0065121792208867,0.0141474116350801,1.5528574222228322,0.0187069829553365,0.0091105670306278,14.325581395348838,1.0,0.0,0.0,,,
PolyX_PolyK_44,PolyX_original,K,44.0,250,44,3.360401398973415,0.3560985742959669,4.0,8.0,3.0026638002729804,1.3854145719498567,13019.848658517536,0.1237670130498159,17.165657563643023,17.757619857788086,0.0145331706015657,0.9625954519847516,1.0391123400072957,2.653502156716011,15288.518693396558,20905.48127224179,0.6524718770757317,4.741877174377441,1.1421955928145815,67.52607574462891,0.2747933510068635,2571237.93715318,3356.577760026918,0.7239699525583182,8192.336044323472,-275.794781009202,0.030144487800754,0.0086884367258106,0.0008517109570807,1.5530327470646823,0.0126679660752415,0.0005484178995167,14.659090909090908,1.0,0.0,0.0,,,
PolyX_PolyK_45,PolyX_original,K,45.0,250,45,3.4322514420101817,0.3476968618707484,4.0,9.0,3.033665325682117,1.4255783583829742,13340.489471984654,0.1221822047821273,17.179002973768448,19.05048370361328,0.0226461663028373,0.9387254897971308,1.045392442045635,2.0311740612442364,15569.970545131682,21399.50614440683,1.3905868958681822,16.52555980682373,1.1424656062593537,68.86909834289551,0.2834268923465874,2683350.1594805326,3165.6838749960966,0.6824879826198976,9334.69561451599,-283.8026510522892,0.0339589571458494,0.0068578338056568,0.0149318648586481,1.5330295709873674,-0.0117564182728528,0.0097401023047827,14.992592592592592,1.0,0.0,0.0,,,
PolyX_PolyK_46,PolyX_original,K,46.0,250,46,3.3788464541335226,0.3667795261673001,4.0,10.0,2.994451347046374,1.4064149860255817,13479.61815604046,0.1136940193541066,17.078511196634043,18.85024642944336,0.0253533841956091,0.9325502527767656,1.0577759849121544,2.166644920954837,15615.769696195415,21820.01231503556,0.8152144730091095,6.858741450309753,1.144451907196527,68.07925271606446,0.2932440658615202,2883374.6294366503,3421.859962810703,0.6921170648757483,10098.52583860994,-300.0457372076557,0.0241188887531442,0.005311175678494,0.0250474845364754,1.5792287857454923,-0.0404180213809013,0.0158605800254998,15.326086956521738,1.0,0.0,0.0,,,
PolyX_PolyK_47,PolyX_original,K,47.0,250,47,3.475741168345611,0.3590940967527521,5.0,9.0,2.9429488754091984,1.445625006133166,13488.342760596208,0.1251328455480303,16.902468661044505,17.799915313720703,0.022500375610275,0.947051725605766,1.0588383872055966,2.7161314867713555,16876.819877830407,22940.54072917444,0.5816564813256264,4.065952944755554,1.1357785199641113,70.08562190246582,0.260696291848343,2665212.787575663,3286.905880900601,0.6786102407335248,9189.6094605824,-293.0514862508307,0.0251907376158231,0.0051137446981752,-0.0062800013846569,1.5602914482973975,0.0240345019847154,-0.0040248899595695,15.659574468085106,1.0,0.0,0.0,,,
PolyX_PolyK_48,PolyX_original,K,48.0,250,48,3.483654314149271,0.3549395188997642,5.0,10.0,2.956348325775827,1.4521817547959772,12727.507653751278,0.1118481396246942,16.24442579348882,17.940000534057617,0.0285049876166631,0.9258034338253364,1.0696435168580292,2.341480643967887,17154.301179119793,23481.17729220697,1.234327371418476,11.044884133338927,1.14117884941613,68.30917642211914,0.3052230976477779,3398358.664832077,3055.3265426351604,0.6763319589150749,10913.390491831924,-315.4483031577992,0.0236462118299072,0.0099650990407087,-0.0001265845527739,1.5502422320064748,0.0281508807092905,-8.165469250697138e-05,15.993055555555555,1.0,0.0,0.0,,,
PolyX_PolyK_49,PolyX_original,K,49.0,250,49,3.634763021024841,0.3401588818547239,5.0,10.0,2.929745742391152,1.5132108745415374,13319.421535208929,0.1289334471956185,16.446147451595383,17.44791603088379,0.0311153214869518,0.9338935942415107,1.0878695403049816,2.785064684059273,18418.583808587115,24632.33553194832,0.4813227490521967,4.735218858718872,1.1336126020674049,71.82717922973633,0.272790096471471,3019621.0621818,3168.108061074337,0.6992505352943863,10327.310613774474,-301.1234603485727,0.0411923033558597,0.0039269878615353,0.0092580575143925,1.5155163455270328,-0.0398206822574138,0.0061088470217469,16.3265306122449,1.0,0.0,0.0,,,
PolyX_PolyK_5,PolyX_original,K,5.0,250,5,3.0972743783983674,0.3788883447815437,3.0,4.0,5.649114918888889,1.2012139710225125,13178.150106836616,4.5935887476191,51.23486328125,51.56023788452149,0.0053869985386309,0.7686611311438036,1.0118860453694212,1.05492016798615,1620.9707270458175,1837.365955243838,5.965721264004242,91.53887720108033,1.170607934582231,57.441549237242334,0.4128265904091797,680449.0139123937,3682.52473493196,0.7375304858909856,248.0356550780561,22.86992373686741,0.033165901735217,0.0086029571178114,0.0187897425698129,1.6100164786769002,0.0682908669114112,0.0116705281079403,1.6,1.0,0.0,0.0,,,
PolyX_PolyK_50,PolyX_original,K,50.0,250,50,3.5546947522725745,0.3450622607476741,5.0,10.0,2.9093910016778994,1.4806322650660455,14426.656580369225,0.1276938268322665,16.947770462036132,17.936065673828125,0.023009800169773,0.9480503166378303,1.06109774509098,2.528313563041464,19145.59817435504,25420.03502447462,0.6806738890707493,5.147747564315796,1.1346653144711585,73.86311421203614,0.2765215302598007,3537714.311486839,3400.273594862784,0.6830471849387441,10537.406833807894,-308.71797768906447,0.0338826055691325,0.0081760793775627,-0.0151109530059501,1.5268626925386766,-0.0555943138897419,-0.0098967333990169,16.66,1.0,0.0,0.0,,,
PolyX_PolyK_6,PolyX_original,K,6.0,250,6,3.0911607947613176,0.379050832022018,3.0,4.0,5.597400478177415,1.1958524483084456,12775.381664169316,1.769179081424452,46.04811032613119,47.17843627929688,0.0115914384676014,0.7115612415406013,1.0217110308871118,0.8675632284814612,1762.5856966062663,1966.923307186738,3.855548867955804,61.61743667125702,1.1685165306879028,56.78616059875488,0.4082275554572176,659339.5443427154,3470.587026855646,0.7166904232266081,416.84161764722944,10.269281619213498,0.0191089377364207,0.0106195287167211,0.0045150324165533,1.6104377806903811,0.0025118545163422,0.0028036056222783,1.9444444444444444,1.0,0.0,0.0,,,
PolyX_PolyK_7,PolyX_original,K,7.0,250,7,3.109855497401689,0.3650435785813289,3.0,5.0,5.596657185729189,1.2120764741429593,13309.854818993608,0.986795138667301,43.51160866873605,44.82147979736328,0.0169220031493106,0.6427098631191572,1.0379955083295354,1.15374194270109,1564.7459975458898,1852.6788128362248,3.627964516729117,55.55749442577362,1.1726019723100014,57.53421478271484,0.383355173550107,722121.689753474,3496.9033831906,0.7197233648301885,732.2391424466166,-0.2791491614577734,0.0349107646920966,0.0108455806614497,0.0014868035709659,1.574911232121598,-0.008339025080204,0.000944055474713,2.2857142857142856,1.0,0.0,0.0,,,
PolyX_PolyK_8,PolyX_original,K,8.0,250,8,3.062389422019979,0.3664837408537025,3.0,4.0,5.192535006808496,1.163982172696964,12971.309729034445,0.3681078825120819,40.18454027175903,40.57135772705078,0.0090011698564435,0.873943592544984,1.0190010479523104,0.6931471805599453,1228.0978290131372,1714.157122128141,4.346161130815744,59.05306293964386,1.1696549919230923,56.5728535079956,0.4208374741630823,872981.126731636,3405.9094860075315,0.7164643091688087,1083.832653625822,-23.985101286190755,0.0355925127570252,0.0093510488317029,0.0225073506482702,1.5784914523702391,0.1091653108596801,0.0142587725850828,2.625,1.0,0.0,0.0,,,
PolyX_PolyK_9,PolyX_original,K,9.0,250,9,3.0590315802975723,0.3654249483239598,3.0,4.0,5.210211091431902,1.1730306517012978,12851.488094982587,0.2832628482757685,37.70723173353407,39.203521728515625,0.0166886057698147,0.7276209456374358,1.033538786398284,0.6837389058487535,1018.4522539852156,1536.6571875206605,4.438750982284546,61.423618173599245,1.170421221911316,56.559760749816895,0.3977447854206767,1026166.8702725964,3503.4116512920373,0.7460012539861136,1513.223693404357,-34.057260386152734,0.0321460795294328,0.0106093328104599,-0.0078851725966041,1.575857729292696,-0.0083208475261926,-0.005003733807647,2.962962962962963,1.0,0.0,0.0,,,
PolyX_PolyL_10,PolyX_original,L,10.0,250,10,2.9782990887366805,0.3698112835069263,3.0,3.0,4.488638771953737,1.0972614850353155,12465.450283092352,0.0777543010615521,35.23575706481934,35.25983810424805,0.000486634240627,0.9917025215255256,1.0012305847731302,1.8866967846580784,180.0665382942263,1055.840000139209,0.1103682454675436,-0.2166907787322998,1.168672599345122,54.9316053314209,0.3314889437425194,2446896.59866664,3711.011193628698,0.8050153015006467,3197.018277686859,-76.62604199026707,0.0350539846491838,0.01309052626466,0.0022953430285295,1.5868262535147926,-0.0640789940953254,0.0014464992769692,3.3,1.0,0.0,0.0,,,
PolyX_PolyL_11,PolyX_original,L,11.0,250,11,2.9487357838700223,0.3961930122967997,3.0,3.0,4.514700773066954,1.0928992220355245,12014.160127279973,0.0523961533581749,32.98222975297408,33.00010681152344,0.000273436292563,0.992905383780066,1.0007402959795646,1.893788232391016,408.76860922116265,1592.169910433803,0.1368687527254223,-0.1975316762924194,1.1738606152596014,54.82442612457275,0.4419535318324001,5591818.782003449,3561.076544188015,0.7481369093653742,6266.698665437731,-97.3144286583345,0.0308502248486281,0.0125536113472259,0.0024955582887167,1.6561583757151672,0.0872469097375869,0.0015068355328568,3.636363636363636,1.0,0.0,0.0,,,
PolyX_PolyL_12,PolyX_original,L,12.0,250,12,2.9968687180591704,0.3499982270066128,3.0,3.0,4.848508597664027,1.1013225529656276,10842.292667124657,0.0241787170410785,29.998438040415447,30.11505889892578,0.0021116725389902,0.9802337467293918,1.0054939618337764,2.138333059508028,892.5533643452958,2233.5612892254007,0.0974964258959516,-0.6583158731460571,1.170978595131301,51.10025238800049,0.3632202138748374,17809254.21026914,3418.1951978032985,0.9007616531645756,23162.75494023369,-134.00216746296306,0.0348873826182625,0.0080257827719596,-0.006581702367688,1.5384573420389327,-0.0987213104963302,-0.0042781182080339,3.9722222222222223,1.0,0.0,0.0,,,
PolyX_PolyL_13,PolyX_original,L,13.0,250,13,2.971605352437096,0.3689531934177427,3.0,3.0,4.823275371870592,1.0974754274556848,11132.149723271496,0.0186451012234845,29.20434482281025,29.229814529418945,0.0004882675688638,0.9917500447681764,1.0012459450947753,1.9915093613567123,1347.963291226313,2813.0875390951755,0.1023186852224171,-0.6594782114028931,1.1709716718514949,51.51636838531494,0.3508634573594582,24621288.906877927,3197.0732145316338,0.7783990002613856,32556.69307106254,-155.3046983622219,0.0425331415780877,0.0115269597501925,0.0076845677692787,1.5846685056786665,-0.0349588096141815,0.0048493219504622,4.307692307692308,1.0,0.0,0.0,,,
PolyX_PolyL_14,PolyX_original,L,14.0,250,14,2.9547419830091126,0.3732372983535072,3.0,3.0,5.1189408282226525,1.0945147430794793,12412.805612762651,0.0088784976861111,29.716699600219727,29.74614143371582,0.0005189785043082,0.9927567980759372,1.0011761140837985,2.2055983590263577,1108.5628662303682,2613.310397424855,0.1067678773775696,-0.6150020480155944,1.170249445332016,54.68654916381836,0.3685864557709777,39413702.962204434,3403.8078807952165,0.7347000138059995,74984.8553353978,-198.4131549610024,0.0401181273842998,0.013312271261748,0.0134401928415522,1.595500174743999,-0.0221322365105152,0.0084238115754931,4.642857142857143,1.0,0.0,0.0,,,
PolyX_PolyL_15,PolyX_original,L,15.0,250,15,2.992940213853767,0.3522009418242395,3.0,3.0,4.986508617854895,1.1017917296006978,12587.217072811593,0.0075851186704856,28.91004015604655,28.96926689147949,0.0009763227300178,0.9915932442803626,1.002429090766935,1.991346413410944,1278.2743653902276,2984.106843135481,0.0901515569537878,-0.6935628175735473,1.1710658921868784,55.31348728179932,0.3527732753571168,41859370.21905732,3851.7995944490617,0.8688472847474231,80999.5913143329,-219.67050784428747,0.0292493918685492,0.0096293140428193,-0.0163180521092327,1.543688567278961,-0.0678598284721374,-0.0105708187869391,4.977777777777778,1.0,0.0,0.0,,,
PolyX_PolyL_16,PolyX_original,L,16.0,250,16,2.968632148396989,0.3742641388044752,3.0,3.0,4.926882416355751,1.098439801133935,12384.942913135066,0.0064220435941061,27.766202449798584,27.8196964263916,0.0009468821158986,0.9852209096360932,1.0024110449640389,2.306668725404531,1398.991698417713,3253.064867228819,0.0992053484078496,-0.49764004945755,1.174592842489608,55.87793743896484,0.3908010058197471,37387715.254742704,3537.1957067191265,0.763109507093197,94257.37931165258,-242.30489754266955,0.0282907411193768,0.0081903517625122,-0.0091742564198546,1.5981184106811614,-0.0354392454028129,-0.0057406612413471,5.3125,1.0,0.0,0.0,,,
PolyX_PolyL_17,PolyX_original,L,17.0,250,17,2.992913336624817,0.3601124595072718,3.0,3.0,4.892611859748206,1.1032495335553645,12532.34799127904,0.00465122623203,27.09700034646427,27.156688690185547,0.0009952916766828,0.985055554492182,1.00247682120232,2.425479708432737,857.2621622744285,3011.8334769936514,0.1325344992801547,-0.7213694453239441,1.1727183620324857,55.20883915710449,0.3752993352971327,40601037.79397002,3874.834065473514,0.858583455917329,115793.02425909018,-273.9018322259315,0.0435191075943428,0.0083381990055179,-0.0086738281300878,1.5627746075974176,0.0962913855910301,-0.0055502745484634,5.647058823529412,1.0,0.0,0.0,,,
PolyX_PolyL_18,PolyX_original,L,18.0,250,18,2.998415528802353,0.3535108556752221,3.0,3.0,4.838422823372095,1.1055286446129575,11633.185262294348,0.0050252645006614,25.37129243214925,25.42669486999512,0.0008285277816116,0.988505125025786,1.0017925085543988,2.293118601486813,1690.0378675487043,3864.437142621058,0.0706620769109576,-0.4880432248115539,1.1740340817986683,54.05366627502441,0.4122982737238929,37620453.20165966,3634.6712485134335,0.8838198197117192,119472.31664151614,-285.8369562843988,0.0363847276262036,0.0088490983787026,0.0240318353334485,1.5468163831961088,-0.1641994267702102,0.0155363206602706,5.981481481481482,1.0,0.0,0.0,,,
PolyX_PolyL_19,PolyX_original,L,19.0,250,19,2.977339149199433,0.3759591004205531,3.0,3.0,4.884676715342965,1.1021330150703312,13043.982903618851,0.0034469345036993,26.149100755390368,26.26865768432617,0.0023712567335349,0.9888811976242166,1.0059848635169129,2.6525875347201424,1113.9081729720897,3668.618124111472,0.0802314860047772,-0.6688869714736938,1.1750790623306753,56.51505373382568,0.4163709688282026,52515721.42531549,3865.792103846151,0.7882930034491913,150054.72890930055,-323.2053745705921,0.0299458059418587,0.0062538347610815,0.0115321093717236,1.6024590706697577,0.0131125152111053,0.0071965079059299,6.315789473684211,1.0,0.0,0.0,,,
PolyX_PolyL_20,PolyX_original,L,20.0,250,20,2.959995290854152,0.3908424074823727,3.0,3.0,4.840516843121142,1.1004570688641158,12652.141439548255,0.003371264283892,25.101323699951173,25.12787437438965,0.0005481991601502,0.9919783119462148,1.0014212672527991,2.4150521219177903,1660.9723337024818,4313.926010228905,0.0606969237327575,-0.6881617546081543,1.17272846874301,55.47801478576661,0.3735543751485533,54132720.90731946,3692.6249373816654,0.7467401114057292,155489.30085967667,-341.5480312489677,0.0313933236796485,0.009099059833072,0.0023433729050615,1.6416113207536898,0.1205648183822631,0.0014274833971313,6.65,1.0,0.0,0.0,,,
PolyX_PolyL_21,PolyX_original,L,21.0,250,21,2.982527292098745,0.359682478214835,3.0,3.0,4.846513437493237,1.1046025130655948,13236.76605067436,0.0028822466866887,25.055805842081707,25.232053756713867,0.0034552072615628,0.9854934784045016,1.0088240731322429,2.466577143604931,1487.2629732487887,4433.76059446248,0.1388121554628014,-0.528267240524292,1.1745898436929052,57.285944183349606,0.4123320296347367,45559555.03990135,3832.493914707949,0.8049711191445494,169587.6768304795,-368.49864997592414,0.0343717573597103,0.0064226726875834,-0.0073198537060712,1.5617251847365712,0.0441663563251495,-0.0046870305846013,6.984126984126984,1.0,0.0,0.0,,,
PolyX_PolyL_22,PolyX_original,L,22.0,250,22,2.9760924529940835,0.38063721199269,3.0,3.0,4.84912020965777,1.1053584130548617,12430.21137135444,0.0025650308097825,23.72223203832453,23.87907600402832,0.0030634063024055,0.9867285145283714,1.0075598680282791,2.437124646314515,1704.3400078660627,4868.709185099379,0.1078342417255044,-0.4482879519462585,1.1739359316848084,55.6045796585083,0.3723446087753105,57576054.33195548,3679.452793431941,0.7776666557651043,195869.1282722361,-393.7417764769017,0.0297414330506243,0.0126803121950746,-0.0223891862676741,1.614562610739536,0.0076817870140075,-0.0138670288271027,7.318181818181818,1.0,0.0,0.0,,,
PolyX_PolyL_23,PolyX_original,L,23.0,250,23,2.905546555150115,0.4116331399704893,3.0,3.0,4.8167949552657285,1.093869359673659,12531.675558702787,0.0025387149925281,23.29504916978919,23.53752899169922,0.005553064537917,0.9805542392900906,1.014544654193103,2.773852208680476,1928.042491009753,5317.657511554616,0.0832597757689654,-0.6833112239837646,1.173943873824967,55.88877880859375,0.338960208179677,60545085.46791841,3210.1085202686527,0.6223006288093887,199405.77083285103,-412.350689237707,0.0395401007568033,0.0104484057715567,-0.003588220291894,1.6996198595377092,0.0366381406784057,-0.0021111899061116,7.6521739130434785,1.0,0.0,0.0,,,
PolyX_PolyL_24,PolyX_original,L,24.0,250,24,2.990120241426765,0.3693186080456957,3.0,3.0,4.850888422453417,1.1103278288466398,12051.645607601818,0.0022020436075302,22.36380346616109,22.494775772094727,0.0026771203551357,0.9889550800775968,1.006606845111229,2.4525766629971786,2080.879771274156,5680.005307622086,0.1174258450046181,-0.7197862029075622,1.173351335853362,54.597619064331056,0.341995135877865,60723424.363736846,3595.0894688119347,0.8077224623699929,232514.856073281,-440.5225762374799,0.0317874449654508,0.0079527179270887,-0.0127065664696617,1.585586657157081,0.2456752359867096,-0.0080137950275407,7.986111111111111,1.0,0.0,0.0,,,
PolyX_PolyL_25,PolyX_original,L,25.0,250,25,2.982939374595168,0.364284880584672,3.0,3.0,4.805252485585415,1.1106041192090366,11800.184566434727,0.0021225837224584,21.682170028686524,21.797264099121094,0.0024703001613721,0.9887719418460044,1.0065937571698973,2.435212979834122,1977.271051303033,5905.2295990636085,0.1150660934043116,-0.6879798769950867,1.1739398399927852,53.447640609741214,0.351694550482064,54998251.65493395,3355.175495083591,0.780522262135031,232211.59360239032,-461.63406643282747,0.0364558244597845,0.0054644616481355,0.009062150873437,1.573031644928797,-0.004233977291733,0.0057609463243005,8.32,1.0,0.0,0.0,,,
PolyX_PolyL_26,PolyX_original,L,26.0,250,26,3.001528303512196,0.3638071498819901,3.0,3.0,4.80094584811948,1.1157129662550165,11610.170559478169,0.001943501833652,21.08928621732272,21.15094757080078,0.0013795630489862,0.9855380679793592,1.0036925110887212,2.468718122165691,2336.9744519996307,6481.897370607889,0.1059215645305812,-0.6007121682167054,1.167667955770873,54.21319897460938,0.3418283872398192,68782723.67343573,3554.1550223971503,0.8414465552418573,265778.92979981564,-486.97455483599214,0.0339632709673173,0.0072362270422556,0.00403309780604,1.5718504221078655,-0.138068750500679,0.002565827987866,8.653846153846153,1.0,0.0,0.0,,,
PolyX_PolyL_27,PolyX_original,L,27.0,250,27,2.9515190557838498,0.3988180258947303,3.0,3.0,4.825383318661138,1.1074727985413442,12850.807865460589,0.0017966206884443,21.772712213021737,21.85490798950196,0.0014739017506824,0.9819995290086512,1.003845854623321,2.608982242362732,2503.8034075326595,6900.148946618572,0.0665592312230728,-0.6305224657058716,1.1714233375518146,56.3324797744751,0.399625866006382,75272019.85763445,3589.9439094944546,0.7004585700074012,279810.9419299058,-512.0696417102776,0.0389534910000978,0.0076724813439696,0.0081830392569265,1.6633898604300057,0.0115895150229334,0.0049194956943642,8.987654320987655,1.0,0.0,0.0,,,
PolyX_PolyL_28,PolyX_original,L,28.0,250,28,2.9577770756950774,0.3974301334769938,3.0,3.0,4.826378181489689,1.1102541280158311,12561.114117176252,0.0016332117545726,21.13783087049212,21.339778900146484,0.0044579678379835,0.983778585436608,1.0115992227461017,2.531012320277578,2721.9525740700515,7358.692615922322,0.1525949532166123,-0.571397066116333,1.173555789469441,56.14464935302735,0.3549243824598673,80738615.0504207,3558.16374473754,0.7127495904629763,299144.2253580687,-539.0453413995536,0.0387840920597915,0.0160425660733121,-0.0193988965757893,1.6595585932138874,-0.0314745120704174,-0.0116891905196626,9.321428571428571,1.0,0.0,0.0,,,
PolyX_PolyL_29,PolyX_original,L,29.0,250,29,2.9945009817135424,0.3736014299335046,3.0,3.0,4.825428262174952,1.1183897736027857,12303.380451608688,0.0015454962710838,20.556031523079707,20.760122299194336,0.0040874382822336,0.987541824030232,1.009977469796919,2.4312780168487254,2885.8089976819333,7807.806797349794,0.088889111764729,-0.7292787551879882,1.1710040801078894,55.94706867218017,0.3444891723595072,73114384.32877626,3643.322377039916,0.7926192537811372,326270.3418421659,-563.0996555733899,0.0299663293877136,0.0081639101378968,0.0085608284197324,1.5964276545105218,0.0530644655227661,0.005362490680369,9.655172413793103,1.0,0.0,0.0,,,
PolyX_PolyL_30,PolyX_original,L,30.0,250,30,2.9832340455251405,0.3853721016281592,3.0,3.0,4.846063764115076,1.1177387880514622,12706.114382869066,0.0015431135745997,20.53872051239013,20.698486328125,0.0030654681421155,0.9911312624010766,1.0076250216992149,2.4124463218608816,3321.159115892769,8430.886326239395,0.0795632177963852,-0.627935528755188,1.1752124565429858,57.47006825256348,0.3878573202557346,77381443.7839789,3760.3155343031626,0.7679470152453768,332023.7133913507,-582.6557459771578,0.0239907317095011,0.0102087149528498,0.0145116386289965,1.6270006660111205,-0.0397434569895267,0.0089192579519235,9.988888888888887,1.0,0.0,0.0,,,
PolyX_PolyL_31,PolyX_original,L,31.0,250,31,3.0006596024366705,0.3693645444721899,3.0,3.0,4.824937149369871,1.123821839416654,11741.91745001672,0.0014130877209349,19.42280855486469,19.653091430664062,0.005389790883925,0.9849515447103966,1.0133114946611277,2.4857982638570646,3535.120513830568,8921.013189711772,0.0853082997724413,-0.6675484418869019,1.1704569462072296,54.19063450622559,0.3421967424824851,83879302.712158,3421.2245172896696,0.7888371364705647,367294.8188356985,-610.2639261849788,0.0323916759376732,0.0114018959565895,0.004006016550689,1.5857021536523832,0.0215131640434265,0.0025263360721364,10.32258064516129,1.0,0.0,0.0,,,
PolyX_PolyL_32,PolyX_original,L,32.0,250,32,3.021062758546645,0.3475455533473401,3.0,3.0,4.814031252545931,1.1268152874484108,12939.819789000929,0.0014083403829781,20.06817054748535,20.38569450378418,0.0071209991519549,0.9830576791824562,1.0188844974859588,2.46848989115864,3984.755793582248,9549.908292930351,0.0876190012320876,-0.3419883608818054,1.1777889444238905,57.847269233703614,0.4143413164013146,82447657.5081186,4029.3425532783945,0.8959715632014902,372812.4158699062,-630.2729196411516,0.0267629439099796,0.0122942154024921,0.0030130104582743,1.5326740512389507,0.007162997033447,0.0019658520711837,10.65625,1.0,0.0,0.0,,,
PolyX_PolyL_33,PolyX_original,L,33.0,250,33,2.9570474671384703,0.4032993604255663,3.0,3.0,4.806467714565564,1.119833699531119,11970.839601193476,0.0013700955178828,19.00740669712876,19.31297492980957,0.0074762776682951,0.9808344825558172,1.018522075292129,2.547919692849673,4565.208492853687,10281.096549496153,0.0525177373550832,-0.6041079640388489,1.174182007286933,55.18984778594971,0.3384094518938194,92527243.5357242,3312.288425627098,0.6860819631993804,401692.9661279795,-652.6945670585051,0.0364508064135462,0.014133378863367,-0.0075702543225163,1.675882232526513,-0.0845222920179367,-0.004517175595717,10.98989898989899,1.0,0.0,0.0,,,
PolyX_PolyL_34,PolyX_original,L,34.0,250,34,2.982831068240274,0.3810927470581649,3.0,3.0,4.842200027312568,1.1255491723807258,12282.702632327144,0.0012291162665717,18.96853559157428,19.165605545043945,0.003943376140611,0.986978380206928,1.0098687062416027,2.494199329398905,4740.7335878628255,10748.566180105978,0.0748317600227892,-0.5797045111656189,1.178263118659718,56.19482864379883,0.4306030697742408,109224823.3377575,3355.041395541888,0.716759176852666,458871.847960598,-683.5488588370331,0.0362888925349225,0.0136543080843029,-0.0073646383648333,1.6157509792407942,-0.0311733968555927,-0.0045580280990069,11.323529411764708,1.0,0.0,0.0,,,
PolyX_PolyL_35,PolyX_original,L,35.0,250,35,3.0059106321401825,0.3679145149011454,3.0,3.0,4.834678667560528,1.1295825408741416,13147.15250595662,0.0012213361672622,19.34130194527762,19.780065536499023,0.0108985857855032,0.9802438364373744,1.02900181842713,2.740182034571832,5091.51112958026,11349.719869933697,0.110027901828289,-0.5281705021858215,1.177254644229092,58.05647379302979,0.4017524423329097,111874893.32510756,3783.190243550099,0.7821311058213526,462473.0620791121,-704.3199828081027,0.0393344384966313,0.0107648020973094,-0.0173104223624315,1.5820644890201925,-0.0557292327284812,-0.010941666715532,11.657142857142857,1.0,0.0,0.0,,,
PolyX_PolyL_36,PolyX_original,L,36.0,250,36,2.989370519906347,0.3776997442007201,3.0,3.0,4.881917345638159,1.128663515556398,13303.32042588254,0.0010996539647765,19.18464252683852,19.408679962158203,0.0046674457517003,0.9873391390773838,1.0114868820351195,2.4923698340815736,5376.944055803585,11890.583706053343,0.0669012054800987,-0.5377246141433716,1.169730282652628,58.06697427368164,0.3550609386836688,123110202.7000375,3647.378391514426,0.7258954571071237,524038.7326802327,-735.7779980209035,0.0428955654153738,0.0065175842349574,-0.0092828126658707,1.606941328853552,0.0069573791697621,-0.0057766966961486,11.99074074074074,1.0,0.0,0.0,,,
PolyX_PolyL_37,PolyX_original,L,37.0,250,37,3.0007836328934228,0.3680314590808877,3.0,3.0,4.85016487562182,1.1355499351266205,11949.554336970145,0.0011135882475394,17.934532474827122,18.275548934936523,0.0082018008239291,0.9756877355589374,1.0204977905640644,2.474324494273314,5998.62935646706,12653.00154494862,0.069978899747366,-0.7405145168304443,1.1707101322907616,54.2279801864624,0.3192619441173705,96425287.1424601,3262.489399468062,0.7418437760182018,517834.9911590871,-754.8185764577178,0.0484078796319045,0.0098837752999724,-0.0084412369576875,1.5823572460515771,0.0051096691749989,-0.0053345962033651,12.324324324324325,1.0,0.0,0.0,,,
PolyX_PolyL_38,PolyX_original,L,38.0,250,38,2.947859265201628,0.4151865473175324,3.0,3.0,4.830607893714674,1.129774473961075,11990.577207352388,0.0010642323401353,17.727604966414603,17.998708724975586,0.0060124796317447,0.9868912430532542,1.0148216184421186,2.441927793670553,6410.73979106253,13299.6477186067,0.1515162228606641,-0.5003246665000916,1.1700605127312136,55.33834461975098,0.3362537568281862,154716298.07712027,3234.828390972807,0.6497823089241286,545742.7436234781,-780.3871217946122,0.028509233913132,0.0081901273594063,-0.0139163836322995,1.7099469846548891,0.0623075887560844,-0.0081384883603829,12.657894736842104,1.0,0.0,0.0,,,
PolyX_PolyL_39,PolyX_original,L,39.0,250,39,3.048153321363676,0.340963559265711,3.0,3.0,4.859962501833261,1.147983124342919,12196.323711113006,0.001026572775173,17.64763832092285,18.076881408691406,0.0107820880532593,0.9804363931059522,1.0269315439613256,2.484884232626196,6837.772151492029,13961.627496064391,0.3596111157909035,1.5687060356140137,1.1780262013601723,57.86979244995117,0.4188295738000558,123527812.27991468,3821.090460066665,0.9188622520569176,606975.9546627654,-805.1388823346547,0.0386390955187306,0.0087009060018202,-0.0026918158455229,1.5173667769961463,-0.0308003984391689,-0.0017740047338287,12.991452991452991,1.0,0.0,0.0,,,
PolyX_PolyL_4,PolyX_original,L,4.0,250,4,2.959499360928333,0.3855091510337773,3.0,3.0,6.726805805431282,1.0949357157206974,12415.657368876497,0.8049544429840785,55.6011962890625,55.67780685424805,0.0013414921068979,0.947176351423778,1.0027712501063388,0.6931471805599453,243.80307070628416,372.31559833930754,1.6153722412884235,22.73639153242112,1.1677483246867395,55.491201940397175,0.4061137909989669,606499.5147599912,3565.641813629308,0.7449605988735652,459.741455706793,-2.603635102732828,0.0315781278839704,0.0081408660895062,0.0046945437496342,1.6273635346764423,-0.0390573665499687,0.0028847541740445,1.25,1.0,0.0,0.0,,,
PolyX_PolyL_40,PolyX_original,L,40.0,250,40,3.013330122107301,0.3826305961215216,3.0,3.0,4.8817638164390935,1.1424274830469443,13006.92120837572,0.0010165381027588,17.995617628097534,18.410903930664062,0.0096385536135866,0.9843815511456888,1.0247012832804827,2.49561611906484,7643.831947231577,14832.64932821286,0.102497952687554,-0.6007489204406739,1.1672196838233582,58.81940083312988,0.329536787463195,136867702.06889182,3858.322285296895,0.7752545031836224,627122.1506622261,-826.9622302394419,0.0285368377799789,0.0093105567000665,0.0008917096861507,1.6197757675027864,0.1196014061570167,0.0005505142773375,13.325,1.0,0.0,0.0,,,
PolyX_PolyL_41,PolyX_original,L,41.0,250,41,3.01509175302368,0.379544708577146,3.0,3.0,4.852694730126858,1.144847586628495,12927.343792281496,0.0009310780960827,17.720310629867924,18.129026412963867,0.0098484813023635,0.9838691865028374,1.0250436037404145,2.5084391173553344,7724.147930546611,15305.604487191542,0.1132924356497824,-0.5737820744514466,1.1698296928428806,58.58659080505371,0.3515763980813131,149984267.82284233,3664.169642818228,0.7467983204670103,664278.1482684306,-858.4375237833567,0.0299456969921522,0.0083381550094483,0.0038168059433762,1.6117196739619355,-0.1194519624114036,0.002368157443755,13.658536585365852,1.0,0.0,0.0,,,
PolyX_PolyL_42,PolyX_original,L,42.0,250,42,3.0314724296737148,0.3714437604371295,3.0,4.0,4.856032757853495,1.1517737934685155,12409.911288474572,0.0008972369962549,17.15383584158761,17.614940643310547,0.011378784740758,0.978582125812023,1.0281023659633632,2.463351413955337,8207.907275691286,15990.164248228364,0.1520990819670259,-0.5470822930335999,1.1705361489390511,57.27371328735352,0.3552513561105794,153485157.80122313,3559.2237586902693,0.7721355483201839,678011.3571967498,-884.039937830525,0.0250249554942353,0.0115142308865177,-0.0102279234463555,1.5909475350932003,0.0199683830142021,-0.006428825099574,13.992063492063492,1.0,0.0,0.0,,,
PolyX_PolyL_43,PolyX_original,L,43.0,250,43,3.0036853091287337,0.3817955027671237,3.0,4.0,4.862196799447212,1.148797149663194,12683.657054761636,0.0008976902816845,17.138971461806186,17.6336612701416,0.0123153026656658,0.9784765426601916,1.0308672099935332,2.484114609954536,9120.288154852058,16937.465481856972,0.0917710583657026,-0.6911358952522277,1.1664823481146205,58.60756112670899,0.3173592143579158,197506148.69141752,3345.417850120597,0.6908361742846464,765071.4633123592,-905.023346162864,0.0411869761869564,0.0111764840373567,-0.0155487655719829,1.6175877148679207,-0.0097791301086544,-0.0096123168024253,14.325581395348838,1.0,0.0,0.0,,,
PolyX_PolyL_44,PolyX_original,L,44.0,250,44,3.0648812836442247,0.344056517973514,3.0,4.0,4.861996098860583,1.1606919308818735,12968.718739959686,0.0008722363260577,17.132923906499688,17.55971336364746,0.0096883369638529,0.9796266418971582,1.024968913454203,2.393109996959041,9552.038691748068,17608.35392278438,0.1554618184454739,-0.4948668360710144,1.1680666539107385,59.57240980529785,0.3269420425398827,167986078.63732338,4116.26231060815,0.9225208304320582,772979.1464298293,-929.8673431183772,0.0247635458623995,0.008166748052631,0.0065121297527123,1.5245215897421198,-0.0813896059989929,0.0042715890651221,14.659090909090908,1.0,0.0,0.0,,,
PolyX_PolyL_45,PolyX_original,L,45.0,250,45,3.0196560928944014,0.3767494175251136,3.0,4.0,4.861296082640473,1.157989689652284,12527.2575126361,0.0007978787538835,16.65108731587728,16.93522071838379,0.006372191579411,0.9758073822153414,1.016540825572112,2.7071142143847604,10128.723851934814,18370.17382175965,0.082243533199653,-0.7871383905410767,1.1655013595308334,58.46490252685547,0.3337221045092496,209419604.7803924,3303.734576278266,0.6999976050122645,871799.7787802632,-963.0296906183412,0.0308831386542534,0.0117790469910505,0.0012726176004815,1.6044910797019505,0.0524609461426734,0.0007931596607184,14.992592592592592,1.0,0.0,0.0,,,
PolyX_PolyL_46,PolyX_original,L,46.0,250,46,3.0279651300574373,0.3847248316493754,3.0,4.0,4.878149944731678,1.1610152579054671,12737.74321854681,0.0007724335666056,16.606270168138586,17.062557220458984,0.0107073288689734,0.9840213562984584,1.027238410503496,2.506279302976345,10753.40211600455,19172.34450525332,0.0700276927382219,-0.6506797790527343,1.1676674987184106,58.97069725036621,0.3335954373553518,252775223.45464545,3512.29331185701,0.7167175991280906,907199.870287336,-988.9030172856964,0.0318636776002188,0.0139030620754851,0.0152009386183486,1.6252890599838636,-0.0690188556909561,0.0093527600669164,15.326086956521738,1.0,0.0,0.0,,,
PolyX_PolyL_47,PolyX_original,L,47.0,250,47,3.064888828081473,0.3599790170854852,3.0,4.0,4.908585573564293,1.167984503169957,13151.788453557623,0.0007809076201498,16.692506993070563,17.296085357666016,0.0154140361131851,0.9761735475191312,1.0399944620089223,2.54017836460478,11630.060533915626,20072.693595067587,0.1682742647826671,-0.209846293926239,1.1649048762035048,59.5819620513916,0.339433303693604,237982649.4975098,3915.699569937548,0.8270797007822794,933970.1663304096,-1008.8624781751244,0.0240732337793214,0.0102133571582042,0.0221340029045318,1.5624487738608508,0.0394721142947673,0.0141662262938844,15.659574468085106,1.0,0.0,0.0,,,
PolyX_PolyL_48,PolyX_original,L,48.0,250,48,3.036704475574779,0.363776397130967,3.0,4.0,4.906608601319061,1.1716322362611788,11731.031473604313,0.0007739690383197,15.601179202397663,15.997932434082031,0.0095305999791341,0.9824748809710584,1.0246044315415228,2.6105363279147378,12387.264813301192,20930.570637995213,0.2039051331579685,0.7079367160797119,1.1622032169089158,57.08630369567871,0.3463329888902066,218145103.14914456,3016.340170263093,0.7068212545767285,987282.4344263292,-1031.612832247449,0.0240554781864676,0.0093884958917704,-0.017032150925363,1.5717744445357376,-0.0003536432923283,-0.0108362564256541,15.993055555555555,1.0,0.0,0.0,,,
PolyX_PolyL_49,PolyX_original,L,49.0,250,49,3.0505169714085203,0.374270645866372,3.0,4.0,4.931442656975173,1.1708100488976514,13377.42216341567,0.0006993978596924,16.48944881984166,16.79601287841797,0.0073410859960359,0.9785106804647252,1.0188527978913198,2.601445045000067,12937.17079958116,21702.15249591833,0.0774406181182712,-0.4854468822479248,1.1620176378171818,60.49848141479493,0.3533074590524013,356851244.54607,3698.56411631398,0.7387116572334689,1077845.897246512,-1067.99763886067,0.024181912928672,0.0157807695911512,0.0058529594830015,1.5981350297758996,0.1003153771162033,0.0036623685568396,16.3265306122449,1.0,0.0,0.0,,,
PolyX_PolyL_5,PolyX_original,L,5.0,250,5,2.9611465722040022,0.4160038448655574,3.0,4.0,6.250082554078145,1.1373368646796314,12021.709050490235,1.1162354662545522,48.93530426025391,49.42227935791016,0.0050324525760841,0.8323088646177292,1.0084895026822198,0.500402423538188,835.9124878343296,1014.3506805713048,4.409981458517723,60.34699532985688,1.1731771455731488,55.01937265644019,0.4192202188931587,733505.6141301133,3214.2475057031284,0.6427110371639511,544.9540371562031,1.64942754907405,0.0268620334317548,0.0124252916571439,0.0132228743814204,1.7123400406117204,0.0074656037613749,0.0077221077981243,1.6,1.0,0.0,0.0,,,
PolyX_PolyL_50,PolyX_original,L,50.0,250,50,3.032328935143952,0.3848635453172628,3.0,5.0,4.879336637514861,1.1765503668037325,12004.389311428356,0.0007072844044269,15.461742935180665,16.08806800842285,0.0160964434536924,0.9784542383346836,1.0413417450844933,2.481102222528686,13878.943491288248,22656.63896684827,0.0752389218658208,-0.6082813739776611,1.1604447530103763,57.970965270996096,0.3375236063537624,265583776.3707948,3039.58235505202,0.6579108778540796,1125468.0131409855,-1088.1115429851484,0.0259199408096346,0.0089895816449445,-0.0209557857355042,1.6256555637167691,-0.0813568606972694,-0.0128906677416362,16.66,1.0,0.0,0.0,,,
PolyX_PolyL_6,PolyX_original,L,6.0,250,6,2.9372705304969404,0.4051017039581185,3.0,3.0,5.681072379879609,1.09671070623554,12686.629711606423,0.3729422011352253,45.89089775085449,46.05439758300781,0.0016863050434185,0.9545616089583367,1.003215919189121,1.329661348854772,490.4650880787237,747.4325774230928,2.961582199437544,43.341513419151305,1.1712929007776554,56.62139626312256,0.3695534553660919,875576.9310367376,3615.90683525736,0.703569327900298,821.4273703540706,-17.75397282338342,0.0243013532441553,0.0119818731673864,0.0195282917231641,1.680959597049508,-0.0381567105650901,0.011617347470028,1.9444444444444444,1.0,0.0,0.0,,,
PolyX_PolyL_7,PolyX_original,L,7.0,250,7,2.9733174056484355,0.3806043906258546,3.0,3.0,5.199328758738318,1.0987029798582533,12741.793214041934,0.2094663471518463,42.57897731236049,42.666805267333984,0.00178444154302,0.9639779387474804,1.0044653249320032,1.3517839942896657,274.47607859123485,652.588836561679,1.5538900509942324,21.70377695560456,1.169287237250333,56.6209559173584,0.375135535978879,879818.0677727724,3884.324780378364,0.8009606655965738,1056.6737484356447,-32.827035813802986,0.0324220771970397,0.006990170360538,0.0039389702736042,1.6144770561264197,0.011309303343296,0.0024397808927746,2.2857142857142856,1.0,0.0,0.0,,,
PolyX_PolyL_8,PolyX_original,L,8.0,250,8,2.9980511007840853,0.3633170298777405,3.0,3.0,4.998565100196889,1.1170233281218522,11946.630164918795,0.171133389542258,38.56620931625366,38.642051696777344,0.0014162478506017,0.9743138020107412,1.0033671015935317,1.559581156259877,294.7313822520127,785.0986741642456,1.6407896034419536,23.36342717409134,1.1699781265429203,53.68724890899658,0.3469813024391253,927906.4626735124,3412.97177385016,0.7863239832827232,1386.9277825352892,-42.36748715962819,0.0323199851317142,0.0146262744880954,0.0105129790022383,1.570640408063647,-0.0570260286331176,0.0066934346955518,2.625,1.0,0.0,0.0,,,
PolyX_PolyL_9,PolyX_original,L,9.0,250,9,2.993686367851689,0.3562691342785555,3.0,3.0,4.513012727195016,1.0996825629790326,11653.128211558958,0.1099755483282882,35.91116926405165,35.95391082763672,0.0007932993286423,0.9855375677831052,1.0017829549557264,1.8891591637539145,88.55365950184604,758.0176243777513,0.0888239067047834,-0.2053309679031372,1.1691460830751992,53.51087850952148,0.3782758496799888,1152558.005685093,3685.3020496205,0.8876716820469321,1853.9779338688645,-59.602424911847066,0.0320329834119381,0.0115533821928664,-0.0116267021651722,1.55344423151013,-0.0063983676955103,-0.0074844670497899,2.962962962962963,1.0,0.0,0.0,,,
PolyX_PolyS_10,PolyX_original,S,10.0,250,10,2.982464743011306,0.3609705821756052,3.0,3.0,4.356930033685049,1.0979733074156894,13817.448124124308,0.1022928788757975,37.097406005859376,37.129974365234375,0.0005125210109227,0.9880204464002292,1.0013906785345448,2.025326220770033,103.1679577198382,912.077972944605,0.0850270372000523,-0.3132678270339966,1.169543202038199,58.1467127532959,0.3832065447835846,1036215.9941066036,4107.202027432446,0.8234674045042426,1876.4180916864336,-68.39745637201094,0.0336422293302555,0.0097274309048424,-0.0098811376160311,1.5648731844060422,0.039773590862751,-0.0063143376178115,3.3,1.0,0.0,0.0,,,
PolyX_PolyS_11,PolyX_original,S,11.0,250,11,2.979535170161536,0.355147975457463,3.0,3.0,4.1698844805459405,1.0981034251762818,13055.156697937357,0.0936803984631425,34.38145758888938,34.41005325317383,0.0006223657218057,0.9875002919436364,1.0015355247066358,1.8462202193216333,178.2537514587195,1139.733347082097,0.1981444045901298,0.0507292985916137,1.1727594585473526,56.91401246643066,0.398565321030089,1008285.9241602906,3815.562605345932,0.8229380659664977,2098.4690973262923,-78.13958789662875,0.0256815612538343,0.012324520612896,0.012631348146193,1.550743367378598,-0.0154776126146316,0.0081453504242489,3.636363636363636,1.0,0.0,0.0,,,
PolyX_PolyS_12,PolyX_original,S,12.0,250,12,2.969560098573607,0.3613803173529368,3.0,3.0,4.150402489102838,1.100335446446228,13516.959597980578,0.1103701324681762,33.49488226572672,33.53758239746094,0.000660144221295,0.9866235737828206,1.001467672923574,1.9792045174343245,705.5367641628302,1761.5308887846,1.9591293171048163,25.013568782806395,1.1720422363635274,57.47508996582031,0.3844152783433859,1032571.0437545364,3794.581483935232,0.7768199538157423,2112.8509629753,-79.3409657438817,0.0390669907896094,0.0105196486032036,-0.0170836240388832,1.5658771991727911,0.0365152731537818,-0.0109099385614766,3.9722222222222223,1.0,0.0,0.0,,,
PolyX_PolyS_13,PolyX_original,S,13.0,250,13,2.9777707224816083,0.3688238708660798,3.0,3.0,4.166178750146665,1.112798942000681,12325.952605723833,0.1121377329743828,30.730165775005634,31.141801834106445,0.0039231279928454,0.9519715170672144,1.0019434101745457,0.8981370031878823,839.4029279045467,2011.6975012643748,1.7856748051941396,20.06198122501373,1.1705215721778452,55.25170125579834,0.3386044097948191,1034068.9673153427,3417.679132770936,0.7517817379209148,2409.420653635228,-85.33306853550063,0.0305724424569719,0.007441480711641,-0.0201454172850106,1.5843438207528036,0.0631315633654594,-0.012715306500938,4.307692307692308,1.0,0.0,0.0,,,
PolyX_PolyS_14,PolyX_original,S,14.0,250,14,2.949984335698317,0.378488122010319,3.0,3.0,3.804442984973899,1.0952883033102336,11934.14747197027,0.0730120920461322,29.13808413914272,29.226261138916016,0.0012818969831503,0.9872933356355592,1.0030741136338788,1.90853528164354,287.9614354484384,1772.3148836154971,0.1512369617819786,-0.2008553266525268,1.1698808313098557,54.04393003845215,0.3562852622906489,1134068.9898841688,3241.1183764088555,0.7175484626748994,2954.6232909414384,-109.91946840213538,0.0286060245491605,0.0070226850895089,-0.0167789139429222,1.6089797080541124,0.0005802512168884,-0.0104282943146447,4.642857142857143,1.0,0.0,0.0,,,
PolyX_PolyS_15,PolyX_original,S,15.0,250,15,2.924967825549722,0.4107071996991532,3.0,3.0,3.7330974444078753,1.092265361717063,12932.780173013389,0.0698042405656592,29.304205830891927,29.322540283203125,0.0003869374983881,0.9879957691352006,1.0009583680086522,2.2110688711446014,366.9172712161519,2039.8918243182816,0.1205701413564384,-0.3105626821517944,1.1735884942951649,56.14985774230957,0.3634795178386698,1389401.9586733964,3789.193685802141,0.7133827328262639,3183.0063253821822,-119.79272299034338,0.0273580404807805,0.0071818891593609,-0.0006198251345206,1.6969492915736932,0.0821647495031356,-0.000365258489197,4.977777777777778,1.0,0.0,0.0,,,
PolyX_PolyS_16,PolyX_original,S,16.0,250,16,2.961187404596912,0.3832746542654214,3.0,3.0,3.644114189163338,1.0985864296122998,13037.715713419017,0.066394018098451,28.488548517227173,28.52677154541016,0.0007032399707083,0.9885479419958152,1.001668142491811,2.339371734389815,437.9217731463765,2318.458189931337,0.0747108530253171,-0.1635022401809692,1.1718140892134103,56.358328155517576,0.3629549578486905,1388768.139767294,3703.659212943721,0.7411726947058807,3471.3117648193806,-130.18311879374772,0.0265384382399848,0.009530107412075,0.0044167408822747,1.6214673305001028,0.0105661433190107,0.0027239160474729,5.3125,1.0,0.0,0.0,,,
PolyX_PolyS_17,PolyX_original,S,17.0,250,17,2.981788227626559,0.3597782151603221,3.0,3.0,3.571711997076048,1.103732852740216,11915.43181944725,0.0632377277936516,26.42158519520479,26.56320571899414,0.0023839250202154,0.984192812721964,1.0059099765459178,2.262386254183296,526.5418052737695,2609.741671381816,0.1256532786414027,-0.2490609407424927,1.173572871227341,54.06848890686035,0.375315357036875,1253159.9632986365,3461.7253009389046,0.8075100820106007,3787.8260599281607,-140.8035636773379,0.0296882747686374,0.0166004283746266,0.0095108755553272,1.5619587206805476,0.0369308367371559,0.0060890697230298,5.647058823529412,1.0,0.0,0.0,,,
PolyX_PolyS_18,PolyX_original,S,18.0,250,18,2.988855144702313,0.3688131076735788,3.0,3.0,3.6004787696338054,1.1089106812897418,11743.169603132445,0.0674143042502517,25.490925047132706,25.63174057006836,0.0015032234048647,0.9840645486747766,1.0019121320394715,1.9041911973400376,843.2336257410464,3083.1018820147497,1.1450317151844502,11.775528168678283,1.17663752279273,53.98255557250977,0.3878330985767279,1151918.424208661,3526.4445259815016,0.8142267673987098,3852.7702842331214,-145.63249454966143,0.0317869283800816,0.0069170325480292,0.0004247704672124,1.5843168040359834,0.097645103931427,0.0002681095511349,5.981481481481482,1.0,0.0,0.0,,,
PolyX_PolyS_19,PolyX_original,S,19.0,250,19,2.996074265993677,0.3526681287139818,3.0,3.0,3.529750509948642,1.1081860569906676,12928.133107623493,0.0605397393178416,26.03278180172569,26.0900993347168,0.000955807936216,0.9832507843869028,1.0023105087758457,2.177615725211808,832.055530461513,3337.384177477202,0.105897747632116,-0.1240907669067382,1.172935170477167,56.77830952453613,0.358629706557395,1380836.6419649883,3920.5688616746393,0.8598982357999384,4250.677418499523,-159.85395061176922,0.0300204375740032,0.0109319716328628,-0.0128541584626664,1.5448026651512703,0.1353277266025543,-0.0083209064509062,6.315789473684211,1.0,0.0,0.0,,,
PolyX_PolyS_20,PolyX_original,S,20.0,250,20,2.9871441235819263,0.3648420756477732,3.0,3.0,3.5124312622905887,1.108586255669778,11885.374351494478,0.0558952449130307,24.32880334854126,24.399293899536133,0.0012714542212861,0.9867786250558572,1.003055115527709,2.362727307541348,860.9728490427415,3614.594840492227,0.0880496811121702,-0.1880654096603393,1.170299657823941,54.1700075378418,0.3528313206193125,1291293.6764783596,3493.636142376143,0.8056750019365154,4722.913799373542,-173.05655752421387,0.028375242618408,0.0133797006517425,0.0095639171235264,1.5744115938093062,-0.1155903339385986,0.0060745977484699,6.65,1.0,0.0,0.0,,,
PolyX_PolyS_21,PolyX_original,S,21.0,250,21,2.9899820525120333,0.3642080400232164,3.0,3.0,3.517863182647992,1.110827679919652,12380.857372332212,0.0581183626651477,24.232326780046737,24.29623413085937,0.0011051125652641,0.9929132814423424,1.002921707660577,2.372350287703679,1175.1755525853882,4116.501332721768,0.7434615576639771,5.445348787307739,1.1729427682134097,56.326761436462405,0.3967105502796318,1459699.990950853,3654.257612058208,0.8103990271147246,4905.447248224159,-179.25223708445043,0.0372164334126999,0.008521345105394,0.011487899078709,1.5728415314287958,0.1327947080135345,0.0073039138708035,6.984126984126984,1.0,0.0,0.0,,,
PolyX_PolyS_22,PolyX_original,S,22.0,250,22,3.0006949084479486,0.3605094944283378,3.0,3.0,3.463941610322665,1.113663541678375,12029.986677296603,0.0535068334483003,23.33730931715532,23.37164878845215,0.0007452534943249,0.9899387238693506,1.001508582885334,2.3265432531941137,1146.4139371168103,4373.96108357438,0.1100207309238612,-0.1773317813873291,1.1710591885608554,54.42905120849609,0.3339436587211019,1569976.411126765,3719.671491125021,0.8576749639098489,5361.87282022498,-193.2444292091388,0.0285906185426324,0.0110185754799926,0.0014887738299103,1.5637448739071835,-0.0583841428160667,0.0009520567291103,7.318181818181818,1.0,0.0,0.0,,,
PolyX_PolyS_23,PolyX_original,S,23.0,250,23,2.98134868121376,0.3730867251159354,3.0,3.0,3.4672685586532768,1.1097649435315675,13052.435381397425,0.0523222930872357,23.77433096844217,23.937578201293945,0.0038499087310925,0.9853141722901574,1.0095455823904715,2.547531366467932,1308.9194351399274,4771.118347763398,0.0904171051341109,0.0044170141220092,1.1769412238579986,56.53044783782959,0.4162073494875888,1796736.911474138,3786.5464143431273,0.7775743683236337,5660.737287983097,-203.57295881641,0.0312180977094002,0.0080545874531131,0.0025349880699507,1.5951169644396677,0.0552638657391071,0.0015892176726252,7.6521739130434785,1.0,0.0,0.0,,,
PolyX_PolyS_24,PolyX_original,S,24.0,250,24,2.915424587952756,0.408639254249185,3.0,3.0,3.4404800815324337,1.1018188412335388,11731.904951443938,0.0506996867857826,22.06518602371216,22.11178970336914,0.0018201468005144,0.9885934775882586,1.004428174447866,2.4166164039407487,1474.4967668770892,5193.138207793923,0.0926126383244991,-0.0784327268600463,1.169811377833566,53.52895659637451,0.3690366661894578,2075544.325733556,3015.4086757126897,0.6289810500503548,6069.542203371895,-214.69215871944985,0.0384715137469951,0.0122448976991159,0.011228375529864,1.6910151835160456,0.0668631345033645,0.0066400205265179,7.986111111111111,1.0,0.0,0.0,,,
PolyX_PolyS_25,PolyX_original,S,25.0,250,25,2.963842915290393,0.3891732156032269,3.0,3.0,3.431487606436042,1.1098241324766729,13393.64816211715,0.0507457099561058,23.099829330444337,23.14612197875977,0.0012367548774583,0.9896454971129568,1.0034066354096225,2.775261629309836,1696.9443286566616,5650.692490395378,0.1052580430172383,-0.1618558645248413,1.1711793179902548,57.3272205581665,0.3488874011570987,2010882.887630467,3780.766782864521,0.7253340402925436,6269.303892169907,-223.56961418711228,0.0309848876625744,0.0031798498378802,0.0087833944996216,1.6371253283982268,-0.0040313662029802,0.0053651326179644,8.32,1.0,0.0,0.0,,,
PolyX_PolyS_26,PolyX_original,S,26.0,250,26,2.9874090300089686,0.3786422001147948,3.0,3.0,3.4100696619212423,1.1168354816541173,12449.290588370515,0.0479079584249969,21.838094858022835,21.8743953704834,0.0015918354142476,0.9882805304618668,1.0042373575304735,2.479124914648352,1878.11415000315,6092.657241089971,0.118173968559131,-0.1729729652404785,1.1695228466288978,55.7841538772583,0.3298128465368393,1974261.7475271649,3714.168778120101,0.7879306883439937,6893.662333027561,-237.00094336393204,0.0281996401474717,0.0076785888850076,5.7503744705942686e-05,1.609378686780384,-0.0330883041024208,3.5730400293424924e-05,8.653846153846153,1.0,0.0,0.0,,,
PolyX_PolyS_27,PolyX_original,S,27.0,250,27,2.992389794670847,0.3755110311679616,3.0,3.0,3.4207171672078536,1.119176736225389,12874.187751138295,0.0473042547975063,21.79241667853461,21.952985763549805,0.0032641715302093,0.9851585408149702,1.0084882950270986,2.538258445885531,2111.6158475663733,6570.059412196892,0.0858502428047359,-0.1488933324813842,1.170273457644323,56.30148177337647,0.3625416399316151,2294205.19907462,3849.6298190683488,0.796299479352215,7326.813661948551,-247.14355702890745,0.0336009586831072,0.0177608114445708,0.0087426480472117,1.6013093103474154,0.0322194322943687,0.0054596872635237,8.987654320987655,1.0,0.0,0.0,,,
PolyX_PolyS_28,PolyX_original,S,28.0,250,28,2.957525157092016,0.385961115369308,3.0,3.0,3.407134440465316,1.118311216010649,11811.528982174734,0.0462593814472488,20.49748427527292,20.68158531188965,0.0038111140753298,0.9871200963984468,1.0100072625979937,2.298067596600161,2395.9986273647537,7104.956225038918,0.1117037158459424,0.0808210849761962,1.170976091608598,54.61363594055176,0.4165856433474723,1982563.6535901304,3104.4473249843104,0.680980416290585,7622.681204321096,-258.1732426911343,0.0319988330843151,0.0069864922506344,-0.0021743547945129,1.6285613582948264,-0.0265069007873535,-0.0013351383927321,9.321428571428571,1.0,0.0,0.0,,,
PolyX_PolyS_29,PolyX_original,S,29.0,250,29,2.986937716636019,0.3795052698823874,3.0,3.0,3.377408079201239,1.121365471081944,13818.049615990192,0.0480984155253999,21.784757153741246,21.94124794006348,0.0024653200968738,0.9891267282101148,1.0062851287622492,2.298198622294477,2845.1397794831964,7721.206413279106,0.48656443413347,2.9520663022994995,1.169630208953097,58.846072593688966,0.2938681455933174,2827047.794173154,3996.069640852492,0.7620237189085964,7959.883806005758,-264.00202500368044,0.0340049329637536,0.0133012164786057,0.0070379683833643,1.6116172329303322,0.0175844933837652,0.0043670222923409,9.655172413793103,1.0,0.0,0.0,,,
PolyX_PolyS_30,PolyX_original,S,30.0,250,30,2.9681649125746445,0.3983379785229147,3.0,3.0,3.3356351519189307,1.1233712064468069,11693.292646190625,0.0454691298319953,19.70311660766601,19.832115173339844,0.0034092925977481,0.9888690420133436,1.0081435424739436,2.4647711362373164,3011.027933291523,8166.391701032323,0.1450383123010397,-0.0931936979293823,1.172344803715481,54.91488224792481,0.3867713557388609,2112533.6488380786,3382.878061347064,0.7262695058174985,8420.622279830963,-278.1649475247989,0.0372784090658219,0.0116313931337082,-0.0001273900789474,1.6620626935118683,0.0531475767493248,-7.664577241104023e-05,9.988888888888887,1.0,0.0,0.0,,,
PolyX_PolyS_31,PolyX_original,S,31.0,250,31,2.9647929260399466,0.393786747330845,3.0,3.0,3.381002758420728,1.122226234972758,13184.992986279114,0.0438897862766772,20.581941912251136,20.71233367919922,0.0033409655043522,0.9883579215693742,1.0088620066667795,2.575236609735712,3218.934833383858,8657.563780913606,0.0899830305483192,-0.029631757736206,1.1714127099588578,57.265457290649415,0.3582517304920701,2694402.782882228,3601.4656885422764,0.6936466327194085,8998.800258109124,-290.7248480681871,0.0368944160699161,0.0127610133731387,5.893098329167322e-05,1.6495845242528155,0.0120670888572931,3.572474306207117e-05,10.32258064516129,1.0,0.0,0.0,,,
PolyX_PolyS_32,PolyX_original,S,32.0,250,32,2.9962415470014205,0.3761217511311544,3.0,3.0,3.3436673111554813,1.1287782488132918,12558.1046936672,0.0432474238834502,19.77026504278183,19.94193649291992,0.0044182830790443,0.9875255761021764,1.010621283445449,2.5502474136218725,3516.891083399252,9209.499130393498,0.0795048234052956,-0.0162461519241333,1.1700622681513282,56.763478370666505,0.344525258931549,2215189.173761045,3624.551835714853,0.7673646103574449,9411.964315507948,-301.5184896924268,0.0361607691378945,0.0080833611879366,0.0008237220227174,1.6028768462646377,-0.0205796416848897,0.0005139022530555,10.65625,1.0,0.0,0.0,,,
PolyX_PolyS_33,PolyX_original,S,33.0,250,33,2.9994679003128835,0.3784043208175981,3.0,3.0,3.364614226570183,1.1318981613269528,12957.150068031717,0.0424664959558191,19.775470849239465,19.857919692993164,0.0016725754035843,0.9876707289354127,1.0045370314795412,2.4668783832598407,3864.0149651056586,9797.712453133729,0.1377141600241884,0.0382001638412475,1.1715081892703978,57.2686971282959,0.3445828110156466,2641199.513211804,3785.454728314896,0.7720625398183063,9866.711935182271,-312.7449436089922,0.0330733116671743,0.0115369306344508,-0.0136936098410963,1.6087627914584628,0.0428079180419445,-0.008511888709106,10.98989898989899,1.0,0.0,0.0,,,
PolyX_PolyS_34,PolyX_original,S,34.0,250,34,2.989764773915687,0.3875607542984647,3.0,3.0,3.364177681129271,1.1335930341348988,12875.080351012592,0.0409833727900961,19.420691041385425,19.47577476501465,0.0015287972653884,0.9907267448402368,1.0039986416669395,2.8378118147449256,4228.250160939991,10394.882788185418,0.0747705011628568,-0.0295028686523437,1.1689973953712811,57.98565062713623,0.3325462028433877,2830106.2137600025,3682.194331063318,0.7379330548323261,10838.50347458514,-325.8480602124629,0.0322155865581282,0.0096416741834412,-0.0086833409648257,1.632815021275331,0.0354471504688262,-0.0053180187903414,11.323529411764708,1.0,0.0,0.0,,,
PolyX_PolyS_35,PolyX_original,S,35.0,250,35,3.0161751834770296,0.3729623575082878,3.0,3.0,3.3401665597129613,1.1408797134758455,12331.129568476252,0.0417625285102183,18.732500621250697,18.81247901916504,0.0024618491330302,0.9884061368616358,1.0065965078793735,2.7975468348765062,4685.237506244086,11065.443232144917,0.1767433918081224,0.3597008466720581,1.1690847651257616,56.70283369445801,0.3172697469177859,2350519.943059579,3736.822401806709,0.8125210018927241,10613.948910588584,-333.4543567440287,0.0250884944879872,0.0068320753087468,-0.0012658337252026,1.5948005864946415,-0.1382471621036529,-0.0007937253947877,11.657142857142857,1.0,0.0,0.0,,,
PolyX_PolyS_36,PolyX_original,S,36.0,250,36,2.9949051918282765,0.3907850120684258,3.0,3.0,3.337688910925856,1.143194560203372,12038.117078314204,0.0404004990026381,18.24966012107001,18.416229248046875,0.0036614748881138,0.987486953524546,1.0096409562428723,2.608700031862021,5108.340463810535,11714.063857661517,0.1137928739888593,-0.0029029607772827,1.167275485324862,55.54486405181885,0.3349289587476868,3079255.2321064714,3406.1832637233533,0.72405498713558,11856.34095291952,-346.5626182085986,0.0298103337244689,0.0082811869238894,0.0041080522271599,1.6414566611291548,-0.0379952937364578,0.002502686987839,11.99074074074074,1.0,0.0,0.0,,,
PolyX_PolyS_37,PolyX_original,S,37.0,250,37,2.9588341017688395,0.4061581648461863,3.0,3.0,3.337488129966096,1.1342460091079627,13110.020844653303,0.0397857694722935,18.78575912681785,18.93561172485352,0.0028358982699668,0.9867422363135184,1.0071454481802566,2.178810794664079,5454.618858252337,12316.932877641886,0.1225053953006863,0.073092770576477,1.1695562714428225,58.50965808105469,0.369093041721506,3356500.9026828865,3520.055613418942,0.6610753363362334,12087.94679994416,-357.8913027460463,0.0362731368585953,0.0124982798758542,0.0018230805388025,1.6839500702084846,-0.0135190244764089,0.0010826214927314,12.324324324324325,1.0,0.0,0.0,,,
PolyX_PolyS_38,PolyX_original,S,38.0,250,38,3.0305125427150483,0.3633776573874619,3.0,3.0,3.369098507764916,1.1522123388739645,13046.561120661698,0.0391987084017972,18.49202442169189,18.617053985595703,0.0025748552512121,0.9884935456071564,1.0060290453152103,2.6046292197067484,5943.062180274757,13017.089244995948,0.1014615128282457,0.1275947093963623,1.170257004162319,57.65371272277832,0.3497712375919338,2965656.0407136152,3800.877899618156,0.8017327868911883,12721.407322612473,-369.25870763738766,0.0373638859360059,0.0051141469981635,0.0229360545893593,1.5707899849952665,0.0292471759021282,0.0146016048020374,12.657894736842104,1.0,0.0,0.0,,,
PolyX_PolyS_39,PolyX_original,S,39.0,250,39,2.9923389575716537,0.3937198745825737,3.0,3.0,3.3051077194353096,1.1471125074990751,11752.304763091406,0.0387851308801588,17.324327811216698,17.465023040771484,0.0033907064114412,0.9867063932295794,1.0088067409189565,2.5921929313815832,6350.400575881834,13658.199021521406,0.1815724268555641,0.1596953392028808,1.1686796842468867,55.1388362121582,0.3495345315984236,3589044.595970788,3267.682855656916,0.7062029319677545,13484.34054733534,-380.217043324966,0.03702663495714,0.0123399498118419,-0.0086034169748091,1.6494025749425585,-0.0360453873872756,-0.0052160807221894,12.991452991452991,1.0,0.0,0.0,,,
PolyX_PolyS_4,PolyX_original,S,4.0,250,4,3.026254934550036,0.3729420362021798,3.0,3.0,6.803987366031314,1.140351137787849,12025.116494076929,1.6519386864726466,54.719539642333984,54.99792098999024,0.0029400498870358,0.8830926749185609,1.00493519746625,0.5623351446188083,489.9842389829256,600.2211116375348,2.787766999797896,39.9516650557518,1.169272009506643,54.80401947080291,0.4146051961638281,633215.2456154801,3370.669299088948,0.7515978262950376,430.0547558258159,6.0233947593098565,0.0271433554827108,0.0067000757745367,-0.0104075713646659,1.5947489031850108,0.0523008219897747,-0.0065261505075987,1.25,1.0,0.0,0.0,,,
PolyX_PolyS_40,PolyX_original,S,40.0,250,40,3.0583352096244405,0.3839905945151884,3.0,4.0,3.4474222687538814,1.1885019111560913,13122.21678270818,0.0399516387880644,18.071318531036376,20.63396072387696,0.0228589650126677,0.9278560723558886,1.0066947625581697,0.381316487853329,6993.059095777272,14432.207406980468,1.527508645504713,21.379763102531435,1.1689275232789909,58.66828929138184,0.3851774347998823,3867546.4500455568,3705.302130523682,0.7353529366727514,14045.327250094731,-386.4102689913164,0.037347133382455,0.0119955341147235,-0.0120536521961799,1.623351836995054,-0.0424496345221996,-0.007425163122832,13.325,1.0,0.0,0.0,,,
PolyX_PolyS_41,PolyX_original,S,41.0,250,41,3.0140903375598884,0.3773310052858944,3.0,3.0,3.287599440482002,1.15543013864428,12368.735045480757,0.0386706010104621,17.3339787459955,17.530405044555664,0.00313135354856,0.9878319884106548,1.005766814728861,2.127948019372073,7606.928223468995,15208.51687659002,0.4855888237216277,3.487249565124512,1.1666134716251464,56.916227951049805,0.4028832104897881,4570676.269931409,3418.474822265204,0.73246117019793,15638.923587946114,-400.0791011042989,0.0297465134932768,0.0137389376167686,0.0032202527756413,1.605989712815464,-0.068371795117855,0.002005151558409,13.658536585365852,1.0,0.0,0.0,,,
PolyX_PolyS_42,PolyX_original,S,42.0,250,42,3.012727293562541,0.3779588792772883,3.0,3.0,3.268535729034674,1.1549476575524902,12195.99379782292,0.0372259965934903,17.00636745634533,17.142723083496094,0.0030821191176932,0.9884468040179784,1.0074715576161246,2.6043569058023475,7949.412070374149,15843.5791572473,0.0925872411578893,0.386574912071228,1.1761059357669907,57.86779347991944,0.3744620245796846,4324561.471521097,3358.1488741554263,0.7285144964710614,15910.16765461956,-414.634237414351,0.0222422130834157,0.0090509150167716,-0.0011963527544601,1.6076107618707922,-0.0164900813251733,-0.0007441806081178,13.992063492063492,1.0,0.0,0.0,,,
PolyX_PolyS_43,PolyX_original,S,43.0,250,43,2.9650796196057647,0.4130209276460324,3.0,4.0,3.2447532098667216,1.150268345360312,12021.764087748636,0.0382190349072966,16.68690659279047,16.83684539794922,0.0041302858649985,0.9875181744931626,1.0109106183135657,2.384159721346439,8726.564178128783,16693.255174771253,0.332103409152478,1.8338552713394165,1.1672229998916208,56.62108722686767,0.3382235986551816,3839249.9258633936,3292.065972154463,0.6630225062793603,16014.479350097528,-421.1103836987125,0.0275475902063132,0.0070851666661139,0.0020551162238892,1.70363825066146,0.0576857440173625,0.0012063102146073,14.325581395348838,1.0,0.0,0.0,,,
PolyX_PolyS_44,PolyX_original,S,44.0,250,44,3.013033327191976,0.3845058919016579,3.0,3.0,3.2571533636273764,1.1558117249359687,12833.458482677552,0.0357055955894421,17.0440450148149,17.136959075927734,0.0034015304233508,0.9884268689692038,1.009211067176606,2.7303876885427893,9123.491165607404,17370.275678446385,0.1623616013675928,0.2864335536956787,1.1774418051841946,58.82426048278808,0.3637427874836398,4668506.309559786,3638.207550043626,0.7372941054441113,17699.69031080288,-439.8831161827902,0.0165040153757178,0.0119110809659241,-0.0052571068545425,1.6247109222371672,0.0681534186005592,-0.0032357182944152,14.659090909090908,1.0,0.0,0.0,,,
PolyX_PolyS_45,PolyX_original,S,45.0,250,45,3.020222311479773,0.3807549036174874,3.0,3.0,3.2606192016440705,1.1574326426417014,13279.015304614994,0.0362103460211676,17.14375046624078,17.198183059692383,0.0015309129566628,0.9900955559446922,1.0038321794814344,2.6549460791792026,9772.483723829866,18161.02029145598,0.1026777902248795,0.5519679546356201,1.175464409959091,59.18412300109864,0.3609314008454228,4783325.703858993,3832.355635379995,0.7579742070415724,17683.146149019267,-447.9854021361758,0.0282765474964156,0.0090424637710489,-0.0081146988521431,1.6148694690386245,0.0409358516335487,-0.0050249874724992,14.992592592592592,1.0,0.0,0.0,,,
PolyX_PolyS_46,PolyX_original,S,46.0,250,46,3.0165545391180766,0.3875429135805416,3.0,4.0,3.258905386646308,1.1593654174037729,14193.325595254137,0.0360174037909824,17.53039219068444,17.606224060058594,0.0023530223958287,0.9893690764293416,1.00669771700241,2.7169774104452578,10503.560177491672,19013.4785537896,0.1874242162099108,0.7305781841278076,1.1717783799412316,60.85050849914551,0.3410969166780792,5626791.825122188,4145.2434194737525,0.753608993985284,18703.09334819801,-458.6779147112659,0.0399321526914808,0.0204857479412852,0.0001265038058147,1.632767457792336,-0.0159263256937265,7.74781523255285e-05,15.326086956521738,1.0,0.0,0.0,,,
PolyX_PolyS_47,PolyX_original,S,47.0,250,47,3.041175367495603,0.3742136852765906,3.0,4.0,3.2265510914875706,1.1712110783603735,12445.80727169835,0.035194407314768,16.239986054440763,16.37944221496582,0.0055206949423813,0.984235699274174,1.013462060292379,2.7300757806060374,11187.982293638512,19835.64398834165,0.160792351141572,0.3199723720550537,1.1690957837284968,58.26781768798829,0.3266991607421097,4701061.780738671,3588.0570816043983,0.7704005889340181,19563.217922839503,-471.9083990304672,0.0211053389900544,0.0087258217460101,-0.0005779213915219,1.597989563645202,0.0671755820512771,-0.0003616552977776,15.659574468085106,1.0,0.0,0.0,,,
PolyX_PolyS_48,PolyX_original,S,48.0,250,48,3.0377851844175643,0.3602189147533235,3.0,4.0,3.209564821185854,1.1657228160267556,13094.989639530311,0.0343462333143003,16.48392899831136,16.539796829223633,0.0020342552726601,0.9898764924852408,1.0052541017892151,2.7579260038203293,11843.187515942174,20648.269940938942,0.1081091225147247,0.2242224931716919,1.1685297504748708,59.35049635314942,0.3692675018764348,4978332.470135186,3712.974328667173,0.7871369033620191,21019.21010098495,-485.4618587224282,0.027449770351926,0.0112013381024114,-0.0050811392970886,1.563034642723825,0.0729149505496025,-0.0032508168135729,15.993055555555555,1.0,0.0,0.0,,,
PolyX_PolyS_49,PolyX_original,S,49.0,250,49,3.0428843292397647,0.3720927878210202,3.0,4.0,3.19684129689031,1.1712921219318255,12760.523582985175,0.0335559591102555,16.10510678194007,16.27898406982422,0.0032319742663331,0.9861289333216458,1.0077486368858355,2.4216104358248804,12629.99345219046,21533.904695665424,0.2035799736157059,0.4038482666015625,1.167049023795127,57.96638859558105,0.3215377483717289,5759928.309787998,3709.080192897576,0.7811716549677661,22108.59153342916,-498.997497234017,0.0328470755386219,0.009900672018956,0.0034047073522675,1.5925919954475027,-0.1209904104471206,0.0021378403017133,16.3265306122449,1.0,0.0,0.0,,,
PolyX_PolyS_5,PolyX_original,S,5.0,250,5,2.9763923732270148,0.3796755814297347,3.0,3.0,6.169853376009483,1.105099993529841,12296.940480351435,0.613273009265465,49.4927474975586,49.76373672485352,0.0027462104326339,0.912226428028942,1.0044789924941118,0.5004024235381879,484.7960379393024,661.7447511258453,2.951289008744061,43.07108091115951,1.1696801538892727,53.85546334955044,0.3467891795332037,678713.5883978945,3576.9648752603484,0.7661343558018189,618.2894107006244,-7.334176083295731,0.0306429839606549,0.0094082510651784,-0.0144973399046669,1.6120597062821058,-0.0547052733600139,-0.0089930539466201,1.6,1.0,0.0,0.0,,,
PolyX_PolyS_50,PolyX_original,S,50.0,250,50,3.055394190868791,0.3574830886230109,3.0,4.0,3.14995619801841,1.1733641699102408,12586.852818622818,0.0333449061882458,15.834398384094236,15.922202110290527,0.0027780783148196,0.9904350377300516,1.008405988753653,2.557483922724061,13402.655452957695,22415.16430785022,0.1223990516737103,0.646275806427002,1.1656668948598357,57.679871536254886,0.3183111074996969,5136830.306465043,3728.2287527510816,0.8285713188381602,23066.95748534402,-510.1275361339332,0.0384145092515931,0.006349557095411,-0.0021068376534989,1.5563792676785468,-0.0173494592308998,-0.0013536788218119,16.66,1.0,0.0,0.0,,,
PolyX_PolyS_6,PolyX_original,S,6.0,250,6,2.974208935395896,0.3675566960311815,3.0,3.0,5.69957686238749,1.107243883389207,12268.377368163558,0.4524470070229657,45.12809944152832,45.28498077392578,0.0016139110903968,0.950440370511636,1.0028531115873018,0.8675632284814935,567.845770632403,835.4139546932522,3.361993201752193,45.61882348060608,1.1670400443242517,54.84554499816895,0.4134846512642066,785016.6296201735,3402.4118268662896,0.754528092769519,769.0727514238947,-14.275523339571944,0.0249706174513209,0.0082618374464874,-0.0193536598398111,1.5811694008373964,0.0795564651489257,-0.0122400925722047,1.9444444444444444,1.0,0.0,0.0,,,
PolyX_PolyS_7,PolyX_original,S,7.0,250,7,3.0472178639398466,0.3644720944005004,3.0,4.0,5.540109818035289,1.1525637720151374,13333.259143293051,0.5248472672682108,43.55469676426479,44.36293411254883,0.0079739208914005,0.8177081085914605,1.0137141096354556,0.7963116401738131,1042.0726388510643,1360.896402698561,3.866711603105068,61.80827968120575,1.1700729768338325,57.601573432922365,0.3878043078215954,692722.5972546616,3981.842146904904,0.8193763728787506,824.0354795343413,-13.53760745988778,0.0299693070722943,0.0063522607707812,-0.0056890281817085,1.5734950286041185,0.0433274582028389,-0.003615536164988,2.2857142857142856,1.0,0.0,0.0,,,
PolyX_PolyS_8,PolyX_original,S,8.0,250,8,2.961059833228967,0.368638049224845,3.0,3.0,4.830346856780076,1.0945501476575858,12633.481776614271,0.1677911276305314,39.65938997268677,39.75064849853516,0.0009173494950653,0.9761459690932788,1.0013444568575434,1.2130075659799042,404.94141626814167,906.5492928211792,1.4784061044454575,17.10413682460785,1.1698674211863074,55.430194061279295,0.339875846413493,943199.9930308228,3519.195841041963,0.755649185026517,1296.2234843670803,-42.840848534701045,0.0248273797015605,0.0088470432871442,0.0148373967150047,1.5838775187073748,-0.0221837721765041,0.0093677677338188,2.625,1.0,0.0,0.0,,,
PolyX_PolyS_9,PolyX_original,S,9.0,250,9,2.993986453956908,0.3495891682058616,3.0,3.0,4.493831919963095,1.099992802817556,11636.53815864371,0.1240586054902275,35.8856086730957,35.89494705200195,0.0002224573218855,0.9908856467599868,1.0005925575310048,1.5229550675315284,246.06718881980592,891.4993752713265,0.6535550326574594,4.723072409629822,1.1739644576120545,53.678509742736814,0.3991408302305052,788377.442060028,3609.17752223446,0.8872101019058384,1534.4873448951191,-56.34903224946402,0.0288141374345527,0.0035742968583157,0.0002874644175106,1.5374897697222083,0.0386061742901802,0.0001869699708921,2.962962962962963,1.0,0.0,0.0,,,
PolyX_PolyV_10,L1_hydrophobic,V,10.0,250,10,2.9551828421963275,0.3910600281647131,3.0,3.0,4.490985118832118,1.0967081245544472,12613.794839723718,0.1162788549638101,35.444779586791995,35.50007629394531,0.0011084243932364,0.984100368146678,1.0024092713785655,1.6957425341696457,370.6065780442639,1145.9415028712842,1.3788031341508031,18.177868723869324,1.17043508966703,55.71507418060303,0.3451024043543382,958063.0411191662,3633.389436225226,0.7365848107465452,1826.3359098250903,-64.5529213346131,0.0218285330612141,0.0112391362110007,0.0106340537684527,1.6421979936480366,-0.1059507578611373,0.0064755004018622,3.3,1.0,0.0,0.0,,,
PolyX_PolyV_11,L1_hydrophobic,V,11.0,250,11,2.918979811774965,0.4097639552682112,3.0,3.0,4.290388565551208,1.089826662761466,12608.882883532153,0.0954394330448405,33.78870599920099,33.806060791015625,0.0005548696792055,0.98989091126047,1.0008162068618522,1.672625446150246,358.7894540493434,1280.765430142084,1.0786706629674885,9.223511934280396,1.170221356366951,55.4939589767456,0.3854756149308505,1137202.097482176,3457.233686457368,0.6691421261924058,2191.0262056719366,-77.525693355193,0.0250578971089704,0.0112461037064297,0.0049539558570099,1.6942374308136563,-0.0575309880077838,0.0029240033106448,3.636363636363636,1.0,0.0,0.0,,,
PolyX_PolyV_12,L1_hydrophobic,V,12.0,250,12,2.989682069783757,0.3578359751560652,3.0,3.0,4.1003610434921,1.1016445979725735,12666.999366554764,0.0800969660998827,32.42469120025635,32.460243225097656,0.0005538228285942,0.9918627317102366,1.0013089844772616,2.0228085294146005,196.43347750511467,1315.1034585672571,0.1116065902635455,-0.1498281002044677,1.1738445260889276,56.19848377990723,0.3872165071561123,1125125.7960261954,3837.8806129857226,0.8467080944064147,2554.7614307124004,-90.88262261746226,0.0227474458507314,0.0066919479187862,-0.008327325704982,1.5572345402610028,0.088439904153347,-0.0053475089905542,3.9722222222222223,1.0,0.0,0.0,,,
PolyX_PolyV_13,L1_hydrophobic,V,13.0,250,13,2.987885439358753,0.3663915398758263,3.0,3.0,3.966645562557543,1.1023364504494992,12263.249898857412,0.0724263189825423,30.65206997211163,30.74365234375,0.0021215888802234,0.9827485536320636,1.005509773517604,2.2450352741261788,243.0863665232584,1543.4818269818986,0.1027816933579743,-0.0269241094589233,1.1763513919609592,55.50618029785157,0.4420212482236928,1194481.4939747555,3766.517895165327,0.8382798359452953,2887.9808241473675,-102.38223513915533,0.0367150396563772,0.0075426203810481,-0.0053690473862069,1.5782617545921362,0.0339662171900272,-0.0034018738464927,4.307692307692308,1.0,0.0,0.0,,,
PolyX_PolyV_14,L1_hydrophobic,V,14.0,250,14,2.958651617858958,0.3886822207222549,3.0,3.0,4.0979192241871445,1.1112353069630398,11896.745243188703,0.0859408214351361,29.091716357639857,29.81023597717285,0.0069177124029819,0.9331932578088384,1.002939181542063,0.7589367727620595,799.9281097036227,2223.861013151061,2.3462501388043164,30.905018758773803,1.1726512392551312,54.74907056427002,0.3903367001661962,1497437.1970755956,3200.308526524478,0.6921002585890768,3256.970497049504,-103.07204605703252,0.0290728941695848,0.0082625365846165,0.0201117089812226,1.6358104310027954,0.0279469303786754,0.0122946452711297,4.642857142857143,1.0,0.0,0.0,,,
PolyX_PolyV_15,L1_hydrophobic,V,15.0,250,15,2.958421071323276,0.4000218264344257,3.0,3.0,4.028680550860808,1.1106828367769563,13108.975966636055,0.0671907555400165,29.503049850463867,29.787477493286133,0.0026381071167171,0.9691598569399532,1.001550941122468,1.2654130965141723,743.1701177158806,2447.346493442405,1.490345467766747,21.599709963798524,1.171099784238795,56.47892363739014,0.3545586536125901,2189821.6294184406,3825.106803855442,0.7294425788619346,4341.139301315169,-121.50988189358658,0.0320308197747952,0.0092967324936129,0.0031899296700412,1.666727297856787,-0.0862597674131393,0.0019138881771191,4.977777777777778,1.0,0.0,0.0,,,
PolyX_PolyV_16,L1_hydrophobic,V,16.0,250,16,2.9170556778874563,0.4131531622523074,3.0,3.0,3.836096786134447,1.0919119193518505,12938.570181925696,0.0487453472302562,28.38001036643982,28.44732666015625,0.0011178141417402,0.9891640382060384,1.0030675773582518,2.133381930264545,668.9345876625557,2679.472724750353,0.0964649753645062,0.1887842416763305,1.171049743798748,56.910236030578616,0.3757925699046514,3126433.125626396,3590.102785888884,0.671598187968128,5779.173685628184,-145.01498474324748,0.0200631073915928,0.0047762863506955,0.0130213963204657,1.7040221326538656,-0.1219332665205001,0.0076415652532763,5.3125,1.0,0.0,0.0,,,
PolyX_PolyV_17,L1_hydrophobic,V,17.0,250,17,2.9576804155767165,0.3809042195988458,3.0,3.0,3.7856050919967217,1.098961721859146,13203.39959123664,0.044736462527848,27.81300926208496,27.83865737915039,0.0007276037717012,0.9919732617070496,1.001813165339697,2.313153678733604,868.7239632674426,3129.042321777592,0.1687800358980894,0.4589896202087402,1.173185834159882,57.61497120666504,0.3787123900035946,3548937.224263776,3660.2131510419786,0.7277878923296165,6790.703574730837,-158.4552853831134,0.0230409283619998,0.0073393319502843,-0.0095998021929065,1.615258949676627,-0.1038437038660049,-0.0059431970299462,5.647058823529412,1.0,0.0,0.0,,,
PolyX_PolyV_18,L1_hydrophobic,V,18.0,250,18,2.994689037475528,0.3702669223511401,3.0,3.0,3.945597705931328,1.1203728786643945,12958.586679376664,0.0437002359886976,26.777148140801323,27.4272518157959,0.0060374414914125,0.948055564596918,1.0036966317516318,1.3532737176317282,1421.3163871133734,3899.877410137375,1.6298764914274215,23.92908899784088,1.1707188597805664,56.951921173095705,0.3671071507608207,5485029.4446871225,3696.840184656354,0.7704742380482409,9068.452263185369,-169.04169503502646,0.0443213943751979,0.006766038941535,0.0113189227716896,1.5879743902504695,0.0617401413619518,0.007127900072237,5.981481481481482,1.0,0.0,0.0,,,
PolyX_PolyV_19,L1_hydrophobic,V,19.0,250,19,2.911925504512389,0.385425316000464,3.0,3.0,3.73876052868169,1.0925812692832828,11901.343794221886,0.0344702195493813,24.97757991991545,25.057924270629883,0.0015402399625259,0.9806335660885506,1.0040587761506985,2.187270992063114,1549.188358365637,4310.567150854784,0.1598608635365963,0.4123764514923095,1.17280519898352,54.44339563751221,0.3541439188577728,6604941.94348331,2947.9081521522285,0.642654732630724,11168.396379600632,-191.95659204701724,0.0284448803245743,0.0092084686741394,0.001992307409935,1.6271415436317498,-0.0097845252603292,0.0012244216968155,6.315789473684211,1.0,0.0,0.0,,,
PolyX_PolyV_20,L1_hydrophobic,V,20.0,250,20,2.957020288337779,0.38713181549909,3.0,3.0,3.749173299698027,1.1022595115238714,12003.492094535184,0.0304991820794409,24.44941320419312,24.479116439819336,0.000401002603277,0.9932162189379145,1.0006594809917058,2.082007361865132,2026.0978489210013,4986.191735899397,0.2137400656938552,0.7092304348945617,1.1693012064017163,54.253752304077146,0.3667276339524981,7631550.835765305,3341.9592873957668,0.7191751620701532,14439.153311566695,-209.4033233236551,0.0428861509993916,0.0096785673721003,0.0110311639356106,1.6316722344044523,0.0083341933786869,0.0067606494137352,6.65,1.0,0.0,0.0,,,
PolyX_PolyV_21,L1_hydrophobic,V,21.0,250,21,2.957164805920249,0.3896179356896425,3.0,3.0,3.762239384280128,1.1024111233957847,13258.109537482784,0.0272707737824543,25.076098033360072,25.19414329528809,0.0019942736315803,0.9856639297870864,1.0045747292383564,2.372350287703679,2492.348844611881,5642.281357620046,0.1514566842932254,0.98147234916687,1.171414310232811,57.38160319519043,0.3748260312007496,10781072.93473242,3730.987663848785,0.7222761414517075,17423.914460084998,-226.9221998407208,0.0220136963097684,0.0059703599923316,-0.013411259716426,1.6383181264178426,-0.0435546152293682,-0.0081859923902148,6.984126984126984,1.0,0.0,0.0,,,
PolyX_PolyV_22,L1_hydrophobic,V,22.0,250,22,2.979192414276328,0.3781679067837981,3.0,3.0,3.828910757470289,1.1064816324343745,13425.722211370858,0.019952015350692,24.65385913848877,24.80704498291016,0.0032119938266599,0.9874601183547856,1.008344446610963,2.815204926619951,3320.807345398329,6431.501122739903,0.1297385301440954,0.7950955271720886,1.1713634648678488,57.7360908126831,0.3673232792318506,19336619.220840547,3990.177877527288,0.7859047791095305,31008.115009301822,-258.3520548639764,0.0252468223225208,0.0101587225618511,-0.0148848403090164,1.6081511567340652,0.0121040940284729,-0.009255871405969,7.318181818181818,1.0,0.0,0.0,,,
PolyX_PolyV_23,L1_hydrophobic,V,23.0,250,23,3.001791372779033,0.3522520517019119,3.0,3.0,3.7248181684727486,1.1134138789703765,11687.685076063872,0.0224038957530717,22.49723716404127,22.621225357055664,0.0019413025207293,0.9871339980389692,1.0043866215868968,1.914068678418364,3538.513103351881,6915.289267478953,0.1370688293129205,0.9420636415481568,1.1719762836784242,54.39044766998291,0.3851921325377158,10890004.11846674,3555.355929174735,0.8635769707662527,24832.87410035365,-262.0979063380547,0.0373839734514212,0.0083559608984419,-0.0008455295743195,1.5438103704186623,-0.0205025542527437,-0.0005476900469553,7.6521739130434785,1.0,0.0,0.0,,,
PolyX_PolyV_24,L1_hydrophobic,V,24.0,250,24,2.945007654442388,0.3928718479886182,3.0,3.0,3.736760363624994,1.1037285334789473,12645.474049595692,0.019857681007258,22.90821520487468,22.97283744812012,0.0012677177462649,0.9933795150996912,1.0035457237077243,2.5321409340339125,4241.217731166368,7656.36210309514,0.1817081965506077,1.8941704511642456,1.1762234506036902,56.30533745574951,0.4071349135906579,21667995.97874125,3395.9606645280924,0.6835599774577631,32804.27598360617,-282.1798331016167,0.0294840998275082,0.0150277728209636,0.002726782993546,1.6470987166170037,-0.0895710214972496,0.0016555067197071,7.986111111111111,1.0,0.0,0.0,,,
PolyX_PolyV_25,L1_hydrophobic,V,25.0,250,25,3.003850883640823,0.3544325811432343,3.0,3.0,3.8214574650254014,1.1137877815442276,13767.25054405666,0.0156082054314699,23.41978958129883,23.514209747314453,0.0011441632474471,0.9900042934842344,1.0021185812963709,2.1540250873789484,4977.510262925315,8373.636762248098,0.2887048283591866,1.852222216129303,1.1704594566591795,58.92197783660889,0.3375986889251962,31592726.20566147,4249.5095064876905,0.8708792673827939,49380.661163891134,-311.9968835978487,0.0278580183073989,0.0123746295462048,0.0105973670765166,1.5490248900275951,0.0067343413829803,0.0068413149098228,8.32,1.0,0.0,0.0,,,
PolyX_PolyV_26,L1_hydrophobic,V,26.0,250,26,2.962082897215026,0.3846525550688343,3.0,3.0,3.770498364529443,1.109499127095353,12272.76522879244,0.0146323029551647,21.68255776625413,21.858991622924805,0.0041258391621374,0.9876700242313422,1.0105990388788435,2.6313375280273354,5319.34792833152,8917.755782488737,0.2785477688536047,1.306188464164734,1.1708241922178944,55.10289665222168,0.3485447759205323,30301990.672689453,3364.282063663657,0.712658307511702,57256.74094252174,-329.512839999585,0.0278774599090297,0.0099349559792949,0.0154580488001936,1.6250981591576488,-0.1230662837624549,0.0095120708322351,8.653846153846153,1.0,0.0,0.0,,,
PolyX_PolyV_27,L1_hydrophobic,V,27.0,250,27,2.9715246274756306,0.3870598511349464,3.0,3.0,3.7546926765696895,1.111554526035079,13229.673071785826,0.0135628518043975,22.09131276165997,22.19724464416504,0.0019440206123676,0.9843820250521348,1.004868802264158,2.6089822423626865,5837.60330418295,9532.517688704203,0.218516806140542,1.0936779022216796,1.1750553079303374,57.756377143859865,0.3914128974130037,34987497.242491126,3807.222655559334,0.7435001128065086,66033.38503084198,-348.3340707870465,0.0299060614919872,0.006512316455955,0.0108042425328501,1.6314806622663618,-0.0326694473624229,0.0066223540260533,8.987654320987655,1.0,0.0,0.0,,,
PolyX_PolyV_28,L1_hydrophobic,V,28.0,250,28,3.003213083830161,0.3609463556849499,3.0,3.0,3.76003863188154,1.1190197776809507,12725.594341115117,0.0126189561011207,21.27597039086478,21.3292293548584,0.0012014524707248,0.9831949214775578,1.003026900745219,2.549699753983416,6065.541357166188,9925.780168241989,0.1792483879253268,1.4226984143257142,1.1737878405559403,56.45585523986816,0.3483103030560442,34997022.49880538,3827.830023751375,0.8333585745282188,72630.1955423604,-367.2946247592936,0.044231245038924,0.0077528276104578,-0.0048127624729642,1.5648138601444317,0.1133907064795494,-0.0030756133973739,9.321428571428571,1.0,0.0,0.0,,,
PolyX_PolyV_29,L1_hydrophobic,V,29.0,250,29,2.984742843450768,0.3777691394077264,3.0,3.0,3.817541083655385,1.1192917900361,11451.376170230413,0.0091880234178986,19.83141853069437,20.01700592041016,0.0051373831774502,0.9853805868251432,1.0149763266635157,2.452708142695027,5968.664179372412,10046.675325244072,0.2125048670917749,1.781119525432587,1.1703575758322284,53.63279211425781,0.3290153158253994,58536785.3167396,3252.9144926731256,0.7519491788699951,114230.1159873632,-408.0173253270797,0.0551921546598469,0.0088840205631806,0.0044738404361507,1.6071205453360913,0.0532396920025348,0.0027837615845653,9.655172413793103,1.0,0.0,0.0,,,
PolyX_PolyV_30,L1_hydrophobic,V,30.0,250,30,3.0010659087923,0.3661560884309523,3.0,3.0,3.7757174793407535,1.1210511259553988,13123.296836590373,0.0099655464860343,20.873137855529784,21.02917861938477,0.003575755361831,0.9813028190762556,1.0088348024518918,2.563305762651113,6898.285905527863,10966.239625613282,0.2099368286551907,1.5401901960372926,1.1726196864850886,57.80965885925293,0.3641697751446962,45101347.94880482,3897.694884229668,0.8111452453269381,106955.7007178411,-414.7759230672705,0.0354416723837758,0.0051917633509233,0.0161167430104867,1.5776754840549811,-0.0334236249327659,0.0102154994308724,9.988888888888887,1.0,0.0,0.0,,,
PolyX_PolyV_31,L1_hydrophobic,V,31.0,250,31,2.995744518868757,0.368100173536491,3.0,3.0,3.810311811780558,1.1228087239858202,12390.387700846057,0.0084834655357163,19.952012154363818,20.173688888549805,0.0045872259444465,0.9869246588227084,1.0122335789815884,2.623124347377669,6848.694412294708,11267.64254205758,0.3233758321497589,1.3610133528709412,1.171340645722455,55.78843663024902,0.3667754188692544,52863297.401388526,3554.165016274937,0.7792676897253614,130595.99459292632,-443.5761573556056,0.029344284417785,0.012787695149528,-0.0108355887199574,1.5825293157565825,0.0002349793940084,-0.0068470066313384,10.32258064516129,1.0,0.0,0.0,,,
PolyX_PolyV_32,L1_hydrophobic,V,32.0,250,32,2.962448046307058,0.3957459267555058,3.0,3.0,3.7716933043079353,1.1195377805840048,12360.15687866198,0.0090507056547211,19.613993763923645,19.74393653869629,0.0017133031154941,0.9907777344013844,1.0037195233597476,2.136104634463766,7695.063820077274,12140.95320137323,1.290989036858082,15.342268908023836,1.1701739053065985,56.43734466552734,0.3851709364595437,52234607.27009616,3388.4502432913614,0.6927247047496671,131923.31458900814,-451.67159174514137,0.026981044493409,0.0076438710864142,0.0047241081961752,1.6549329897448262,0.0236647874116897,0.002854561619814,10.65625,1.0,0.0,0.0,,,
PolyX_PolyV_33,L1_hydrophobic,V,33.0,250,33,2.990138110807256,0.3833450664969345,3.0,3.0,3.75103966948329,1.1244430431384491,12945.350201582842,0.0082557955345707,19.76644122961796,19.86872100830078,0.0022661665014209,0.9901350135608448,1.0058972061572258,2.550896223327828,7969.472419186409,12618.04279420825,0.1598323633399559,0.9625901460647583,1.171662740458299,57.09930573272705,0.3717011648399247,61168315.1644952,3798.964174057237,0.7655287682728693,151423.54031251834,-474.8871286438696,0.0342017436565009,0.0110642853556203,-0.0038070207545024,1.621652476400773,0.1046051532030105,-0.0023476181300677,10.98989898989899,1.0,0.0,0.0,,,
PolyX_PolyV_34,L1_hydrophobic,V,34.0,250,34,3.023340255367473,0.3652109899965198,3.0,3.0,3.912565203394801,1.1439141020379675,13308.98743718525,0.0074432345097271,19.7445728077608,20.64592170715332,0.0083050265241153,0.9601814085635744,1.0069088013768337,1.3210570261143588,8758.799962589084,13402.05402392985,1.3937458250671626,17.50400393009186,1.1689536767733963,58.30577111053467,0.2983860513051412,78785889.93024825,3873.8393250519534,0.7969897765993865,190110.48760267536,-499.84585841600295,0.0208780702765619,0.0077603413433358,0.0255743424770093,1.5753265797631208,-0.0332481637597084,0.0162343115414402,11.323529411764708,1.0,0.0,0.0,,,
PolyX_PolyV_35,L1_hydrophobic,V,35.0,250,35,2.9519035817587365,0.3991452198430745,3.0,3.0,3.7895153932648986,1.1232492867942174,12180.658792594748,0.0063376867711028,18.617805317470005,18.774959564208984,0.0034308982111612,0.9847716050119304,1.008895160028117,2.614966303547912,8898.742238465222,13823.461493119825,0.3127991681918501,1.7578954696655271,1.176557937784072,56.08905921173096,0.4024442356191288,71695722.35261197,3166.4268804527146,0.651280017420081,202593.47852218145,-531.4303309105944,0.0374806520726419,0.0112873281944645,-0.0152665541743816,1.6642956551645134,0.0131288412958383,-0.0091729820516507,11.657142857142857,1.0,0.0,0.0,,,
PolyX_PolyV_36,L1_hydrophobic,V,36.0,250,36,2.98063950944579,0.3902529916718904,3.0,3.0,3.8209721471314,1.1301456034210848,12342.297841291578,0.005597311463313,18.47880559497409,18.63453483581543,0.0034147049777123,0.989008738379602,1.0082171779774844,2.5222448430889086,9427.029178255549,14473.244409078608,0.4303582452237606,3.0987528562545776,1.1704959639322967,55.77805959320068,0.334950209984693,75737552.04565144,3400.5510092841296,0.7060037864063412,240935.2726722937,-560.0306162833858,0.0373764537356738,0.008378719479052,0.0128367467398999,1.6400244467651284,-0.1003050059080123,0.0078271679208423,11.99074074074074,1.0,0.0,0.0,,,
PolyX_PolyV_37,L1_hydrophobic,V,37.0,250,37,3.0173751274217886,0.3699692577499713,3.0,3.0,3.854532171801696,1.137584292333312,12671.367990414636,0.0047851791248855,18.468804900710648,18.58973503112793,0.0028513743605448,0.9852078163864,1.0072235229805155,2.690729146431845,9514.932727274308,14859.387093058676,0.2343503162264824,1.6344454050064088,1.1687187396737726,57.00551586914062,0.3044620589745191,93287892.4149132,3766.1159978747673,0.803349542270949,285836.0979124927,-592.9877034464605,0.0251458540140859,0.0126269539895795,-0.0125958576470373,1.5872241351726746,0.0586294643580913,-0.0079357775421386,12.324324324324325,1.0,0.0,0.0,,,
PolyX_PolyV_38,L1_hydrophobic,V,38.0,250,38,3.018855741923752,0.3630556793703631,3.0,3.0,3.825615228040444,1.1412229658160722,12014.780268584487,0.0052107217426483,17.745710975245427,17.877233505249023,0.0033075612094814,0.9811574869399649,1.0086531771879368,2.6046292197067227,10555.221581396534,15904.472584741234,0.1515086721628904,1.7905044436454771,1.1759566124200456,56.39719688415527,0.4039516437789842,89478813.94390489,3441.353445046873,0.7889331621637301,270371.3493234138,-599.3021798521801,0.0332125666100159,0.0165986765270613,-0.0141689739234118,1.5699959440904865,0.0594781748950481,-0.0090248474690917,12.657894736842104,1.0,0.0,0.0,,,
PolyX_PolyV_39,L1_hydrophobic,V,39.0,250,39,2.9363515783280256,0.4177051326682024,3.0,3.0,3.836947885665256,1.1296971708200636,12145.714474735078,0.0043983281171162,17.611864481216823,17.74647331237793,0.004048291969728,0.9863656583574834,1.0110831551264423,2.6553158720324936,10674.941628392884,16297.618057807347,0.2734088653698563,2.225575304031372,1.1747341917981688,56.10195304870606,0.3571269847363636,107155743.99129876,3152.869803392255,0.6214599673660491,327017.97456509323,-634.9040689846468,0.0355644386933626,0.0053652097282376,-0.0104273374532428,1.7173429753592346,-0.0726268514990806,-0.0060717850786063,12.991452991452991,1.0,0.0,0.0,,,
PolyX_PolyV_4,L1_hydrophobic,V,4.0,250,4,2.9893932553302105,0.3733796878113084,3.0,3.0,6.694224509844322,1.108203647440024,12066.505175820332,1.398678412859495,54.813841819763184,54.850677490234375,0.0009146825297205,0.9531515502626392,1.0016183658832714,0.5623351446188083,488.42479107452704,606.0898694621602,3.1334899431094527,45.92793958187103,1.1704458742934352,54.94379441518284,0.356904336163858,576346.6471779635,3702.1903286287006,0.8217250948447591,409.8302669626664,4.026333640678557,0.0278158359337058,0.0114392951180349,-0.0051517680732916,1.5958627266759815,-0.1079849153757095,-0.0032282025182074,1.25,1.0,0.0,0.0,,,
PolyX_PolyV_40,L1_hydrophobic,V,40.0,250,40,2.98500755053498,0.3999665868396823,3.0,3.0,3.8576567776735935,1.140507319519268,12147.324988138353,0.0040872699314748,17.39139018058777,17.632957458496094,0.0051235509766997,0.9852558783648996,1.013263686469369,2.588786543691119,11668.386058293898,17239.324842301765,0.1475688493810594,1.809447038173676,1.166995576281188,55.69450720214844,0.2988252592056471,125313021.58024123,3444.3838540653155,0.7089362474536157,371525.27744511387,-659.9853264729135,0.027329331336132,0.0093841209012616,0.004992865123028,1.6665738575008633,-0.0499229244887828,0.0029958859010398,13.325,1.0,0.0,0.0,,,
PolyX_PolyV_41,L1_hydrophobic,V,41.0,250,41,3.028852031724645,0.3698871516972616,3.0,3.0,3.822988198433181,1.1467355820021234,13079.235010185206,0.0041693541770359,17.82481598272556,18.007043838500977,0.0042137183270523,0.9843812964211626,1.0097585308197372,2.49567696750741,12569.840641275938,18134.452260622696,0.208296936750412,2.2356852173805235,1.1681872407805198,58.68478341674805,0.333857794666029,108832256.80339484,3951.342363305132,0.8167573874650019,375397.6306620805,-674.039240301445,0.0266182573184987,0.0075605412517481,0.0060488354409477,1.5870173139519117,0.0552361123263835,0.00381144892837,13.658536585365852,1.0,0.0,0.0,,,
PolyX_PolyV_42,L1_hydrophobic,V,42.0,250,42,3.0314759229720423,0.3692756344404341,3.0,3.0,3.894914530999898,1.1519307759483672,12412.928543871258,0.0034820347770634,17.156925746372767,17.277151107788086,0.0035118398970687,0.9899758067205108,1.0092816001233145,2.809531829802479,12860.685900899498,18715.555394092768,0.2812771505210548,1.5016151070594788,1.1673363303405404,57.06120817565918,0.3548654137902123,126207733.39689133,3589.5968624331786,0.7831063915773465,443252.297286656,-713.1774003735452,0.0229911640348604,0.0104826931059666,0.0017271641524943,1.5854786252197826,0.0082510653883218,0.0010893645142305,13.992063492063492,1.0,0.0,0.0,,,
PolyX_PolyV_43,L1_hydrophobic,V,43.0,250,43,3.029827687836214,0.3761962671088511,3.0,4.0,3.778619319630735,1.1552463521110634,12015.957832162998,0.0041297369298265,16.682165190230968,17.0943603515625,0.0101171216042283,0.9820665265555518,1.0261224880498103,2.627361299110337,13891.2350918301,19644.06063339029,0.399062921013683,3.089696764945984,1.1746259126967005,57.27853999328613,0.3846927464822246,123235624.57436596,3478.412840942595,0.7694993338784807,418784.94866590295,-708.1508208384288,0.020463712436013,0.0088757031989779,-0.0023646920870733,1.6030683166407018,0.0691212192177772,-0.0014751037509624,14.325581395348838,1.0,0.0,0.0,,,
PolyX_PolyV_44,L1_hydrophobic,V,44.0,250,44,3.0159903623055664,0.3883218249404356,3.0,4.0,3.796980941584807,1.1541063673440746,12679.33367556801,0.0036132119929131,16.941215775229715,17.198793411254883,0.0056665855471648,0.9846568838874592,1.014221390716476,2.6255488304045715,14648.373971331735,20454.06933022895,0.1978736619930714,2.320246934890747,1.166535848244654,58.43929379272461,0.3254552268487505,149150241.9150821,3642.671336818279,0.7398296923696606,507726.207965938,-742.2568254910356,0.0246249026715822,0.010841927961549,-0.0168038712767253,1.6348466248654718,-0.0825874060392379,-0.0102785613158544,14.659090909090908,1.0,0.0,0.0,,,
PolyX_PolyV_45,L1_hydrophobic,V,45.0,250,45,3.022772640137549,0.3819374766335828,3.0,4.0,3.786917537714216,1.1577498604491083,12551.818765349844,0.0032867430881571,16.667114724053278,17.032896041870117,0.0086688035259954,0.9845851693645868,1.02258218531443,2.609973387934295,14945.150029166083,21018.94950296027,0.1694876544177532,2.4764148950576783,1.1659220999635298,57.828380172729496,0.3525941773123649,202596757.5850269,3484.844597877061,0.726916424405308,582027.8427389006,-771.9107916853035,0.0345708892710392,0.0115180633974274,-0.00268888325787,1.6179592876029338,-0.0098067177459597,-0.0016618979712941,14.992592592592592,1.0,0.0,0.0,,,
PolyX_PolyV_46,L1_hydrophobic,V,46.0,250,46,3.0355130896512708,0.382394942758174,3.0,4.0,3.810392070226565,1.1645407746629388,12213.762841445085,0.003201988764195,16.26177223868992,16.504741668701172,0.0059226440141956,0.983286804988052,1.015149753236775,2.686840576507808,15760.493118538228,21898.94985945252,0.2207175559131428,2.484360730648041,1.1661034289874164,57.95573490905762,0.3124341555773916,176676879.38502413,3513.958444525344,0.7523761122728565,581465.1979184774,-792.6696197822281,0.0285125319225384,0.0072128285414447,0.0076792093090994,1.6191577259194068,-0.064625933766365,0.0047427185046254,15.326086956521738,1.0,0.0,0.0,,,
PolyX_PolyV_47,L1_hydrophobic,V,47.0,250,47,2.971315105345352,0.4160585856594548,3.0,4.0,3.852257279304353,1.153840852868529,12640.616447749586,0.0026950915485149,16.366506170719227,16.61625099182129,0.0063995884466518,0.9851057641104218,1.0164061129935142,2.6812598718705822,16322.577063816174,22576.104326306617,0.356972919893451,2.0867215633392333,1.17527209138472,58.7324909362793,0.3615783478677024,231117060.8736354,3433.3947721350773,0.6528313463355244,696399.6038799316,-834.2014882232847,0.0374621785536454,0.0101855729260693,0.0069346789266997,1.7125005616005449,-0.0820786356925964,0.0040494462202181,15.659574468085106,1.0,0.0,0.0,,,
PolyX_PolyV_48,L1_hydrophobic,V,48.0,250,48,3.055483428639778,0.3709844222877286,3.0,4.0,3.952817379896121,1.170830193847236,12598.61418999431,0.0022467451360504,16.1683171192805,16.395429611206055,0.0050863054871648,0.9859021973165848,1.012766110690842,2.5203022824537085,16403.0333478682,23050.629683744,0.3200916046276688,2.460901689529419,1.1631592384991354,59.08759126281738,0.364672626762325,259269823.2755675,3674.7262957111184,0.7862244521747728,823410.0258143665,-878.1511888139534,0.0214963375503002,0.0079797227407418,-0.0092698866484765,1.5897857468601946,0.1052527874708175,-0.0058309031051519,15.993055555555555,1.0,0.0,0.0,,,
PolyX_PolyV_49,L1_hydrophobic,V,49.0,250,49,3.0441035706840576,0.3823853592959568,3.0,5.0,3.971586392100369,1.1741366459274731,12318.328301239331,0.0018048356651782,15.823108030825246,16.184581756591797,0.0085090896251937,0.9766019045383784,1.0222491520218562,2.570269023999908,16206.416505901405,23355.34945810409,0.1835339068900793,3.043647146224976,1.164056852827972,57.89287197875976,0.2989646048937543,290971103.9962606,3394.961479140657,0.7207453028105548,1005102.9224521696,-928.6409026204074,0.0283955729333611,0.008966450062663,-0.005036230255468,1.6191326016171843,-0.028807234019041,-0.0031104495395416,16.3265306122449,1.0,0.0,0.0,,,
PolyX_PolyV_5,L1_hydrophobic,V,5.0,250,5,2.9662613167209875,0.3657828591908898,3.0,3.0,6.150274521291052,1.0967668357902638,12097.91109208326,0.4252681801586389,49.09076919555664,49.121124267578125,0.000322961477261,0.9844268112703772,1.0006141555867454,0.9502705392332343,252.1165743199537,451.1841219751802,1.6004733137320728,22.67834734916687,1.16914202081584,55.06698450780955,0.3499280335191711,726998.6526558405,3391.6792536652206,0.7664450717710716,740.534599560868,-12.825529379747255,0.0360081449122805,0.0084313365438062,0.0003107953009094,1.5767470408072508,0.0090826526284217,0.0001971117071072,1.6,1.0,0.0,0.0,,,
PolyX_PolyV_50,L1_hydrophobic,V,50.0,250,50,3.0363049304930296,0.39008448265458,3.0,4.0,3.77984201112871,1.1735127756237005,12613.165837140969,0.0025503381892694,15.850555667877195,16.18693733215332,0.0075048271638845,0.9837393646568646,1.0180331003746148,2.5360096671550725,18566.249712764045,25045.49099929327,0.3276375200919574,3.0617305040359497,1.1637458433711292,59.309491943359376,0.3540118016403249,282085063.8819197,3545.679433096014,0.720637217667409,877013.5710828835,-895.7293081002811,0.0268212042275126,0.0070606214756261,-0.0077566339118333,1.6395713366211326,-0.0565948188304901,-0.0047308913849063,16.66,1.0,0.0,0.0,,,
PolyX_PolyV_6,L1_hydrophobic,V,6.0,250,6,2.966388954577293,0.3617176420039442,3.0,3.0,5.5600885679908005,1.0937975270244382,13477.877607074204,0.2145819448998893,47.30039850870768,47.31795120239258,0.0001878888887457,0.991566480162921,1.0003758832348577,1.0114042647073516,28.18818789947103,341.8294639121588,0.1166557902935892,-0.2836111068725586,1.1698773918047256,57.86791459655762,0.3292324350880376,828696.2562131827,3811.148585161465,0.7817442250040221,1021.8732579589868,-27.70314444693873,0.0396203715570701,0.010285229103541,-0.0008382956803788,1.5667047466885795,-0.0332304239273071,-0.0005350693435359,1.9444444444444444,1.0,0.0,0.0,,,
PolyX_PolyV_7,L1_hydrophobic,V,7.0,250,7,2.9457005135621657,0.3896902174960895,3.0,3.0,5.202885831977364,1.0926163693162103,11937.220398700105,0.2136039766091543,41.2128061567034,41.24072265625,0.0005674452944692,0.9762229133680864,1.0013004007894035,1.5498260458782016,462.01141132615976,833.4326116890256,1.2220929473638535,14.412770342826844,1.1696928836598266,54.265747779846194,0.3591555999025938,809746.4677995229,3298.0823932837507,0.7089878373863638,1099.1755868246291,-32.416262544718144,0.0256777933502122,0.0086984700248121,0.0083322027041325,1.638512160000635,0.0700571313500404,0.0050852248198272,2.2857142857142856,1.0,0.0,0.0,,,
PolyX_PolyV_8,L1_hydrophobic,V,8.0,250,8,2.9890231390337814,0.3675828736945853,3.0,3.0,4.983325579897033,1.1033673805339477,11809.64347129207,0.1645530761218492,38.3444938659668,38.36613464355469,0.0005026333620698,0.9846956954765368,1.0011456767969236,1.6674619334292946,292.04579663297613,785.768065181609,1.5522069619502872,22.436252856254576,1.170587245336965,53.77349021911621,0.3352958669146426,810055.9017975123,3646.237752530512,0.8399490206677449,1421.907849073405,-43.30853048869345,0.0266091162753585,0.0094889430138332,0.0011095982676574,1.581234850235646,-0.0049935295246541,0.000701728947741,2.625,1.0,0.0,0.0,,,
PolyX_PolyV_9,L1_hydrophobic,V,9.0,250,9,2.94888479515739,0.3918105148340731,3.0,3.0,4.634149854872055,1.0925766077798151,13107.061746565392,0.1104644424680798,38.08559714423286,38.15205383300781,0.0012111661093461,0.9837521443257284,1.0028526270558236,1.8891591637540543,77.72810436167894,744.3848358556215,0.1030472288839519,-0.3654776334762573,1.1717904600914817,57.67738543701172,0.352848795236847,1025480.3973364108,3716.90429361912,0.723768947869454,1761.4734038949732,-59.48266295445432,0.0228129204100517,0.0092295947021567,0.0180772280393706,1.6442244142500737,0.0237253196537494,0.0109943800138232,2.962962962962963,1.0,0.0,0.0,,,
PolyX_linker_PolyEAAAK_10,linker,PolyEAAAK,10.0,250,10,2.9808061915897786,0.3693615291403035,3.0,3.0,4.515487478836135,1.099538368719516,12886.432533288982,0.1034748320844454,35.82580833435058,35.85050201416016,0.0003173484074834,0.9897671171730528,1.0006492764790276,1.834371970281624,323.65914597274843,1097.894078041283,0.992605952708982,9.864297485351562,1.169320469515505,56.120755279541015,0.3597852342525465,1171485.770104428,3852.0664919603,0.8092997592048061,2114.563263084556,-68.05280571186906,0.0397683365554204,0.0144110875311095,-0.0084343406902368,1.585694571783393,-0.0427862331271171,-0.0053190197152652,3.3,1.0,0.0,0.0,,,
PolyX_linker_PolyEAAAK_11,linker,PolyEAAAK,11.0,250,11,2.981201205407777,0.3660788848245386,3.0,3.0,4.339701086348756,1.100373482349878,13125.035154301002,0.0896447492671978,34.47333977439187,34.53450393676758,0.0009710150016248,0.9881375546098436,1.002499501196519,2.145841752594728,345.39395918804746,1284.615260893068,0.8886656118556857,7.997827386856079,1.1698509920442324,56.64416201782227,0.3429190338162369,1173706.80467107,3877.824092238528,0.8070732431494533,2396.8557980420005,-79.59272120669782,0.0162273489792391,0.0042062674252923,-0.007898055563562,1.5774833430547783,-0.0860726088285446,-0.0050067441902536,3.636363636363636,1.0,0.0,0.0,,,
PolyX_linker_PolyEAAAK_12,linker,PolyEAAAK,12.0,250,12,2.9687220899917413,0.3769156334086554,3.0,3.0,4.207938888025633,1.0988059615864298,14037.372402430296,0.0788714036736684,34.133582750956215,34.175537109375,0.0005856532091958,0.9882330523911048,1.0014100989290458,1.7481554572476763,338.6476409852652,1458.3556194656696,0.5136115050001535,3.9449593305587767,1.172350136840423,59.114899505615234,0.3937722220184046,1467920.986278362,4036.805299324861,0.7629706477532274,2725.261814020503,-91.43771568684356,0.0273464428319123,0.0075133450318284,0.0107275863910594,1.6049190986296384,0.0351840779185295,0.0066841913711107,3.9722222222222223,1.0,0.0,0.0,,,
PolyX_linker_PolyEAAAK_13,linker,PolyEAAAK,13.0,250,13,2.9939682501352114,0.3542463400233147,3.0,3.0,4.063347918134347,1.105027175664448,12419.576671343266,0.0681949351461025,30.846858978271484,30.92076301574707,0.0014192273578239,0.9870100938823144,1.003555780893887,2.311423444691953,305.4729990295604,1613.9153639994502,0.1176548946648836,-0.109991455078125,1.1716705975519688,55.81850539398194,0.3620183729257878,1334575.5684003965,3774.900558346888,0.8580119780059652,3178.358512168647,-104.7300139650345,0.0324139730164791,0.0093696971001825,0.001983966911032,1.548578137421791,-0.0659840777516365,0.0012811538939888,4.307692307692308,1.0,0.0,0.0,,,
PolyX_linker_PolyEAAAK_14,linker,PolyEAAAK,14.0,250,14,2.932400676342276,0.4058413944995243,3.0,3.0,3.971025545884701,1.0963745711384023,12592.584514869466,0.0646475563664374,29.931105613708496,30.006940841674805,0.0012232093236544,0.9886967237311356,1.0030962734715634,2.205598359026383,436.7597095652689,1918.011001233048,0.2372452422976493,0.8094287633895874,1.1723138413997347,55.16808309173584,0.3960474219667741,1560435.121983654,3522.192363417804,0.689194582967547,3438.9688447573626,-115.02980849557724,0.0192520600217687,0.0159869413745003,-0.0056893858536597,1.6830522872889693,-0.042747389525175,-0.0033803975647637,4.642857142857143,1.0,0.0,0.0,,,
PolyX_linker_PolyEAAAK_15,linker,PolyEAAAK,15.0,250,15,2.987297227165958,0.3741055031780643,3.0,3.0,4.031428776241496,1.1108040937369783,13896.524849657426,0.0697902896876211,30.37644055684408,30.46654319763184,0.0011062990716296,0.9867609256745066,1.0024253914597432,2.08376603748566,883.4923027053279,2454.427547455675,1.3933905981481076,16.69669020175934,1.1727237810114726,59.276014724731446,0.361533318106308,1753541.506694089,4167.029082640785,0.8015418937773159,3848.1599307318784,-119.8017173953762,0.0227489770660037,0.015342134659297,-0.0033732516533685,1.5977133607622942,0.1200571209192276,-0.0021112996461067,4.977777777777778,1.0,0.0,0.0,,,
PolyX_linker_PolyEAAAK_16,linker,PolyEAAAK,16.0,250,16,2.99733755710476,0.3737317668895331,3.0,3.0,4.04670537421334,1.1238154380322172,13413.071640948194,0.0901789059756741,28.89542639255524,29.392927169799805,0.0046520703710131,0.9526759547177528,1.0046499844649668,1.3862943611198908,1700.6257883233252,3320.37209953853,2.252100346237421,24.35000705718994,1.169907802056801,58.180111709594726,0.3820543958916867,1473815.8652629205,3953.744566526557,0.788715452837085,3621.567947063506,-115.48606704384916,0.0237747548467605,0.0079330656054843,0.0088444785878607,1.5967598979646964,-0.0289315227419137,0.0055390159776559,5.3125,1.0,0.0,0.0,,,
PolyX_linker_PolyEAAAK_17,linker,PolyEAAAK,17.0,250,17,2.9958135282950464,0.359175277617268,3.0,3.0,3.729918388057829,1.1113373925910932,12512.34399025555,0.0530152660061218,27.075366637286017,27.132953643798828,0.000968344786326,0.9886456595083836,1.0025794810369513,2.2316069516089283,550.009091183403,2644.267156080836,0.1436362937092781,-0.1598177671432495,1.1715167665415291,55.65987763214111,0.3966099711642959,1743657.2863540405,3750.018104890108,0.834426816494802,4617.154132913458,-149.79594336033225,0.0354953796307631,0.0138793026696092,0.0028819858175965,1.560489108912298,-0.0034180760849267,0.0018468477613539,5.647058823529412,1.0,0.0,0.0,,,
PolyX_linker_PolyEAAAK_18,linker,PolyEAAAK,18.0,250,18,2.9419860918700254,0.3900893550490915,3.0,3.0,3.7295012368284177,1.1036580451496727,12779.723711646491,0.0532290920057142,26.592149946424698,26.71884155273437,0.0017913608007388,0.9856585178123942,1.0040040797682974,2.1390858946956928,779.4593895655798,3058.741638319066,0.1652680425904691,0.2381486177444458,1.1762059748934677,55.560845397949215,0.3683611094036834,2078114.1662573568,3369.4226378461804,0.6758805135184552,4892.126676319029,-158.39010976463078,0.0337531856353683,0.0099644623616077,-0.0291934588151721,1.6395844346682775,-0.0374291464686393,-0.0178054012932234,5.981481481481482,1.0,0.0,0.0,,,
PolyX_linker_PolyEAAAK_19,linker,PolyEAAAK,19.0,250,19,2.989689586306853,0.3765433160943717,3.0,3.0,3.70763979459792,1.1149443737423872,11756.30640340967,0.0513341225458196,24.824885318153783,24.944639205932617,0.0022173235838237,0.9858096115659944,1.005533690766517,2.433698951385456,907.626262347561,3393.662383530604,0.3311066175112501,1.7235189437866212,1.1688408908518353,54.93198134613037,0.3333181677392974,1605035.2720662612,3576.25982607872,0.8078732433171524,5224.881052756422,-169.25577616935246,0.0315424018774155,0.0093970720821289,-0.0098601685292481,1.6039606693050843,0.0613980367779731,-0.0061473879736124,6.315789473684211,1.0,0.0,0.0,,,
PolyX_linker_PolyEAAAK_20,linker,PolyEAAAK,20.0,250,20,2.9491462982199423,0.4005559556615763,3.0,3.0,3.681602086188159,1.1083963646948205,13049.258419410537,0.048796438155112,25.49212427139282,25.61400985717773,0.0026784060739015,0.97811045202056,1.006718296432121,2.5536815580297967,926.7068359366172,3682.008111999241,0.1251534175127744,-0.1780641794204712,1.170764026853544,57.22642339324951,0.3651543866841939,2070540.8601367152,3644.691833330041,0.6972873533719813,5530.300816186436,-181.2058768918412,0.0302066546594912,0.0113602025757879,0.0019285388049553,1.6682124202329007,-0.0211773868650198,0.0011560511008367,6.65,1.0,0.0,0.0,,,
PolyX_linker_PolyEAAAK_21,linker,PolyEAAAK,21.0,250,21,2.9603378933814275,0.37984195293023,3.0,3.0,3.7080866729481583,1.1122726856352516,13597.25236468014,0.0491965444914986,25.394805363246373,25.50326538085937,0.0018115293864471,0.9862883406499304,1.0043317997451644,2.3312528487819457,1359.3692174309565,4274.083875764196,0.1265147861093282,-0.1560862064361572,1.1721040643892209,58.526341789245606,0.352084587887486,2130197.9285702943,3633.336378568871,0.70347961774033,5917.629492822864,-189.7517085958758,0.037377020861983,0.01312172942302,0.0125969125221463,1.6124921779616874,0.0384865775704383,0.0078120766683585,6.984126984126984,1.0,0.0,0.0,,,
PolyX_linker_PolyEAAAK_22,linker,PolyEAAAK,22.0,250,22,3.019532510746453,0.3677632764603928,3.0,3.0,3.8709148334958656,1.143869999454349,13397.732260571593,0.0568244926532578,24.62782417644154,24.94729995727539,0.0060418748951094,0.9589355287199938,1.016876765618372,2.350327259728872,1635.9867883092045,4715.639308326902,2.44925315733999,31.95700488090516,1.1703570307833526,58.437160217285154,0.349569718620417,1825871.200495424,3839.696371462007,0.7792866363768823,6029.977110503409,-189.27399667295228,0.0292990311792988,0.0073668214535002,0.0108101420852976,1.581686040635939,-0.0364929735660553,0.006834568812574,7.318181818181818,1.0,0.0,0.0,,,
PolyX_linker_PolyEAAAK_23,linker,PolyEAAAK,23.0,250,23,2.9713993537651096,0.3949324382420492,3.0,3.0,3.663473309151401,1.1195221261258257,12031.101607998671,0.0446696542189462,22.825379744819973,22.88789939880371,0.0014248148833303,0.9906489721221258,1.003757667088758,2.5100076178872603,1347.1651772179534,4811.094670742247,0.0817729013389907,-0.1998828172683716,1.1726800114128353,54.96896136474609,0.3862191577807956,2202537.079419175,3559.961672214496,0.7492333855382887,6720.84841520113,-214.4838003543019,0.0357268597028931,0.0126761924814319,-0.0024060393809009,1.6527080002349168,0.0565259642899036,-0.0014558163816072,7.6521739130434785,1.0,0.0,0.0,,,
PolyX_linker_PolyEAAAK_24,linker,PolyEAAAK,24.0,250,24,2.989688788065903,0.3824305031568868,3.0,3.0,3.690251025352566,1.1219660241272418,13540.863836719867,0.0437206660957754,23.7052857875824,23.857406616210938,0.0030640264309531,0.982780551275662,1.0076100367677483,2.4166164039406857,1524.5730432661112,5236.895682530592,0.1143387004733085,-0.2594318151473999,1.175519815692587,58.43560456085205,0.4182420298119126,2478174.479342257,4098.816592093298,0.7915158021616326,7241.473733134374,-225.35527465730385,0.0307171466297674,0.0096418375238901,0.0047314304198526,1.6192509589799886,0.0356831103563308,0.0029219871035561,7.986111111111111,1.0,0.0,0.0,,,
PolyX_linker_PolyEAAAK_25,linker,PolyEAAAK,25.0,250,25,3.0208067256738302,0.3650534666612772,3.0,3.0,3.784248570878172,1.1401365985204754,13352.937030054643,0.0538357850864355,23.06462364196777,23.32124900817871,0.002789494089128,0.977271729963246,1.0046586920252796,2.039712555913647,2469.94535532321,6167.341442986199,1.381805409491062,14.646394515037535,1.1701910088982834,59.64819332122803,0.3981170995373674,2354027.4559460804,4048.270314887714,0.8304934775285395,7475.463313100194,-219.13626544927664,0.0270337038095745,0.0087927569907778,0.0063149348714395,1.574935758357048,-0.0352644994854927,0.0040096460046257,8.32,1.0,0.0,0.0,,,
PolyX_linker_PolyEAAAK_26,linker,PolyEAAAK,26.0,250,26,3.004884826507292,0.3632587375749393,3.0,3.0,3.6759737177122047,1.1326433047073288,12838.037455105354,0.0446470954691809,22.176422192500187,22.31129646301269,0.0019605222938372,0.9865737097134516,1.004287092579748,2.3446175299749026,2262.0718401038152,6347.572801830885,0.188553204992786,0.4990770578384399,1.171961528032233,56.85556564331055,0.336391546290008,2165036.609975045,3650.242932459027,0.782721135469018,7725.055373160307,-242.49934916647643,0.0370187470034161,0.0074410759749776,0.0058033253040145,1.5704966192884224,-0.0545118525624275,0.0036952166801062,8.653846153846153,1.0,0.0,0.0,,,
PolyX_linker_PolyEAAAK_27,linker,PolyEAAAK,27.0,250,27,2.981674906264851,0.3867680756220518,3.0,3.0,3.67117088163544,1.134950458646775,11594.967960232469,0.044993358029109,20.68141824227792,20.81208038330078,0.0032141897606052,0.9862183969775092,1.0078877903629668,2.445591330415496,2559.9845357295712,6872.83816526283,0.9388545732945204,9.268910336494448,1.1764414758630428,54.73360319519043,0.4037743397128223,2304208.5738918968,3133.1437727391035,0.6986507853550991,8297.840039486124,-251.20047152642337,0.0332833548615059,0.0092140550177953,0.0051679206604684,1.6307044043970518,0.0264250691980123,0.0031691339314573,8.987654320987655,1.0,0.0,0.0,,,
PolyX_linker_PolyEAAAK_28,linker,PolyEAAAK,28.0,250,28,2.9506159360681234,0.3935591592895534,3.0,3.0,3.644707731125049,1.126674806851346,11838.81960717446,0.040160744561868,20.521200043814524,20.664777755737305,0.0031109529743216,0.988920436822486,1.0083235406080406,2.599210266880639,2413.4776548731106,7110.08722152089,0.1171894123777747,-0.2643030881881714,1.1724224299230106,55.20287419891358,0.352617065362111,2332117.219261003,3000.68932031799,0.6440248206251343,9022.083873859858,-270.0486812641478,0.0351340400277098,0.0079411770917174,-0.0107588660366318,1.6489654602227943,0.0458817109465599,-0.0065246157639504,9.321428571428571,1.0,0.0,0.0,,,
PolyX_linker_PolyEAAAK_29,linker,PolyEAAAK,29.0,250,29,2.962931786674074,0.3805363992884361,3.0,3.0,3.6291421401900927,1.131852751826181,11316.808390631502,0.0378542313650418,19.71476179977943,19.78276252746582,0.0022695563847117,0.9892237747172622,1.0057788836357011,2.4917985848296373,2768.758841600938,7719.300876039319,0.1097355597186833,-0.0449020147323608,1.1690876659559055,54.6479556350708,0.3501540361488368,2759028.92457739,2867.8521949443484,0.665942293408798,10400.135165168436,-284.83908753408224,0.0276404059952711,0.0079881808886882,0.0121030241795028,1.614299853698139,0.0524534061551094,0.0074973829372695,9.655172413793103,1.0,0.0,0.0,,,
PolyX_linker_PolyEAAAK_30,linker,PolyEAAAK,30.0,250,30,2.999167382360154,0.3794629526715153,3.0,3.0,3.631027698092216,1.1438885434760355,11848.780755118789,0.042163306720785,19.83364238739013,19.99762535095215,0.0039534177113511,0.9836582207119052,1.0104448186231976,2.54586415785894,3478.9281502030817,8492.562360220747,0.8572455707937479,6.258351230621338,1.1707100395597565,55.59311601257324,0.3310011322068587,2892185.959887769,3237.11472446938,0.7199710701155616,10196.549120227972,-284.9584440455596,0.0265246049219461,0.0114836263856376,0.0223595222050468,1.611507329506218,-0.0219495855271816,0.0138749118879344,9.988888888888887,1.0,0.0,0.0,,,
PolyX_linker_PolyEAAAK_31,linker,PolyEAAAK,31.0,250,31,2.9892909446783267,0.3747174375352996,3.0,3.0,3.607841479502096,1.139472872641896,12450.314021212547,0.0394357010173374,20.000309113533262,20.16892433166504,0.0032315259430681,0.9843315044545634,1.007729950279986,2.4999280567399427,3658.075125451745,8966.31655617193,0.1549293365329504,0.0851146697998046,1.1679919475988103,56.14002787780762,0.2690640388995285,2998572.792383608,3311.491735108774,0.7098056739196449,11028.76434747426,-300.6767881827329,0.0320236615293688,0.0059612294686216,0.0038078607996288,1.5992769669735574,-0.0486630797386169,0.0023809889581519,10.32258064516129,1.0,0.0,0.0,,,
PolyX_linker_PolyEAAAK_32,linker,PolyEAAAK,32.0,250,32,2.959700523990407,0.3980219167237869,3.0,3.0,3.598761087070464,1.137219304876581,12506.994193761686,0.0384014205901199,19.72988468408585,19.95377922058105,0.0055155618486839,0.978983593323607,1.0149218730402874,2.680212509976874,3940.728170948885,9524.429002147508,0.662557465210557,3.842959594726562,1.1750303449281505,56.90128782653809,0.3754664477518993,3744984.153311883,3193.2572625490884,0.6414664895245298,12010.436059316446,-312.92743805047803,0.025240198094946,0.0054253180869823,-0.0133675736820268,1.661190046251497,0.0465302057564258,-0.0080469863826756,10.65625,1.0,0.0,0.0,,,
PolyX_linker_PolyEAAAK_33,linker,PolyEAAAK,33.0,250,33,3.038947844152067,0.3568201460306314,3.0,3.0,3.5829336219602848,1.1533186764081889,11842.002178534363,0.0343009493888724,18.90534701491848,18.984638214111328,0.0016788128684908,0.990237050620134,1.0042966341092805,2.5990068141347504,4228.825166215382,10105.879179832951,0.0983548102900385,-0.1185551166534423,1.1684371930759336,55.57144557189942,0.2842710695478088,3640690.326181436,3541.606127398472,0.8381577346215933,13671.078067384587,-333.8856410083312,0.0274844256009816,0.0067182435247278,-0.0082228918751058,1.5547750661475557,-0.1066800579428672,-0.0052887983950963,10.98989898989899,1.0,0.0,0.0,,,
PolyX_linker_PolyEAAAK_34,linker,PolyEAAAK,34.0,250,34,2.9851708304940248,0.3880983772549113,3.0,3.0,3.5569261480930554,1.146101674058959,11941.214062813631,0.0354905891349147,18.70290155971752,18.909210205078125,0.0050174697371126,0.9865505504473532,1.012393177496404,2.28561476116069,4639.851068424955,10728.3134787399,0.1116439473087666,-0.0981262683868408,1.1689320835781545,56.2549134979248,0.3441662667694317,3874486.403043568,3135.1894853573976,0.6765088515888815,13993.6215045008,-340.5257452691081,0.027622985495351,0.0063335688252186,0.0083450256285107,1.6342496290724642,0.0542506091296672,0.0051063347236226,11.323529411764708,1.0,0.0,0.0,,,
PolyX_linker_PolyEAAAK_35,linker,PolyEAAAK,35.0,250,35,3.0134182482290184,0.3669892936684182,3.0,3.0,3.584628716205108,1.1508967642199863,12702.104820089844,0.0312363609039456,19.01208021981376,19.189228057861328,0.004213485826665,0.9875391120132604,1.0101872612789005,2.5667984463363127,5779.363861261156,12000.58603161873,0.1700752173084765,0.3150643348693848,1.1765384227241094,58.129727447509765,0.3926439123145857,5096263.65996652,3470.779763212678,0.7445570320133623,17741.052572140223,-363.9481053860957,0.0313098615867775,0.0077176519678637,0.0178479887597054,1.5797521116114948,0.0188670996576547,0.011297967970664,11.657142857142857,1.0,0.0,0.0,,,
PolyX_linker_PolyEAAAK_36,linker,PolyEAAAK,36.0,250,36,2.98660086336488,0.4013954814444849,3.0,4.0,3.675802137804441,1.1714976633860117,13266.143855317448,0.0334503994600545,19.15428670247396,21.356380462646484,0.0197613865922327,0.9268398726694246,1.010865539097998,0.954483341811671,6517.547527951874,12852.377885531245,1.39890112336725,19.085863995552064,1.1679924537815451,59.14312884521485,0.3273664646301171,6277273.676151428,3202.1107447561703,0.601338716398147,18112.27122668224,-366.9506856403291,0.032180291067439,0.0120162084404566,-0.004961363852892,1.6705520406245633,-0.1599411368370056,-0.0029698948203613,11.99074074074074,1.0,0.0,0.0,,,
PolyX_linker_PolyEAAAK_37,linker,PolyEAAAK,37.0,250,37,3.0304670637126567,0.3747359957554991,3.0,3.0,3.5541471481732487,1.157428792659723,12795.419059711034,0.0295655756028486,18.55897346702782,18.69368934631348,0.0031212742848286,0.9868524371182712,1.0077838332638418,2.577543008050887,6662.7558946554445,13319.925055243362,0.0809531332692131,-0.1019500970840454,1.16773420504891,57.86838201904297,0.3249236189408986,6385349.582121396,3757.270468541688,0.7835965825931963,19397.30011165533,-390.8470465331314,0.0273926386700798,0.0126141413421696,0.0059689663583856,1.599324434497534,-0.1041539087891578,0.0037321798062115,12.324324324324325,1.0,0.0,0.0,,,
PolyX_linker_PolyEAAAK_38,linker,PolyEAAAK,38.0,250,38,3.03930644304546,0.3791084486592561,3.0,5.0,3.540036912495173,1.1755595309832116,11943.362762068404,0.0341703197539099,17.69260301088032,18.2683048248291,0.006596044315709,0.9742886496950568,1.0105891602221242,1.770277226373458,7378.307806978488,14093.907740146286,1.3318149343132972,13.781979656219482,1.1682898537992843,56.973900886535645,0.352655066429096,4871851.527145994,3376.6806143262365,0.7457613949283886,18380.97906831245,-384.9093536501621,0.0217585424517988,0.0110772718534661,0.0030937542342197,1.610587223872857,0.0085061965510249,0.0019208858658324,12.657894736842104,1.0,0.0,0.0,,,
PolyX_linker_PolyEAAAK_39,linker,PolyEAAAK,39.0,250,39,3.079871838982016,0.3921025144085905,3.0,5.0,3.6036248297193794,1.2190696138409578,11571.074632169672,0.0323312079251921,17.184217599722054,19.961729049682617,0.0266741934201995,0.9201542804198258,1.0145290312120492,0.6583267703755942,8859.597996776089,15526.115201115534,2.345249442011118,30.984353733062743,1.168309277621664,56.4307349243164,0.3783106378645052,7875903.264820768,3095.7817957680145,0.6823340122937256,24088.80796405044,-401.5115096837971,0.0315108064960333,0.0059465719289824,0.0170632699847233,1.645014206675198,-0.0280919484794139,0.0103727189190501,12.991452991452991,1.0,0.0,0.0,,,
PolyX_linker_PolyEAAAK_4,linker,PolyEAAAK,4.0,250,4,2.9599961949157074,0.3917679454566011,3.0,3.0,6.4491353041275765,1.0991405939375083,12285.43344344544,1.772378973168622,55.30887126922608,55.364933013916016,0.0007072761332905,0.9525039151114216,1.0014767832661935,1.039720770839918,792.8329345197853,931.2279092597828,4.429085633484647,60.30042912960052,1.1715735035652854,54.64465093632088,0.384779594013148,525233.8880153936,3674.345702425804,0.7634149001871054,312.03573406568194,6.867872392731055,0.0332019659345034,0.0141603250000492,-0.0155296922982388,1.6441093371027646,0.0582049377262592,-0.00944565665241,1.25,1.0,0.0,0.0,,,
PolyX_linker_PolyEAAAK_40,linker,PolyEAAAK,40.0,250,40,3.055897634339828,0.3625084892829475,3.0,4.0,3.5345393012955366,1.1702554382060726,11941.50495934256,0.0231779125530359,17.243345260620117,17.51263427734375,0.0059475486486264,0.9857381739035108,1.014324179898418,2.320703035579877,10580.405874451832,17186.634950848667,0.1224442421342246,0.200668978691101,1.1659186930004095,56.93841271972656,0.3065751577809049,10304742.863251956,3568.141572342894,0.8242611538598423,33207.680099662306,-451.74665654948416,0.026432533545164,0.0053491185601771,0.0003482109481598,1.5686483399209454,0.0024134472478181,0.0002219815233764,13.325,1.0,0.0,0.0,,,
PolyX_linker_PolyEAAAK_41,linker,PolyEAAAK,41.0,250,41,3.021961697456446,0.375726780561926,3.0,4.0,3.537938594300735,1.162437994711062,12467.827029981456,0.0196253576903236,17.40323178361102,17.56757926940918,0.0038520634878187,0.9865687715140612,1.0094010692339666,2.5802669178677293,13074.710913659135,19119.635450812915,0.209801575448364,1.426313877105713,1.166740084582417,57.22789575195313,0.3088317081566533,21318210.55040388,3382.023029390976,0.7219608386417091,48365.00383612461,-483.5047282380534,0.0393080318843216,0.0098436412446843,0.0017089663329968,1.6018627243054384,0.0109132379293441,0.0010668619145446,13.658536585365852,1.0,0.0,0.0,,,
PolyX_linker_PolyEAAAK_42,linker,PolyEAAAK,42.0,250,42,3.0402503483112167,0.3759326903913146,3.0,4.0,3.529460318118385,1.173781114238687,12246.591770019151,0.0231762613416106,17.040856906345912,17.655925750732422,0.0098841821922948,0.9754284315877368,1.021894142937362,2.0324728857123247,12397.227500527462,19028.594292340145,1.06932050694013,12.527143168449404,1.1757453266766411,56.5638323135376,0.4001648736048789,12241555.339183811,3437.849167372414,0.7467263633417978,38535.42911156341,-474.3429656625452,0.0349936996636807,0.0153167916083307,-0.0092551916561748,1.6023912558839837,-0.0244314856827259,-0.0057758625564213,13.992063492063492,1.0,0.0,0.0,,,
PolyX_linker_PolyEAAAK_43,linker,PolyEAAAK,43.0,250,43,3.071758350191008,0.3529973951188263,3.0,5.0,3.445818800317653,1.182085034000302,11431.26440521167,0.0209433050944021,16.271937924762106,16.39763069152832,0.0038962251786893,0.9894887277414312,1.0102537570551835,2.78121916117916,13825.409119293592,20304.8828551834,0.1552650652942247,0.2850358724594116,1.1668201244944951,55.194942268371584,0.3122135457199299,13903594.644030577,3344.737357287575,0.8288887592865258,43670.73525413698,-498.70577182928906,0.0346317392635403,0.0155445573354663,-0.0109342828637543,1.5455888314138344,-0.0074981031939387,-0.0070745094948988,14.325581395348838,1.0,0.0,0.0,,,
PolyX_linker_PolyEAAAK_44,linker,PolyEAAAK,44.0,250,44,3.0701311125010124,0.3526530584046122,3.0,4.0,3.495895468552782,1.176614783235444,12492.052770704586,0.0159134298610004,16.815342859788373,17.18096160888672,0.0081730954101726,0.9830719069704688,1.02103491001994,2.6342944032609688,18019.50853439604,23111.383451208043,0.1241293366067111,0.9386616706848144,1.1645616934487253,57.93874794006348,0.3020463911788009,37052997.34412314,3751.558124244476,0.8515893366777805,82048.42888764694,-546.5581200762609,0.0326492895538686,0.0075094662375288,-0.0072055910793958,1.5447667019720497,0.013891851529479,-0.0046645173473319,14.659090909090908,1.0,0.0,0.0,,,
PolyX_linker_PolyEAAAK_45,linker,PolyEAAAK,45.0,250,45,3.057884441194941,0.3637632558201781,3.0,4.0,3.559838029415894,1.1747390792895405,12986.855427240322,0.011210761384657,16.953784306844074,17.2154483795166,0.0063515050324199,0.9800184111325964,1.0160729682617953,2.650513786611865,20743.91087679798,24839.92844371918,0.1226573375985026,1.0342337608337402,1.1641775390642943,59.31056405639649,0.3437525569209284,94899007.46018222,3718.6341582727687,0.7871556554744614,180236.6241469124,-606.2689337288022,0.023184558488364,0.0089252495951745,-0.000172900757173,1.5717419799277836,0.0672900900244712,-0.000110005814803,14.992592592592592,1.0,0.0,0.0,,,
PolyX_linker_PolyEAAAK_46,linker,PolyEAAAK,46.0,250,46,3.0671084113675007,0.3482997348869158,3.0,4.0,3.569709861834133,1.1789916069493631,13324.90705491742,0.0107866963708439,16.985345384348992,17.223039627075195,0.0062427680193069,0.9848766718834788,1.016026741080089,2.6699727573125926,21715.52793013609,25756.972649695133,0.1642878662794828,0.8375956058502197,1.1660951393698922,60.53171327209473,0.3137078293264966,104677698.82845704,3814.011185494074,0.8217971487202208,203358.02862878444,-625.0629372560968,0.029988515389169,0.0097453005450108,-0.0109596677867697,1.5344477415955606,-0.0422446504235267,-0.0071424184017236,15.326086956521738,1.0,0.0,0.0,,,
PolyX_linker_PolyEAAAK_47,linker,PolyEAAAK,47.0,250,47,3.047915924872226,0.3813443737655143,3.0,5.0,3.489264210174257,1.183246880396025,12440.967665012864,0.0127549833932294,16.2365851300828,16.642587661743164,0.007775384733313,0.9794651518151314,1.0196793635979875,2.6014350737704346,21388.332007202804,25935.47467555497,1.0637168589048087,11.823701810836791,1.1635881326824091,58.02653918457031,0.2911006521916838,100042716.4109701,3424.081954381678,0.7217264906700677,165502.6629363383,-615.0184687907771,0.034042114682815,0.0125211497782022,-0.0062145851627995,1.616408155998852,-0.0460444763302803,-0.0038446880754414,15.659574468085106,1.0,0.0,0.0,,,
PolyX_linker_PolyEAAAK_48,linker,PolyEAAAK,48.0,250,48,3.0812275745391737,0.3646553244565658,3.0,5.0,3.4896160202492847,1.1910470074549455,12110.360401918932,0.0111636502919401,15.851879854997,16.07674217224121,0.0056012809327809,0.9857294159005204,1.0138163618078495,2.610536327914738,23136.42943391589,27256.464186614896,0.1958125249948352,1.0691482543945312,1.161844673836759,58.7088302154541,0.3584482784945188,108685134.57118794,3587.434578722428,0.8123522035229305,213108.8723448164,-647.2932682224257,0.0298660901246735,0.0118817007200595,-0.0110876019533819,1.573948816277814,0.0853563547134399,-0.0070444488651786,15.993055555555555,1.0,0.0,0.0,,,
PolyX_linker_PolyEAAAK_49,linker,PolyEAAAK,49.0,250,49,3.0914821153863308,0.3502498017929112,3.0,5.0,3.594251923266404,1.1938724421972382,12189.595466500426,0.0054884187956411,15.740368317584602,16.040456771850586,0.007240979481746,0.9833902175239516,1.0183729332369444,2.568490931461631,22107.964955857988,26610.31868232843,0.1989933111704886,1.845161497592926,1.1623864524213696,57.93399684143066,0.3054919607291783,226371742.67419124,3514.695398293661,0.8232286978369718,660050.885436491,-765.1518508025255,0.0339457127060785,0.008849926149966,0.0350890435249131,1.5390530126183652,-0.0404714941978454,0.0227991129837281,16.3265306122449,1.0,0.0,0.0,,,
PolyX_linker_PolyEAAAK_5,linker,PolyEAAAK,5.0,250,5,2.9769152953564024,0.3797029146307257,3.0,3.0,6.272884469624643,1.1047453502732951,12105.242053244829,0.4455667460323868,49.10542602539063,49.39817810058594,0.0029827500014733,0.9131646416230076,1.004658327099324,0.5004024235381879,253.1314236016105,451.2784197995402,1.6298261254560202,23.21596121788025,1.169495992835467,53.71181496098118,0.3476959373624964,809282.5998109443,3530.7453919658137,0.7681552307829076,809.4560770682183,-12.126123227241964,0.0230769282795541,0.0038106683429429,-0.0045713164490415,1.6121307411990846,0.0718634873628616,-0.0028355742694652,1.6,1.0,0.0,0.0,,,
PolyX_linker_PolyEAAAK_50,linker,PolyEAAAK,50.0,250,50,3.081656276878016,0.3701973952268745,3.0,5.0,3.5259435424267367,1.1946669924791296,12516.815400285726,0.006941137044778,15.789992370605468,16.10297966003418,0.0066735772377904,0.9866547556820736,1.0166192754416272,2.510568351955299,24226.4843888806,28253.43519312266,0.2875926939770579,1.3710721731185913,1.1630819247752526,59.65327685546875,0.3414290718356202,249867229.6130969,3601.159062388021,0.7771683371837054,573412.9774277009,-745.5433944471744,0.029960866482891,0.0137214351355062,-0.0013053693580995,1.5877990856519737,-0.0976795405149459,-0.0008221250218703,16.66,1.0,0.0,0.0,,,
PolyX_linker_PolyEAAAK_6,linker,PolyEAAAK,6.0,250,6,2.9878273924345056,0.363021386473588,3.0,3.0,5.641446882516172,1.1062686413490197,10912.819024766224,0.4235574093135524,42.562028884887695,42.595436096191406,0.0009588022697022,0.9755582002725596,1.0018959520331627,1.2424533248939669,709.9422067778302,952.4352470537566,2.409237743169069,34.22877091169357,1.169737860396438,52.11270600128174,0.3618848807941692,636232.399439708,3205.6921836281804,0.8091940003560832,813.3363063825951,-15.463191786734717,0.0284901486296581,0.0084919280174917,0.0062790331027842,1.5699114205166884,0.0036897002719342,0.0039996097998431,1.9444444444444444,1.0,0.0,0.0,,,
PolyX_linker_PolyEAAAK_7,linker,PolyEAAAK,7.0,250,7,2.990175609931384,0.3598841973824749,3.0,3.0,5.2354763825897335,1.1004241931883068,11632.005648526689,0.200731029920353,40.68251582554409,40.71066665649414,0.0008654796021233,0.9787548887526796,1.00161497925832,1.1537419427010902,308.41106046860267,711.1678543780781,1.6493237315342413,21.35109350681305,1.1698868059593546,53.635254722595214,0.3454485928499893,820492.8603555083,3571.5581111090355,0.8531793574808859,1208.350632198628,-33.721577838906256,0.0384466749718348,0.0085147835532527,0.0226127388478081,1.562217329912583,-0.0009781658882275,0.0144747714760186,2.2857142857142856,1.0,0.0,0.0,,,
PolyX_linker_PolyEAAAK_8,linker,PolyEAAAK,8.0,250,8,2.950993168991886,0.3670412698500788,3.0,3.0,4.8616086967374565,1.092253322343239,11757.322342753814,0.127729421635794,38.25944948196411,38.306373596191406,0.0008892766678588,0.9871334308089724,1.002232340628709,1.7328679513998633,55.10556264712498,589.8638301396517,0.0829944210592657,-0.3076150417327881,1.171397213619107,53.41141202545166,0.3969125230125807,786447.7573931703,3193.4589766464424,0.7400107312395511,1552.3103625675465,-49.38818734782497,0.033504751748943,0.0085304784319748,0.0070890972603794,1.5798818348917352,-0.0883252918720245,0.004487105999555,2.625,1.0,0.0,0.0,,,
PolyX_linker_PolyEAAAK_9,linker,PolyEAAAK,9.0,250,9,2.9655895612605816,0.3744394873268103,3.0,3.0,4.643317505341709,1.0956878457533905,11998.488231957825,0.1075438935841318,36.43943574693468,36.45659637451172,0.0004452826222486,0.9896264277641584,1.0010154462077778,1.676987774322516,78.25897097943732,742.2939957744564,0.0940509704872965,-0.2429528713226318,1.174770045109857,54.29038623046875,0.3803619251454205,906193.7538286552,3415.853432220278,0.7603106183980591,1844.883942109476,-60.20611727869832,0.0232696587558571,0.0130228890599532,-0.0059180975663693,1.5985663732621629,-0.0250407271087169,-0.0037021281474363,2.962962962962963,1.0,0.0,0.0,,,
PolyX_linker_PolyGGGGS_10,linker,PolyGGGGS,10.0,250,10,2.968536754404128,0.3773286341830598,3.0,3.0,4.731124281493263,1.1047329441788558,11150.627742553936,0.1239266553417223,33.32562675476074,33.43464279174805,0.0021482947183381,0.9639529287172904,1.0054533974923645,2.0253262207700846,567.4344841427919,1294.390631893682,2.7007294056937097,37.78648610115052,1.1732876755334352,52.14037020111084,0.3437539209075966,1532498.8637966388,3121.93868740577,0.7420023634761977,2678.3792386979653,-62.64196105872514,0.0396930127918431,0.0093768300682715,-0.0006796582373413,1.6059835972833074,-0.0228637270629405,-0.0004232037229077,3.3,1.0,0.0,0.0,,,
PolyX_linker_PolyGGGGS_11,linker,PolyGGGGS,11.0,250,11,2.9514028159421817,0.391271005436848,3.0,3.0,4.38804507957972,1.0942743442319105,12071.484712839832,0.085649699874812,33.060795523903586,33.16043472290039,0.0013062455468165,0.981331991668501,1.00300778877961,1.9722469794234208,280.56205285391684,1231.6535703588331,0.3130973850958981,1.776324725151062,1.173344022178514,54.473003318786624,0.3461628372917278,1941605.50286946,3441.5093014083445,0.728635945978747,3233.2658920463346,-81.09715510086633,0.0508814537194064,0.0097017406873504,0.0210857200318169,1.64276715735816,-0.0069379210472106,0.0128354891538266,3.636363636363636,1.0,0.0,0.0,,,
PolyX_linker_PolyGGGGS_12,linker,PolyGGGGS,12.0,250,12,2.98436617224623,0.3597917628208089,3.0,3.0,4.274861103048758,1.1014349065033708,12068.817390804948,0.0897328709844249,31.649814287821453,31.686065673828125,0.0010418458785191,0.9769421601701426,1.002190130389322,1.97920451743434,712.767814934732,1749.5439982592954,0.7789684255607426,6.835084438323975,1.1690655224380726,54.61803881072998,0.3473457775942599,1887794.2566155232,3571.768151316636,0.8225595103695986,3506.757677006572,-86.79305205466748,0.0334777913722088,0.0076270871419374,-7.980744419205177e-05,1.5619917738110969,-0.0092191640287637,-5.10933831566991e-05,3.9722222222222223,1.0,0.0,0.0,,,
PolyX_linker_PolyGGGGS_13,linker,PolyGGGGS,13.0,250,13,2.982760815049072,0.3749403247235674,3.0,3.0,4.335859575416225,1.113537469621684,12074.592388535144,0.0903814318760599,30.41538561307467,30.579456329345703,0.0020454360256696,0.97209121513256,1.0038209056926548,1.8184831630123663,684.3897683753166,1884.1748109035736,2.173314157314598,29.469964265823364,1.1765602100777286,55.614138259887696,0.4082582076751268,1836934.522123222,3447.4221092599305,0.7614823342413743,3804.8077091662894,-93.74494047870746,0.0391790692733389,0.0081732093274359,-0.001078300817197,1.5998472458773638,-0.0458193495869636,-0.0006740023586053,4.307692307692308,1.0,0.0,0.0,,,
PolyX_linker_PolyGGGGS_14,linker,PolyGGGGS,14.0,250,14,2.97301211310375,0.3751546483945482,3.0,3.0,4.063378662042272,1.1011726593161626,11551.316220053985,0.0728330114862095,28.66692120688302,28.769227981567383,0.0012435341833931,0.9877355905253236,1.0023854779946006,1.908535281643541,675.4627760348372,2083.7439321844467,0.4562568116933107,2.184081554412842,1.1717549339972315,53.27895889282227,0.4002960782224805,2019648.9793255804,3350.419166655181,0.7731385697021915,4542.284581283688,-110.0226103727607,0.0331811416913234,0.0080963061309795,-0.014585629306805,1.6003959978747404,-0.0584651418030262,-0.0091137626720279,4.642857142857143,1.0,0.0,0.0,,,
PolyX_linker_PolyGGGGS_15,linker,PolyGGGGS,15.0,250,15,2.994978996825049,0.3635849920652336,3.0,3.0,4.058340272510842,1.1086084965414684,13097.51675813335,0.0701864223910369,29.490232467651367,29.53999900817871,0.0012292524197673,0.9816327155627292,1.0029763007419026,2.303488495219258,631.3663118400434,2259.875925187595,1.4083301961421966,18.8148553609848,1.1709776025460346,56.62263859558105,0.3576460229337136,2333944.726162145,4033.151497659371,0.8469341108009256,4882.987546286937,-119.54701750703732,0.0341367168031321,0.0078886133560471,0.0199705165817927,1.5713017253397357,-0.1324683129787445,0.0127095364680541,4.977777777777778,1.0,0.0,0.0,,,
PolyX_linker_PolyGGGGS_16,linker,PolyGGGGS,16.0,250,16,2.9703644705314622,0.3838984181120953,3.0,3.0,3.895693244128963,1.1015902093947243,12686.236372687936,0.0615675416345723,28.101922869682312,28.125019073486328,0.0004371869193837,0.9939512238032028,1.0010637971712406,2.4260151319598084,608.5353663984089,2452.1890467957205,0.3856816087849438,2.341426372528076,1.168106175185655,56.22688836669922,0.3555593310009347,2472593.229557603,3814.7925376181865,0.7832885945455614,5410.88876070635,-133.8057819627549,0.0315064089884316,0.0049533403610969,0.0064665062573981,1.6231089635181992,-0.1476398706436157,0.0039840247342255,5.3125,1.0,0.0,0.0,,,
PolyX_linker_PolyGGGGS_17,linker,PolyGGGGS,17.0,250,17,2.9926953571981896,0.3680849612582968,3.0,3.0,3.97306269928464,1.1161518778441344,13192.768031621845,0.0737626673038832,27.80181245242848,27.829814910888672,0.0005127229871415,0.9889781959553392,1.0008602143511225,1.905420043110159,1153.5518160424765,3068.1098484243525,2.2311663713306187,27.580265045166016,1.1694435583555645,57.60416862487793,0.3566469453529018,2701398.287613415,3845.9575537562873,0.7919914379112255,5587.462511078514,-132.95202890293908,0.0374576862601678,0.0051831438201146,-0.0017748529593074,1.5824912190588842,-0.0894069820642471,-0.0011215562764707,5.647058823529412,1.0,0.0,0.0,,,
PolyX_linker_PolyGGGGS_18,linker,PolyGGGGS,18.0,250,18,2.9935417854995268,0.3519384244255382,3.0,3.0,3.790139473748536,1.107525349150522,13033.687727039867,0.0594607777969475,26.85511048634847,26.89390563964844,0.0007530157946656,0.9868704724311368,1.0017040648813254,2.245171589411553,1047.7440643201655,3256.130819138108,0.633349297568202,5.736721086502075,1.1711226050879402,57.6477685623169,0.3504270425090161,2725371.4337825943,3916.4884845982815,0.8538131847036974,6272.517706595992,-152.41167191893825,0.0339479112298937,0.0076302201478095,-0.0143758769857779,1.543063248447602,0.0994407907128334,-0.0093164534890641,5.981481481481482,1.0,0.0,0.0,,,
PolyX_linker_PolyGGGGS_19,linker,PolyGGGGS,19.0,250,19,2.977502042994085,0.38271429555513,3.0,3.0,3.7826561899996256,1.1086238127341697,12262.159630584683,0.0572662781284688,25.353403894524824,25.378801345825195,0.0005803815464708,0.9902889148567512,1.0014681506074017,2.3331967142862133,958.1582737177793,3427.475734672545,1.2008749321103096,14.12103033065796,1.1692934595687527,54.4269871673584,0.3646334112842717,2735474.2362593417,3755.103369669285,0.8001662811985966,6839.5738142236605,-163.02246985802432,0.0244601441514215,0.0093458870515477,-0.0085027190893983,1.6199953972679602,-0.0314050130546093,-0.0052486069424721,6.315789473684211,1.0,0.0,0.0,,,
PolyX_linker_PolyGGGGS_20,linker,PolyGGGGS,20.0,250,20,3.00510722821463,0.345039930084673,3.0,3.0,3.6943007702502526,1.1111969965900124,12847.284161839723,0.05097069377534,25.294121265411377,25.416025161743164,0.0018453306828464,0.9859258113361348,1.00346840698482,2.1251596727330364,890.5548826816857,3648.557810929004,0.0802914626707206,-0.1430663824081421,1.1733639923038417,57.033906631469726,0.3424081755032706,2460092.07174179,4051.5368852174456,0.9139850873305146,7411.179841816204,-178.59026585528213,0.03667324624438,0.0146565517411762,0.0099248800520551,1.5268106346227786,-0.0356212630867958,0.0065004001323695,6.65,1.0,0.0,0.0,,,
PolyX_linker_PolyGGGGS_21,linker,PolyGGGGS,21.0,250,21,2.992809576491399,0.365866261433685,3.0,3.0,3.649373256755636,1.1116015251958993,11393.240322757963,0.048418247372597,23.245682125999814,23.34723854064941,0.0025035709499525,0.989366099593875,1.0068883867790526,2.5824243173501413,992.316711730607,3986.4813980169374,0.1229925627005286,0.1523841381072998,1.173772555352979,53.00889141845703,0.4057266086401769,2528531.70609646,3430.272835374237,0.8229227017483055,7893.497327137292,-190.7563462530048,0.0313604565249868,0.0074395635656414,-0.0064955185161796,1.576954416998622,-0.0029952288605272,-0.0041190274403305,6.984126984126984,1.0,0.0,0.0,,,
PolyX_linker_PolyGGGGS_22,linker,PolyGGGGS,22.0,250,22,2.969321058777461,0.3877307907907057,3.0,3.0,3.641130732801045,1.106514940904039,13640.448692125596,0.0471664597087879,24.850333560596813,24.91275978088379,0.0014180859667741,0.9866522926123724,1.003831837919832,2.500138026365426,1135.725043838206,4373.036682617123,0.1408153694588691,0.0868902444839477,1.1713123815663642,59.154732734680174,0.4003897920459389,3668186.889745187,4092.75147271908,0.7738493572130117,8805.669695096103,-201.56876685264413,0.0251447890839004,0.01172516957523,0.0092344644323768,1.6332684788958023,-0.0021738470532,0.0056539782351365,7.318181818181818,1.0,0.0,0.0,,,
PolyX_linker_PolyGGGGS_23,linker,PolyGGGGS,23.0,250,23,2.9945159477864327,0.3550888554040521,3.0,3.0,3.588411830760825,1.1126645388269356,12371.326014712651,0.045639129186616,23.14588190161664,23.17635154724121,0.0008228780481629,0.9905241698805092,1.0021883676977832,2.690828621511581,1311.259751355816,4771.748280987527,0.0943848257884383,0.0194453954696655,1.1728898358382276,55.742256546020506,0.3848095964412912,3330482.3015406947,3668.810570625788,0.8351644408063755,9478.911052274383,-213.002297613126,0.0381831178813721,0.0042299238163003,-0.0012266323854488,1.550601208212216,-0.0207430366426706,-0.0007910688956472,7.6521739130434785,1.0,0.0,0.0,,,
PolyX_linker_PolyGGGGS_24,linker,PolyGGGGS,24.0,250,24,2.960677140762212,0.3832466260122173,3.0,3.0,3.5867006920024656,1.1118123627778675,12470.133442308885,0.0496533229376496,22.7487477461497,22.886892318725582,0.0031126830882441,0.9824480216730276,1.008044991765675,2.532140934033983,1885.8542112257128,5461.978232938454,0.8641044967109337,7.395716071128845,1.168814488657356,56.72482631683349,0.3831276435417531,3015593.112406996,3386.266450458423,0.7085519324460958,9617.676038876967,-216.19367640939225,0.0260025229181598,0.0073589087519236,0.006158173180128,1.6213936431903642,-0.042558304965496,0.0037980740862107,7.986111111111111,1.0,0.0,0.0,,,
PolyX_linker_PolyGGGGS_25,linker,PolyGGGGS,25.0,250,25,2.959755281106764,0.3905848724666925,3.0,3.0,3.551761259775964,1.1103969479991835,12415.872519117538,0.0431045040469199,22.240621643066405,22.346094131469727,0.0025116271714928,0.9902447266522182,1.0059437969567908,2.6360901518627244,1685.6588782553065,5644.175104755378,0.0870002879761159,0.2319086790084839,1.1763924892736963,56.49589263916016,0.4107936455856731,3712368.229574454,3455.743006185125,0.7126048504597351,10586.300691116176,-235.80958282285,0.0267891013075179,0.0075579923739154,0.0044497839685023,1.6409175860921588,-0.0155777279287576,0.0027117656644952,8.32,1.0,0.0,0.0,,,
PolyX_linker_PolyGGGGS_26,linker,PolyGGGGS,26.0,250,26,3.0010710096968114,0.3641206210409661,3.0,3.0,3.484295064294481,1.1231589460619873,11488.798586230963,0.0491752663183324,20.978673421419582,21.214468002319336,0.0032445354072157,0.9811813971384704,1.0035606185417132,1.831125436173389,2407.706289100875,6439.821913984471,0.841125489026308,6.96470353603363,1.1701955751650537,54.18746893310547,0.3497451704973263,3084177.26972149,3409.521621265327,0.8150299316046499,9887.45157101648,-234.9644299332548,0.0282581944049635,0.0088689720525469,0.0071390819311724,1.5726253014165197,0.2626745104789734,0.0045395949844429,8.653846153846153,1.0,0.0,0.0,,,
PolyX_linker_PolyGGGGS_27,linker,PolyGGGGS,27.0,250,27,2.992794931159677,0.3683056983388335,3.0,3.0,3.4821460499527888,1.1171185916246529,13528.038945734606,0.0435199822189441,22.33903093691225,22.448474884033203,0.0020157220932272,0.989331482331438,1.0044994349332732,2.528900240729393,2270.0057874922763,6677.817846323153,0.1397986978758126,0.7988297700881958,1.1699602538960576,58.891151596069335,0.3900533834255424,3468391.441474368,3991.147372175631,0.8010405128678425,11148.040681096358,-253.89734077059148,0.0312932238389587,0.0054040439473021,0.0217581915180968,1.5830441993386677,0.0047112703323364,0.0137445255955659,8.987654320987655,1.0,0.0,0.0,,,
PolyX_linker_PolyGGGGS_28,linker,PolyGGGGS,28.0,250,28,2.9353347901551943,0.4074511874589134,3.0,3.0,3.403497690282056,1.109073538848122,13801.613338578742,0.0459295317646961,22.157219886779785,22.228086471557617,0.0012034167367647,0.9904768302000856,1.0028026971716195,2.242576834602396,2843.97982841599,7371.404628507083,0.1786371009424328,0.5838351011276245,1.1710927096882766,58.24163681030274,0.3272314340205698,4389964.127766277,3772.324488955568,0.6708162877172801,11604.364675479072,-258.774344759952,0.0460385679933178,0.006944251288865,0.0095411543602417,1.687624679748491,0.1166034787893295,0.0056535996860974,9.321428571428571,1.0,0.0,0.0,,,
PolyX_linker_PolyGGGGS_29,linker,PolyGGGGS,29.0,250,29,3.003343913167742,0.3674713209560512,3.0,3.0,3.436082816637287,1.1247865843416736,12673.373816101524,0.0421344554083389,20.862871696209087,20.97519493103028,0.0035321078496998,0.98776056949666,1.0093409636262245,2.7097674512937604,2847.275958339742,7718.686630157532,0.4024525587446987,2.0888908386230467,1.170969911557924,56.77973024749756,0.361396826176264,4103091.179061675,3829.413659168418,0.8222740533516808,12560.75364088363,-275.5193813087122,0.0282882972502902,0.0083911789053357,-0.0103486793189038,1.580955983705711,0.0753501877188682,-0.0065458364590216,9.655172413793103,1.0,0.0,0.0,,,
PolyX_linker_PolyGGGGS_30,linker,PolyGGGGS,30.0,250,30,2.976281324421193,0.3673533406690576,3.0,3.0,3.3608729194376994,1.1196340007283996,12055.731931800883,0.0398817020446318,20.006227684020995,20.08470916748047,0.0016931465831006,0.9870123631407324,1.004280960779262,2.644398784272729,3001.082987337376,8170.812923793143,0.1246424671728163,0.5460658073425293,1.1731733892864529,55.30400667572022,0.3856287858098647,3652619.8002472143,3297.2155989137204,0.7445086871938762,13731.00251090925,-289.96538763535926,0.0320914741194571,0.0119520732283061,0.002814744407556,1.5806611561934958,-0.0211485903710126,0.0017807386461981,9.988888888888887,1.0,0.0,0.0,,,
PolyX_linker_PolyGGGGS_31,linker,PolyGGGGS,31.0,250,31,2.975755655994064,0.3817092782101861,3.0,3.0,3.324567914790636,1.1203859675775454,12540.783117266652,0.0402787627246613,20.072839367774225,20.22926902770996,0.0032841887806158,0.984481527076021,1.0076844177756996,2.659692825503561,3333.3562485296684,8737.52505782466,0.1572218641638755,0.3943372726440429,1.1720625073469484,56.41322548675537,0.3681915120733019,4394812.504555752,3497.416228512767,0.7306172929244732,14352.853088492291,-298.7095749124961,0.027271640732901,0.0111130941347948,-0.0126287451471097,1.6173621320165097,-0.0006197154289111,-0.0078082359518233,10.32258064516129,1.0,0.0,0.0,,,
PolyX_linker_PolyGGGGS_32,linker,PolyGGGGS,32.0,250,32,2.978075441344615,0.3823979155424238,3.0,3.0,3.297170762972164,1.121732402864036,13205.611613063538,0.0413513860839289,20.273715674877167,20.362926483154297,0.0016473580614935,0.9853896377511456,1.004075572199581,2.4123863316663874,3879.942284056671,9436.669594858791,0.388129773736,2.1365982055664063,1.1744625554396144,57.1116978225708,0.3700446581346997,4663372.858085021,3714.1461275673983,0.7355038492588454,14512.002455295446,-305.8223349299296,0.0327784191207234,0.0090802908127115,-0.0083999585554034,1.619165519621382,0.0242497213184833,-0.005187831912854,10.65625,1.0,0.0,0.0,,,
PolyX_linker_PolyGGGGS_33,linker,PolyGGGGS,33.0,250,33,2.9726646192188126,0.3922994222701214,3.0,3.0,3.274163856930728,1.1240111624118838,12313.004582351508,0.0398657296182184,19.27763256882176,19.32752799987793,0.0021756835594968,0.9893524356821576,1.0056457984646192,2.522645687376384,4132.121408488226,9953.370466179322,0.3344616636633873,1.8351857900619504,1.1732880728748034,55.83077293395996,0.3709488122893336,4248229.453774243,3501.0147395971144,0.7247900614675744,15327.311597915776,-319.0015833333298,0.0321262958620338,0.0136774065137849,-0.0078885805297676,1.645547226128354,-0.0336138755083084,-0.0047938949451171,10.98989898989899,1.0,0.0,0.0,,,
PolyX_linker_PolyGGGGS_34,linker,PolyGGGGS,34.0,250,34,3.002014208671301,0.3692366691215605,3.0,3.0,3.262886312333076,1.1364035715801435,11934.453683327494,0.0419256085979004,18.697691412533032,18.89157485961914,0.0040125018643358,0.9818670593793491,1.0105913830568816,2.73088137534508,4728.132487433726,10705.680617910204,0.770767480134964,5.660540914535522,1.1714210488958308,55.79979495239258,0.3697821404895432,4232719.414972852,3389.915270952428,0.7692747459671617,15869.414283902406,-323.5295608261424,0.0296478166082498,0.007723961975547,-0.0181813932490458,1.585380682493605,-0.0519064664840698,-0.0114681561650555,11.323529411764708,1.0,0.0,0.0,,,
PolyX_linker_PolyGGGGS_35,linker,PolyGGGGS,35.0,250,35,2.934129602895662,0.4029511149795758,3.0,3.0,3.279442906222836,1.1199285482029633,12768.853600784558,0.03675996387885,19.06208730425153,19.157230377197266,0.0022998033826625,0.9900390116356212,1.0067239543282631,2.5676271331002085,4662.187245902743,11054.259880067146,0.1213143468834459,0.3578500986099243,1.1712704278349315,56.18444914245605,0.3724353742512275,5630092.67706301,3258.5974524706544,0.6333247263907379,17529.44454654884,-346.85132447938935,0.0412667950053259,0.0101052498690547,0.0144727227606194,1.6749047273839086,0.0074043422937393,0.0086409229869216,11.657142857142857,1.0,0.0,0.0,,,
PolyX_linker_PolyGGGGS_36,linker,PolyGGGGS,36.0,250,36,2.9894126418767084,0.3778906831889072,3.0,3.0,3.2254576907925245,1.133069583761451,12006.504384903948,0.0369514593366535,18.225657780965168,18.321502685546875,0.0040124296247637,0.9852891864848982,1.0110855461640007,2.649131027144312,5207.666174183324,11757.907027584835,0.1524091280996799,0.8464327096939087,1.176231106900725,55.31783885192871,0.3602525827347031,5145681.562006588,3339.51616605351,0.7360389239254175,18610.74109405544,-356.20021298526353,0.0312007727729112,0.0151783740295942,-0.0078715309607585,1.6074345343772691,-0.0076650991104543,-0.0048969527479502,11.99074074074074,1.0,0.0,0.0,,,
PolyX_linker_PolyGGGGS_37,linker,PolyGGGGS,37.0,250,37,3.021409873098564,0.3579526590462081,3.0,3.0,3.253161397660969,1.1438228063022662,13041.258603405407,0.0394089001196116,18.736398542249525,18.870235443115234,0.0033545935672311,0.9846266335111564,1.0079022672896116,2.223891063233643,5852.065682062867,12531.93967003729,1.1198072677478197,9.677046966552734,1.1688413175573156,58.2352954864502,0.3259972349561282,4994864.4499075245,3851.873257893517,0.8251385713981654,18500.17474396988,-358.9477573974394,0.0254076767827849,0.0127400798665442,0.0083283047332969,1.5575175477161114,-0.0698565989732742,0.0053471659083229,12.324324324324325,1.0,0.0,0.0,,,
PolyX_linker_PolyGGGGS_38,linker,PolyGGGGS,38.0,250,38,2.9893525685032625,0.3759803168403394,3.0,3.0,3.176626392951298,1.1334524787928133,12293.507972800726,0.0355829324645681,17.950370085866826,18.10807228088379,0.0033076946386814,0.9870945743335492,1.0085572696425114,2.615814025969534,5992.6509095954925,13035.492899840145,0.1801460086368024,0.6833642244338989,1.169718739888858,55.4615262298584,0.3451629105471626,5395564.574967044,3407.1875458210056,0.7371486981166847,20209.223251882624,-380.2913646401691,0.0313966019016063,0.0094119805522491,4.9247173890989605e-05,1.6025135536376052,-0.1052085161209106,3.073120584604635e-05,12.657894736842104,1.0,0.0,0.0,,,
PolyX_linker_PolyGGGGS_39,linker,PolyGGGGS,39.0,250,39,3.011892114321599,0.3690762041423537,3.0,3.0,3.1602400414731093,1.1388241071457297,12384.60207830529,0.0348039758802961,17.784317945822693,17.894250869750977,0.0023340805432335,0.9869745056877643,1.006234953186927,2.319466566914014,6476.043473878684,13726.596442127082,0.1208243779372423,0.1987725019454956,1.1690373454355054,56.63355316162109,0.3195169085445339,5331542.338126922,3677.91464509415,0.804643567349761,21422.50733250678,-392.8887648250556,0.0336712063128002,0.0086097810239686,-0.0108222598203192,1.5849774672718595,0.0848670154809951,-0.0068280212451626,12.991452991452991,1.0,0.0,0.0,,,
PolyX_linker_PolyGGGGS_4,linker,PolyGGGGS,4.0,250,4,2.998447981200709,0.3461597461867529,3.0,3.0,6.629166366058938,1.1003118648913657,12515.914237453972,0.9523957723035608,55.8252592086792,55.91830062866211,0.0010021284287591,0.953672837073372,1.0019542836177309,1.039720770839918,429.25396191065215,580.1921734435278,2.297317481553182,29.14456603527069,1.1736417469661111,56.33898898079324,0.3705974328068773,701676.2243218862,4007.002759171752,0.924869588312112,472.817917194569,-0.5852951931853863,0.0286216766575329,0.0102780314155507,-0.0032318328542178,1.5294255655994295,-0.0956320539116859,-0.0021131024135456,1.25,1.0,0.0,0.0,,,
PolyX_linker_PolyGGGGS_40,linker,PolyGGGGS,40.0,250,40,3.019978125070649,0.3567923379870323,3.0,3.0,3.1555465637053595,1.140299451260627,12372.091660959304,0.0333302515795183,17.551749658584594,17.635696411132812,0.0019480040866982,0.9904591581313776,1.0050710643456775,2.6530673833594447,6861.598047113191,14356.138721641022,0.0961159160360694,0.6710181951522827,1.1687010604068937,56.03039791870117,0.3102862006526125,5969293.678821318,3699.2428771748887,0.8380196418116345,23060.421276692898,-408.1547783201881,0.0471246558007756,0.0118210400804514,0.0036680657376551,1.554707847960678,-0.0172605160623788,0.0023593279870752,13.325,1.0,0.0,0.0,,,
PolyX_linker_PolyGGGGS_41,linker,PolyGGGGS,41.0,250,41,3.0281232061035213,0.350784447799411,3.0,3.0,3.088571864627559,1.1416461738250931,12041.244443231042,0.0332705020332895,17.102988080280582,17.199996948242188,0.0025762991876345,0.9864510398025548,1.0067438424290325,2.694735947100184,7375.983163038486,15080.869268730154,0.1718633458018303,0.3744560241699218,1.1712235917193703,56.42002487945557,0.4131859782638943,5048621.686831775,3766.058580274229,0.891610897204277,23584.99148334456,-418.5793418672854,0.0292842749083319,0.0098044562970967,-0.0023800898582513,1.540320463073301,-0.0419545471668243,-0.0015451913515113,13.658536585365852,1.0,0.0,0.0,,,
PolyX_linker_PolyGGGGS_42,linker,PolyGGGGS,42.0,250,42,3.006828065274723,0.376132094031835,3.0,3.0,3.0838888079271234,1.1443483282403657,11834.56824966872,0.034545229101015,16.752460752214706,16.88818359375,0.0034750637591119,0.9898630232112426,1.0089599580890622,2.6255961975664546,8162.194602809262,15943.262996537267,0.5402756222523749,6.406146216392517,1.1746185884988882,55.64407434082031,0.3642076032055759,5857536.589498176,3414.444849712049,0.7670563896056865,24085.96175308196,-424.0512115548,0.0243106917984119,0.0134096586145347,-0.0129283672156331,1.6029034198323204,-0.0339028947055339,-0.0080655933819013,13.992063492063492,1.0,0.0,0.0,,,
PolyX_linker_PolyGGGGS_43,linker,PolyGGGGS,43.0,250,43,2.990989488193645,0.387482387879638,3.0,3.0,3.0657140042043483,1.13673747810432,13624.04002916954,0.0332853621432658,17.76422336489655,17.996641159057617,0.0031650306673509,0.9881104623704092,1.005830347788076,2.1210429215455573,8641.989623392052,16647.052825875293,0.3164605289697647,1.411072635650635,1.1689745342031088,59.89316030883789,0.3717864518642534,8287194.533476514,3982.601472223794,0.7544126665062274,26509.14996953088,-438.94024180366586,0.0311797911617199,0.0070088579057982,-0.0027172760315548,1.6326061164809351,0.0065893470309674,-0.0016643794262179,14.325581395348838,1.0,0.0,0.0,,,
PolyX_linker_PolyGGGGS_44,linker,PolyGGGGS,44.0,250,44,2.990721344300674,0.3864242624491085,3.0,3.0,2.999129071394202,1.1400764348314991,12412.517497882827,0.032677120691509,16.76222744855014,16.924453735351562,0.0026644825788846,0.9880780491225608,1.0061876432900654,2.375244707056136,9295.55192071988,17456.477312972995,0.4169703015591949,3.201892948150635,1.177140658253722,57.18005720520019,0.394208202948334,8394992.48156135,3507.342980199277,0.7312299597001166,29049.135788367923,-451.5825728037582,0.0266190690651672,0.014402265508993,-0.0007379367837477,1.629790649792533,-0.0562733002007007,-0.0004527801063261,14.659090909090908,1.0,0.0,0.0,,,
PolyX_linker_PolyGGGGS_45,linker,PolyGGGGS,45.0,250,45,3.014696034673276,0.3611812109180303,3.0,3.0,2.9625203849527835,1.1395248936899949,12922.551291822476,0.0323396820673945,16.911945343017578,17.02968406677246,0.0042788997335414,0.988092225022668,1.0109216589746766,2.7115887729515697,9941.096967560488,18247.06721750136,0.1524386251345277,1.2817717790603638,1.1765589019362928,57.09950846862793,0.4063330515493423,8172478.58866769,3833.585095610169,0.8213564908912919,29550.37268573305,-463.2471315805444,0.028077859718185,0.0092053990672078,-0.0080497545578683,1.5653891480510065,-0.0549126639962196,-0.005142334458736,14.992592592592592,1.0,0.0,0.0,,,
PolyX_linker_PolyGGGGS_46,linker,PolyGGGGS,46.0,250,46,3.0066645004362664,0.3689058939180399,3.0,3.0,2.965333762697849,1.140994190243795,12829.65348790147,0.0317720090549096,16.666968635890793,16.849397659301758,0.0027114886897768,0.9871447535403778,1.0036507602401012,2.118529853967586,10520.194278816862,19025.04732537148,0.1464157845824956,0.7674483299255371,1.1731885257390176,57.26541707611084,0.3746707308036308,8741625.010325193,3690.5777383200334,0.7797651780876482,30388.571097553857,-475.9854011010162,0.0271153904836036,0.0130990674433209,-0.0034156461777614,1.584549737294061,0.0206999331712722,-0.0021555941711106,15.326086956521738,1.0,0.0,0.0,,,
PolyX_linker_PolyGGGGS_47,linker,PolyGGGGS,47.0,250,47,3.0068123796854738,0.3774696826674263,3.0,3.0,2.8986410300050003,1.1411707244208402,12324.288597399796,0.031007032547949,16.160695136861598,16.276098251342773,0.0027433880543174,0.9880165156874532,1.0061838214480336,2.5870160487236147,11238.656984206908,19866.96191848832,0.3115191167220473,1.2199133396148685,1.1701787088300577,56.29868811798096,0.3246208853213501,10024042.164171008,3763.360338211646,0.8089689783090344,33020.73287757677,-489.76931207954266,0.0261669061805293,0.0091962775464252,0.0069702257110215,1.6063474696056792,-0.0761689990758895,0.0043391768234917,15.659574468085106,1.0,0.0,0.0,,,
PolyX_linker_PolyGGGGS_48,linker,PolyGGGGS,48.0,250,48,3.0105951380300104,0.3653568520853877,3.0,3.0,2.894644139523209,1.1465525906749674,11875.041586036952,0.0308380905213386,15.69732137521108,15.766902923583984,0.0022200530814616,0.988499560628503,1.0055800180053995,2.786807136343646,11928.655478435645,20700.259075392343,0.1363256942480802,1.1728262901306152,1.1712325212828951,55.58417774963379,0.3616370908579098,9248065.338107465,3370.2664944820285,0.7768047042339795,33486.933204243,-500.97666594244674,0.0247695174927893,0.0142238466981443,0.0003911429795518,1.57568864216989,-0.0786671340465545,0.0002482362118117,15.993055555555555,1.0,0.0,0.0,,,
PolyX_linker_PolyGGGGS_49,linker,PolyGGGGS,49.0,250,49,3.008982710777016,0.3730382372313269,3.0,3.0,2.889772582206602,1.1420302348631204,12991.237560798563,0.0294463189110781,16.25003787449428,16.34404754638672,0.0033996918484163,0.9883244472790452,1.0092515869171312,2.821703743319553,12640.601718562804,21540.19742649524,0.3627406865358352,1.5068788051605224,1.1758127444438522,57.78261882019043,0.3984114728841738,11379544.816599645,3826.965804616013,0.789679214641902,37204.39250707204,-518.2023928500155,0.0345583624840432,0.0086417606059392,-0.0152285074896581,1.5949936014980948,-0.0070464732125401,-0.0095476918994534,16.3265306122449,1.0,0.0,0.0,,,
PolyX_linker_PolyGGGGS_5,linker,PolyGGGGS,5.0,250,5,2.9236898266961173,0.4104969573574833,3.0,3.0,6.01032196268551,1.0953785780930694,12617.31585273685,0.9543812965895108,50.1334732055664,50.18865966796875,0.001290175255466,0.933904649768834,1.002606100143926,0.9502705392332343,885.6392102430144,1098.6582791023504,3.82734611146152,53.55357351303101,1.1700317335000965,55.97538463264453,0.3814384972605754,952532.1939241682,3464.1242811961806,0.6688312355855545,564.2878544229078,-0.7003800249018322,0.0367837721931151,0.008791073034212,0.0279034010763415,1.6963440858886536,0.068891629576683,0.0164491398336081,1.6,1.0,0.0,0.0,,,
PolyX_linker_PolyGGGGS_50,linker,PolyGGGGS,50.0,250,50,3.021981696520795,0.3630349264957971,3.0,3.0,2.8365402279194054,1.1464711794588818,11816.005332669276,0.0290129904226844,15.341796703338623,15.490812301635742,0.0041742862699082,0.9878083677039672,1.0104303417536578,2.586868941929085,13383.244466220223,22400.306592222347,0.2128647152334451,1.1499420881271365,1.171989355255591,55.493601997375485,0.3422579252727307,10411473.009649698,3572.28798728044,0.8327744180679555,37875.55520255498,-531.0017367648604,0.0245159978589522,0.0079479225037221,-0.0082665346625982,1.569944792260893,0.026299824938178,-0.0052654938586515,16.66,1.0,0.0,0.0,,,
PolyX_linker_PolyGGGGS_6,linker,PolyGGGGS,6.0,250,6,2.9251872197080098,0.404060081466425,3.0,3.0,5.7233840042773805,1.0900913110790131,11482.044317947018,0.2943519550312642,43.65796407063802,43.7359504699707,0.000896026924917,0.9610307148267172,1.0018790967235918,1.329661348854786,462.0290673669837,733.974310130247,2.5952901896089315,34.95805375576019,1.1761175487578637,53.04304766845703,0.3989319067573798,1342572.1029886317,3115.0811822412184,0.6714353515599482,1165.302367829647,-22.01362371346876,0.039502905112189,0.0107037184279528,0.0115468894688632,1.6780215066993545,0.0359560474753379,0.0068812523689804,1.9444444444444444,1.0,0.0,0.0,,,
PolyX_linker_PolyGGGGS_7,linker,PolyGGGGS,7.0,250,7,2.9527499216733686,0.389424268317826,3.0,3.0,5.304871191691313,1.0940006597683831,11239.930036438269,0.1978031565837734,39.99101638793945,40.00766372680664,0.0001915356564674,0.9926225297465407,1.000396311989697,1.2770342594659465,433.912798573041,820.064500249754,1.539312954992056,16.44564847946167,1.1701200398233684,52.15934429168701,0.3424594536366116,1285087.028628026,3192.732595275761,0.7294170750012302,1558.7770653129155,-34.030140774703085,0.0318897032177831,0.0079091863831773,0.0012002865388687,1.637798471362329,0.0143469842150807,0.0007328658316533,2.2857142857142856,1.0,0.0,0.0,,,
PolyX_linker_PolyGGGGS_8,linker,PolyGGGGS,8.0,250,8,2.9931308033605526,0.3562058398396208,3.0,3.0,5.118296547898235,1.1040534249268428,12613.30819983689,0.1901679845780144,39.62771654129028,39.673805236816406,0.0008033131499344,0.9759860607459586,1.0021193222755267,1.559581156259877,652.3958252082133,1125.7326661057605,2.7746251113712788,37.58008694648743,1.169078144241022,56.44643245697021,0.3615623735498185,1372919.6838873702,3835.797354130612,0.853739965815696,1748.9126839920318,-39.836339058563205,0.0342645225335865,0.0079853033131175,0.0078063100596836,1.5532915050843028,0.0084350826218724,0.005025656828502,2.625,1.0,0.0,0.0,,,
PolyX_linker_PolyGGGGS_9,linker,PolyGGGGS,9.0,250,9,2.9536139645724124,0.3889221167715191,3.0,3.0,4.7469861570139065,1.0933833008954126,12661.94481234487,0.1125043940173989,37.43331146240234,37.50939178466797,0.0013151687963244,0.9811200706617238,1.0033773364099103,1.8891591637540213,321.3400838692113,983.325104952932,0.3976095926016569,2.4075433015823364,1.169979276318463,55.36387693786621,0.3787292559842682,1946129.3763789933,3617.458696072461,0.734582408760993,2376.8135377366816,-58.98860076688571,0.0321278501308306,0.0079384739997659,0.0025749427400853,1.6364526150361456,0.0021956264972686,0.0015734905589497,2.962962962962963,1.0,0.0,0.0,,,
HET_ALT_EL_10,HET_ALT,EL,10.0,250,20,3.0002073864336394,0.3615952102259879,3.0,3.0,3.580369553167545,1.1133963345907514,11302.294101387037,0.0531325921690859,23.72452230453491,23.788599014282227,0.001501482509135,0.9854890375104212,1.004267404161725,2.458204432785546,1421.4861960381554,4145.32331389087,0.4847796358168125,3.808309054374695,1.172391443197321,52.98342010498047,0.3597319411061084,2165312.3853357336,3504.5940754366607,0.8575282760104969,5952.8858774091295,-176.09788443658468,0.0335358105419264,0.0074652477768681,-0.007108617748287,1.5664042877153044,-0.0919267833232879,-0.0045381756188892,6.65,1.0,0.0,0.0,,,
HET_ALT_EL_12,HET_ALT,EL,12.0,250,24,2.992770881930006,0.3706781036512008,3.0,3.0,3.527440335469324,1.1139626772324196,12607.888777874785,0.0383112607938777,22.87396542231242,23.04775619506836,0.0041674903390311,0.9864844390909696,1.0107069756618827,2.5786291738911524,2101.84008981992,5923.81447939942,0.128730247169733,0.2822574853897094,1.1767233033454183,56.10603495025635,0.3638028790513214,3715917.7100221487,3807.349364896834,0.8146731972627623,9789.589081210106,-234.8648205773436,0.0282888999302848,0.0096889446772091,-0.0071412159761913,1.5890119282386352,-0.0065322695299983,-0.0044941235800902,7.986111111111111,1.0,0.0,0.0,,,
HET_ALT_EL_15,HET_ALT,EL,15.0,250,30,2.985327591932851,0.375910803183399,3.0,3.0,3.508228659920836,1.119243458102637,13608.384772861576,0.0261420731958775,21.255496660868328,21.38207244873047,0.0022244656837454,0.9904652662152524,1.005647339825924,2.413946559597144,4893.276529440917,9932.6034766451,0.1066029920591972,0.2991619110107422,1.1692909705375838,58.27196952819824,0.3604503977509707,10097701.525091872,3877.3466770801433,0.7579546927072665,21866.79178575922,-327.9788314558882,0.0324671258603789,0.0121197965086305,-0.0183705780070249,1.602335058996169,0.0252677612006664,-0.0114648792727454,9.988888888888887,1.0,0.0,0.0,,,
HET_ALT_EL_18,HET_ALT,EL,18.0,250,36,3.00090789658772,0.3714248651354053,3.0,3.0,3.4319324629419965,1.1343750608192875,12040.159247732972,0.0220515634999218,18.25062460369534,18.598464965820312,0.0087970969520327,0.9830520423875192,1.0225205096076952,2.6200616858240693,8897.478556583485,14671.641500657466,0.1813983064144849,0.3798763275146484,1.1681836556090668,55.80694348144532,0.3130454302750438,14907348.517564977,3392.600747414709,0.7586291879425271,34914.494218455606,-411.9521479473592,0.0236254027512174,0.0087280037811957,-0.0059492783535156,1.590899710367029,0.2159030884504318,-0.003739568443173,11.99074074074074,1.0,0.0,0.0,,,
HET_ALT_EL_2,HET_ALT,EL,2.0,250,4,2.96309536218359,0.3746983658541784,3.0,3.0,6.650743588738926,1.0927084409851162,12674.702475937467,0.5508110134414007,56.17829513549805,56.18582534790039,0.0001780079124735,0.9903774589993616,1.0003256880540476,0.5623351446188083,6.055016267733593,150.0516790307045,0.0807901985011994,-0.4465499401092529,1.1705954813638044,55.781323223916,0.3201658642348249,560114.7812408331,3602.8447560754,0.7586229492556635,525.6269905920877,-7.156362151116673,0.0354349345109163,0.0184147991338942,-0.0121773395386855,1.599228189073944,-0.1020089611411094,-0.0076145103126124,1.25,1.0,0.0,0.0,,,
HET_ALT_EL_20,HET_ALT,EL,20.0,250,40,3.0092171005781183,0.3778921092246864,3.0,3.0,3.478558253181973,1.1494370425573894,11137.63359806972,0.013869053573794,16.652881813049316,16.908252716064453,0.0055673905795046,0.9861183485813334,1.014451726900892,2.610362699125003,14867.991824515648,19757.06944797893,0.1645704724825918,1.051807951927185,1.1698709313868456,54.04546244812012,0.3152308580182288,40322204.404589646,3045.846031981724,0.7236810422532861,94214.62934357017,-513.3714244748933,0.0307696830238445,0.0082794963362686,-0.0104836775103144,1.607438219042249,-0.0251024272292852,-0.0065219785031045,13.325,1.0,0.0,0.0,,,
HET_ALT_EL_25,HET_ALT,EL,25.0,250,50,3.0450466800062426,0.381353304906069,3.0,5.0,3.708603882242255,1.175478845119217,12524.4155011883,0.0031380752313284,15.794318046569824,16.222511291503906,0.0101834571660723,0.9830964214585248,1.025687042434867,2.601926404475162,21041.78511560343,26419.915938560705,0.1406361632980406,1.7408470630645752,1.1663704454178143,57.83828405761719,0.3343112389455723,271934339.1518989,3470.152475761648,0.7265467698507266,879013.7957690759,-864.6217596944844,0.0397651725724242,0.0075415906356756,-0.0106810973067264,1.616431491399412,0.0770070403814315,-0.0066078255483741,16.66,1.0,0.0,0.0,,,
HET_ALT_EL_3,HET_ALT,EL,3.0,250,6,2.948622945925271,0.3884543787217558,3.0,3.0,5.705606731329855,1.0975849131659388,13066.896964919506,0.3037654225588365,46.57362365722656,46.67399215698242,0.0010696100946171,0.9581748827063294,1.0022037764981917,1.3296613488547369,261.71857921712484,542.8648331235221,1.65320942227263,23.394582188129423,1.165163838804465,56.33398078155518,0.3229645091571647,776249.4691187365,3551.3383155794018,0.6996479390069137,893.5001885618485,-21.44699112239058,0.0341720577595239,0.0089605596251272,0.014151848688144,1.6352009812609136,0.0335608646273613,0.0086545010976974,1.9444444444444444,1.0,0.0,0.0,,,
HET_ALT_EL_4,HET_ALT,EL,4.0,250,8,2.980945475952596,0.3719104728733466,3.0,3.0,4.838225741794922,1.0980057484666443,12153.967039468984,0.1543499755268189,38.89947080612183,38.91165542602539,0.0002362618022356,0.9909930733396484,1.0005396640681907,1.7328679513998633,273.78203782486355,775.3558420647498,1.0689903201535345,11.56303389072418,1.173712408510444,54.41721311187744,0.4241599643338864,988085.5301362884,3738.2851353478727,0.8270199032042923,1364.349585107985,-44.84478434176795,0.0418682960040118,0.0094083394540377,0.00125048550068,1.5921297152887433,-0.0180184543132781,0.0007854168467515,2.625,1.0,0.0,0.0,,,
HET_ALT_EL_5,HET_ALT,EL,5.0,250,10,2.983408785759625,0.365104948397751,3.0,3.0,4.363323263548621,1.098628718180986,12939.878352017522,0.1019917914958434,35.90001792907715,35.946441650390625,0.0006761861346405,0.9875977636793803,1.0017645944439213,1.6957425341696766,110.33441537160064,911.8640101183782,0.1248714402318,-0.243504524230957,1.1681199093867043,57.587022583007816,0.4166373436242704,1055550.580597201,3892.34129877936,0.8238781811907088,1889.39017899248,-68.48588814503648,0.0358105427556382,0.0230329616327897,0.0126648302501064,1.5750634651764197,0.0310560800135135,0.0080408380546645,3.3,1.0,0.0,0.0,,,
HET_ALT_EL_6,HET_ALT,EL,6.0,250,12,2.9922502410887235,0.3529379357350256,3.0,3.0,4.19606048446522,1.105261389345045,12657.328804347188,0.0931217935134017,32.412254651387535,32.59496307373047,0.0019703510461842,0.96773526675625,1.00296261446035,1.6762349391347309,412.9844989262809,1492.2927526998426,1.3635964545421302,18.39270088672638,1.1689207899353455,56.261619071960446,0.3547212133098705,931251.8849247614,3800.9553012179854,0.850848738001648,2382.112262901461,-85.45849301974862,0.0285985911052744,0.0090636585454568,0.0128132654421397,1.5454468052240753,-0.0585674829781055,0.0082909779864295,3.9722222222222223,1.0,0.0,0.0,,,
HET_ALT_EL_8,HET_ALT,EL,8.0,250,16,2.975331482833944,0.372067216387791,3.0,3.0,3.6831190544079737,1.1026023766255229,12110.129422664186,0.0614407268283235,27.45642864704132,27.477436065673828,0.0003261811426459,0.9943536313229892,1.0008582627727436,2.067975912293976,475.3643082737468,2380.07659769311,0.1339617650955915,-0.1653822660446167,1.1742095320786374,55.04357969665527,0.4059457574778397,1584217.194297778,3497.6435396664106,0.7762566914212415,3935.657082001149,-133.90475290202232,0.0388657606946441,0.007663379217018,-0.0139411399287514,1.5925271400028824,-0.0216156728565692,-0.0087540988016385,5.3125,1.0,0.0,0.0,,,
HET_ALT_GS_10,HET_ALT,GS,10.0,250,20,2.944498582789509,0.3906178660371597,3.0,3.0,3.577452258592164,1.09829853993099,12530.790190187774,0.0564787192066711,24.980623054504395,25.068803787231445,0.0017150560316399,0.9907328450020638,1.0045779644842123,2.4843668399738013,1053.4031735781468,3752.2617602666496,0.6063908054027707,4.1597325801849365,1.1707055469748655,55.4976350479126,0.3352925178861529,2207508.762943158,3408.943698041925,0.696448916330108,6058.765098153653,-172.4334811737095,0.0278487765638437,0.0048552120235384,0.0126778085977243,1.6410064297372056,-0.0377407558262348,0.0077256300567829,6.65,1.0,0.0,0.0,,,
HET_ALT_GS_12,HET_ALT,GS,12.0,250,24,2.9819674081537,0.366800326836195,3.0,3.0,3.451862561214907,1.1070256908307572,13199.52696445587,0.0479670431959881,23.404686609903973,23.43994140625,0.0013597047248793,0.9892103879599192,1.0034874722838392,2.405342378751121,1481.271588825269,5190.809276072388,0.0945454102009534,0.1153499603271484,1.1706875184415633,58.364483543396,0.3859514684282484,2260774.905025876,3838.392192211954,0.7927956630554066,7978.168297790436,-218.68135868857607,0.0183455555872487,0.0064185567024171,-0.001999383859691,1.5792806635598278,0.2497216761112213,-0.0012660092064051,7.986111111111111,1.0,0.0,0.0,,,
HET_ALT_GS_15,HET_ALT,GS,15.0,250,30,2.927778611579372,0.4048871787322147,3.0,3.0,3.222555294573161,1.1020087321462766,12826.382300900175,0.0423783093455691,20.63576806386312,20.70798110961914,0.0015123500339113,0.9901561068307076,1.003943760078498,2.6906085963100232,3001.9700329556085,8160.031907426254,0.1319786254316568,0.1832146644592285,1.172560464417067,56.90319900512695,0.3823993337290798,3782508.827043582,3426.1645433573854,0.6597357395923319,11464.851884083144,-284.50067462529546,0.0279804862070564,0.0100787652609944,0.0026239981961155,1.6803536476825898,0.0322596840560436,0.0015615749693989,9.988888888888887,1.0,0.0,0.0,,,
HET_ALT_GS_18,HET_ALT,GS,18.0,250,36,2.9548462884105926,0.3806822529248556,3.0,3.0,3.055615857029111,1.110777928784235,12925.78194990016,0.0369688489208703,18.91058105892605,19.025070190429688,0.0030002598919085,0.9863837175043751,1.0082379658836065,2.6326735378996826,5054.938124092437,11677.542603333444,0.1675603706389665,0.5687096118927002,1.171059454006951,56.001470390319824,0.3323082152996681,4786744.239490446,3454.887149424156,0.702124956389719,16406.35383840461,-356.14939969615125,0.0430416312594255,0.009677775848767,-0.0024328401898095,1.614680032540172,0.0278703533113002,-0.0015067011052534,11.99074074074074,1.0,0.0,0.0,,,
HET_ALT_GS_2,HET_ALT,GS,2.0,250,4,2.974728968301465,0.3642294237606935,3.0,3.0,6.170769117352944,1.0990029521844178,12372.613126606318,2.183170529152335,55.50477600097656,55.52641296386719,0.0003273682841628,0.978863921793648,1.0006704426585349,1.039720770839918,929.4260318476082,1081.173345513179,3.429263000190258,46.24747428894043,1.1728524437744583,55.127259256661226,0.4182440118578665,587039.5806044103,3554.0199414146614,0.7886483520265366,245.83642721036748,9.36933832135655,0.0458670693767178,0.0107477921052775,-0.0010683199217546,1.572894432949656,0.0864305645227432,-0.0006792063722186,1.25,1.0,0.0,0.0,,,
HET_ALT_GS_20,HET_ALT,GS,20.0,250,40,2.993146318821436,0.3737865667967928,3.0,3.0,2.954541465678479,1.1214398933007763,12919.418607231935,0.0347293352211713,17.935801219940185,17.99293327331543,0.0013260521653084,0.991665775905768,1.0039631503851123,2.432889729614448,6883.707030648318,14386.560770297156,0.1617470354889519,0.4500224113464355,1.1742764125084224,56.96922733306885,0.3499698711678766,6101528.447352047,3876.935930279484,0.8028269894641831,19999.526676650043,-403.220464450267,0.0353450978745377,0.0067664523678726,-0.000196242922255,1.5968996303461578,0.066697359085083,-0.0001228899540794,13.325,1.0,0.0,0.0,,,
HET_ALT_GS_25,HET_ALT,GS,25.0,250,50,3.02246542511721,0.3644874774956764,3.0,3.0,2.794035033026782,1.151628672306894,11567.98870958626,0.0308103914082613,15.179214839935304,16.2528018951416,0.0105762155797986,0.9671216767972124,1.0091228331103712,1.228779210219395,13475.421742501814,22446.030443177748,1.7190478455275298,24.53089303970337,1.170919454315535,54.23100730895996,0.3693774824206406,9869710.822448123,3343.6195518460654,0.7930058442103779,34453.87283011035,-521.9854859322558,0.0320627125027113,0.008058525152991,-0.0064525044023991,1.5735331163253303,-0.1313387751579284,-0.0041006473489783,16.66,1.0,0.0,0.0,,,
HET_ALT_GS_3,HET_ALT,GS,3.0,250,6,2.975490186198307,0.3891977605899762,3.0,3.0,5.766113821923027,1.1145945807055682,12002.618157572851,0.4667651028260504,44.63653246561686,44.811973571777344,0.0026997268516761,0.9428270136282352,1.005924449967015,0.6365141682948128,609.6741398387048,879.4551747151158,3.333535583689809,45.066859936714174,1.1707538130513178,54.378747573852536,0.3777408870854405,865319.396201428,3390.4465769318003,0.7257893361212422,850.1197271721292,-13.714724428871552,0.0294202113990917,0.013212992755365,-0.0222476531342653,1.6371911160081924,0.0578939616680145,-0.0135889163551966,1.9444444444444444,1.0,0.0,0.0,,,
HET_ALT_GS_4,HET_ALT,GS,4.0,250,8,2.980592443174227,0.367140375027848,3.0,3.0,4.918790570923902,1.0987409877607472,12550.740280940316,0.1681296594397016,39.52931547164917,39.5580940246582,0.0005279624223509,0.9820512847957718,1.0013458211953483,1.559581156259877,399.042282594962,902.1549066405928,1.695695101842284,21.550002932548523,1.169400385150062,55.50899301147461,0.3464985632264232,1100859.0582808943,3728.0250700557785,0.8090536740384799,1461.6388120145784,-42.79247541064335,0.0315960158328781,0.0091567386146055,-0.007843630332851,1.5801292427906164,-0.0186775792390108,-0.0049639169505541,2.625,1.0,0.0,0.0,,,
HET_ALT_GS_5,HET_ALT,GS,5.0,250,10,2.966798119601216,0.3803260625236406,3.0,3.0,4.606129996900148,1.1019978570691469,12968.881985826194,0.1235864136433201,35.9402156829834,36.009525299072266,0.0010990408153326,0.9747835830515534,1.0026394641943803,1.8866967846580456,393.9075596546425,1168.9190609741531,1.5787005658261477,22.866606020927428,1.1727971843486449,56.06124510955811,0.3613721457909292,1402773.618995825,3663.406212176106,0.7427222800729885,2192.034428901064,-62.7244396402409,0.0366789812721575,0.0093239049536355,0.0019717150877527,1.613751909710016,0.0331121757626533,0.0012218204519335,3.3,1.0,0.0,0.0,,,
HET_ALT_GS_6,HET_ALT,GS,6.0,250,12,2.949221860906422,0.3889662518755428,3.0,3.0,4.128701528130509,1.0937474159459086,11638.498687785548,0.0793440493963738,31.080461502075195,31.10850143432617,0.0005583393965383,0.9901990831095706,1.0012508980373025,1.7045514452672743,184.7746968978612,1308.9216507571748,0.1054526256397366,-0.206423282623291,1.1691531089240852,53.843356071472165,0.3383666948552152,1577509.8267486976,3249.829288923719,0.7178796864710866,3127.3365279272693,-91.22262544782754,0.0293275183006777,0.0064369324030281,0.0149879344527961,1.6365708163738233,0.050727941095829,0.0091581337647761,3.9722222222222223,1.0,0.0,0.0,,,
HET_ALT_GS_8,HET_ALT,GS,8.0,250,16,2.985483626000742,0.3684127132704833,3.0,3.0,3.7446658031946094,1.1021381520745974,12601.719014932398,0.0635903550380259,28.008154273033146,28.03818321228028,0.0006086579986792,0.9895912175591438,1.001474582869431,2.479955520544517,470.7864514504274,2356.156237405169,0.128555916622281,0.1318536043167114,1.169681455123387,55.37023326873779,0.3626189672185836,1911302.861091672,3845.4771105444056,0.8282965078718293,4476.915685663127,-132.2540861354433,0.0345377177503764,0.0120526154454842,-0.0043457664137198,1.5833124272944077,-0.0730125904083252,-0.0027447308178282,5.3125,1.0,0.0,0.0,,,
HET_ALT_KE_10,HET_ALT,KE,10.0,250,20,3.014987957996901,0.3596665059089596,3.0,3.0,3.744032492789121,1.1292370436271957,13092.96960248376,0.0646641493976659,25.534718990325928,25.73046875,0.0035030988138619,0.9708860082179788,1.008451044312146,2.4843668399737946,1430.1014329720329,4041.591202461031,1.96215600790456,24.91221826076508,1.1733698224519564,58.35665349578857,0.3850043215757567,2044927.1913425468,3934.076416461839,0.8354195536789232,4929.484027473035,-164.31289967820484,0.0365510998449127,0.0086127024148823,0.0012884662232591,1.561686229485012,0.0311506632715463,0.0008250480787049,6.65,1.0,0.0,0.0,,,
HET_ALT_KE_12,HET_ALT,KE,12.0,250,24,2.9601436405579657,0.3901696510526727,3.0,3.0,3.569414552104991,1.1206033234942858,11695.423117979864,0.0541644348546348,22.030823866526287,22.14908218383789,0.0024263954760152,0.98770146781323,1.006285414496531,2.3948143979504937,2272.8439685035382,5781.826298884515,1.0320066805928945,12.08949511051178,1.1748706130228883,54.99914935302734,0.3876048032694471,2141267.3681017985,3108.636598089172,0.6812406145848099,6647.56576119217,-209.9326147330414,0.0252889093100637,0.0097343333830826,0.014968386834021,1.6398003177870255,-0.0452460385859012,0.0091281765656129,7.986111111111111,1.0,0.0,0.0,,,
HET_ALT_KE_15,HET_ALT,KE,15.0,250,30,2.994675780105586,0.3735063944893934,3.0,3.0,3.5221579673392203,1.1333140752380544,13061.256339054957,0.0403532857751446,20.823796399434407,20.928783416748047,0.0027234290534893,0.9883657149305682,1.0074185129494138,2.765586615592566,3458.566502996085,8552.840991733912,0.2141642404720187,0.3004960298538208,1.1765632491850584,57.98848509216309,0.3795704259414769,3390758.089483647,3616.574681175604,0.7413348952513895,10593.691518393567,-288.9074199564509,0.036700211773278,0.0158632697774957,-0.0186502053077378,1.596185485700173,0.1014523357152938,-0.0116842343660257,9.988888888888887,1.0,0.0,0.0,,,
HET_ALT_KE_18,HET_ALT,KE,18.0,250,36,3.017081875394777,0.3828360013829468,3.0,4.0,3.47440946381591,1.157243971044957,11995.909555507906,0.0338466282245469,18.21768898434109,18.33881187438965,0.0028206580830848,0.9877814391024632,1.0069857509945972,2.292365766299076,6575.336664274051,12853.344066116872,0.555284046754241,3.57414984703064,1.1684334636009832,55.45666487884522,0.3661820480466139,6375052.119001716,3355.2096329809933,0.730589970292693,17712.397260230904,-365.6789147704293,0.0291315167974262,0.008069170473412,-0.0060805692658579,1.620314863214331,0.0329566672444343,-0.0037527084417532,11.99074074074074,1.0,0.0,0.0,,,
HET_ALT_KE_2,HET_ALT,KE,2.0,250,4,3.06187210774496,0.3562751846987469,3.0,4.0,6.211253898952238,1.1622997603348402,13722.668426658074,5.906008808026049,58.45362663269043,58.93669509887695,0.0058770127031022,0.6952112466882895,1.012319043814002,1.039720770839918,1006.845239913722,1126.7829964326538,4.641144990059547,62.08233182430267,1.169252007131323,59.03540340696035,0.4089007495729089,528803.8970180043,4145.203904383731,0.8478553302313194,225.8837508238055,21.31164331889169,0.0310796087066245,0.0063338944890802,0.0038125342757917,1.5534588324546967,-0.0117913838475942,0.0024542229223557,1.25,1.0,0.0,0.0,,,
HET_ALT_KE_20,HET_ALT,KE,20.0,250,40,3.059685496921479,0.3572559574693933,3.0,4.0,3.504719124585164,1.1687402309082848,12410.92615580969,0.0236071395034852,17.579214429855348,17.698192596435547,0.0032561968791627,0.98781012559834,1.008579855758255,2.761625712197784,9790.433710979283,16529.50200905929,0.108342193858698,0.1429940938949584,1.1679999246362474,57.90500633239746,0.3393028921771381,10607195.416050622,3782.6737438612654,0.853129999333851,32278.912794137625,-449.5447277356336,0.037444478020882,0.0094381461619193,0.0041992896202957,1.5558292785769092,-0.2010580599308014,0.0026990683861322,13.325,1.0,0.0,0.0,,,
HET_ALT_KE_25,HET_ALT,KE,25.0,250,50,3.078353297718321,0.3729011381292123,3.0,5.0,3.444225195590884,1.2013646044646644,12827.67111871634,0.0131999214186207,15.98469232559204,16.426788330078125,0.0081134491022369,0.9792251934447316,1.019026954676121,2.354135950161074,22291.772299857224,27421.039901588632,1.0439693023450674,10.657920813560484,1.16055685382564,61.53243992614746,0.311603086474125,79944493.36421226,3500.4364532018867,0.7317802299561579,169224.85937825177,-649.131643459094,0.0265955866295979,0.0075435876607514,0.0093654431156905,1.5946448970051676,0.0121416207402944,0.0058730587183968,16.66,1.0,0.0,0.0,,,
HET_ALT_KE_3,HET_ALT,KE,3.0,250,6,3.0391624847106704,0.3611420609703324,3.0,3.0,5.82187478864373,1.1393889472063714,12494.652694044857,0.4155849887707658,45.54079373677572,46.40200424194336,0.008459487270785,0.8229511140467142,1.0117902593506354,0.4505612088663047,492.1396131747198,749.5018824114924,2.9155778509564696,42.56096167564392,1.1705038478091994,56.28842900848389,0.4082501557947659,869542.7142254226,3674.092661192382,0.8142313955382278,875.3432706215171,-15.805226429290464,0.0288942253337151,0.0083675113563222,0.0161431290166245,1.565293219207473,-0.0656441003084182,0.0103131661323919,1.9444444444444444,1.0,0.0,0.0,,,
HET_ALT_KE_4,HET_ALT,KE,4.0,250,8,2.969853223736421,0.3594875143777862,3.0,3.0,4.841367467039095,1.0952531176185347,13266.856034275232,0.1386743881621073,40.64139986038208,40.66046905517578,0.0003272096098824,0.9867013668577328,1.0007281256265823,1.9061547465398496,70.91071842579706,610.9756736827114,0.1209265660494565,-0.1691617488861084,1.172071027545614,56.888331779479984,0.4089316901254672,929252.031940036,3779.082350624276,0.7923818664633209,1447.082647047293,-47.41503885713031,0.0222247428209931,0.0074574572986843,-0.0191751260708746,1.561249815495117,-0.0569457486271858,-0.0122819076609885,2.625,1.0,0.0,0.0,,,
HET_ALT_KE_5,HET_ALT,KE,5.0,250,10,2.9410553723942585,0.4096370607229411,3.0,3.0,4.766875256861514,1.1115375505702028,13672.060167148777,0.1544246908649587,36.90163879394531,37.135101318359375,0.0021390765509667,0.9574610296507836,1.001618959269415,0.9433483923290392,576.3692899165261,1297.9562900953345,3.028270848467946,44.80880987644196,1.169922464461021,58.35104052734375,0.3992952550633173,1270215.0907440395,3755.8679989357406,0.6706209526435271,1850.591249187897,-56.04146199245963,0.0347047275781627,0.0091940834669771,0.0024223471708252,1.6938732658668765,0.059727631509304,0.0014300639956334,3.3,1.0,0.0,0.0,,,
HET_ALT_KE_6,HET_ALT,KE,6.0,250,12,3.009818895649141,0.3655804550983326,3.0,3.0,4.491589658859149,1.1322502437407087,12714.011253016984,0.1720819940470972,32.48445129394531,32.971832275390625,0.0047020817422483,0.9362142850417544,1.004627145563554,0.9830877585747853,1390.2683804481476,2291.142891480319,4.225882251444273,56.55888135433197,1.174691511846932,56.26154008483887,0.4014290334198211,1130022.11753138,3657.287058580508,0.7868527891475071,2098.063495325252,-63.35223121284201,0.0307463059040392,0.0104262869496371,-0.0046286406015304,1.576243998212565,0.0748615711927414,-0.00293650006375,3.9722222222222223,1.0,0.0,0.0,,,
HET_ALT_KE_8,HET_ALT,KE,8.0,250,16,2.99954344544013,0.358673238437429,3.0,3.0,3.964933862495895,1.1219963936826385,12310.9145258469,0.0863533054057926,27.68302273750305,27.868120193481445,0.0024720207857267,0.9704593291787748,1.0050198654752962,1.8080457195839967,1108.212378406167,2822.093958986594,2.95456320871599,36.43333141803741,1.170993836481547,55.7227763671875,0.3493871596575003,1336073.630095779,3558.681487057117,0.8059346517782778,3626.464607624016,-117.566793043555,0.0315020079450835,0.0060104308032853,0.0076397685498815,1.5592675371343212,0.0517844557762146,0.0048995880228688,5.3125,1.0,0.0,0.0,,,
HET_ALT_KL_10,HET_ALT,KL,10.0,250,20,3.0077767395270496,0.3458831249235958,3.0,3.0,3.641423334867942,1.1161502633315885,11870.941546472955,0.0455327911267752,24.3138916015625,24.501649856567383,0.0035761466367082,0.9845756789603152,1.0090262973277706,2.415052121917807,988.6716827096,3784.7699989316834,0.1357356268912553,0.0223671674728393,1.174249878787154,54.77661213684082,0.3812007681110925,2029993.3156891896,3673.208899195354,0.8946045183693593,6304.74231350758,-185.3593510789057,0.0286864426985401,0.0121227676936018,-0.0121006092528208,1.5287787826650931,0.1056815758347511,-0.007915212710458,6.65,1.0,0.0,0.0,,,
HET_ALT_KL_12,HET_ALT,KL,12.0,250,24,2.9875968827403114,0.3807380617236769,3.0,3.0,3.650978046718567,1.1175540290478545,13173.011801811306,0.0407952109152708,23.38096785545349,23.6325626373291,0.0043475506313925,0.981741753242397,1.010745120586531,2.3039761017241176,1933.5248059395856,5671.075772771361,0.0979657941730693,0.038907790184021,1.1725805472379136,57.47006566619873,0.3381450523270521,2554658.769284752,4023.526680805373,0.8022237403737208,8249.592566916694,-230.34172122226505,0.0362920022847436,0.0079082683531693,0.011542007675535,1.614825549885138,-0.1297259628772735,0.0071475260443094,7.986111111111111,1.0,0.0,0.0,,,
HET_ALT_KL_15,HET_ALT,KL,15.0,250,30,3.0037269182192974,0.3675460261418914,3.0,3.0,3.65436518645126,1.1290791884860103,13331.530470615186,0.0260913656490072,21.03806902567545,21.23372840881348,0.0038207275355279,0.9814286168896444,1.0098256553077851,2.5458641578589543,6036.675882661638,10918.731941551694,0.828891382808797,6.745107746124267,1.1754572389576192,58.72710090637207,0.3533344267418297,8401795.176736815,3872.750126934055,0.7903650648535601,22032.690626456617,-328.1535731655822,0.0276112047237302,0.0082797506955162,-0.0029596901797718,1.5811427255327053,-0.070798136293888,-0.0018718678154671,9.988888888888887,1.0,0.0,0.0,,,
HET_ALT_KL_18,HET_ALT,KL,18.0,250,36,2.9987125447497704,0.3774501771054477,3.0,3.0,3.679173370213408,1.1418409897943684,13021.996727261536,0.0169292828525474,18.980764124128555,19.188438415527344,0.0040229572414161,0.9832185946347256,1.0101909813539656,2.480563649693077,12258.545878251329,17079.470115557007,0.824245971813798,7.503040671348572,1.1707145788980158,57.72442594909668,0.3847985545103344,25243394.5108296,3551.5048826372863,0.722562137635992,56523.2861571862,-440.5007222254985,0.0308072411835413,0.002095897064966,-0.0120753751902272,1.6062971399630137,0.0660323947668075,-0.0075175226855932,11.99074074074074,1.0,0.0,0.0,,,
HET_ALT_KL_2,HET_ALT,KL,2.0,250,4,2.952677268140958,0.3850612503553093,3.0,3.0,6.654959149529565,1.099125067909403,11918.045180768748,1.2764883539905834,54.4752197265625,54.837032318115234,0.0038364015928325,0.8545972396241402,1.0063544738873254,0.5623351446188083,479.442302386368,590.7920785688655,2.5128608126658944,35.08502418994904,1.1704673235724483,54.09770876062168,0.377298461865297,559567.7458113048,3241.1408569382584,0.7062574812864143,382.8699306464935,2.929354049500467,0.0314524182097045,0.0103358619316141,0.0196635358914281,1.626178217875839,-0.0133151058107614,0.0120918701739247,1.25,1.0,0.0,0.0,,,
HET_ALT_KL_20,HET_ALT,KL,20.0,250,40,3.0100036156400187,0.3764172003408582,3.0,3.0,3.69197160021432,1.1489112824516932,12212.85507171543,0.0071397484399292,17.43827919960022,17.645841598510742,0.0046282911049933,0.9864110122106236,1.0115446935251369,2.540600354435699,17716.418306302447,20979.952358350707,0.1708958150353282,1.5164039850234985,1.1667007936626117,56.312512084960936,0.3057944650276198,143272335.96372402,3340.1749339473527,0.7265785105349785,351041.3039344577,-593.0492931882571,0.0363692064182471,0.0129454610222493,-0.0005788612433172,1.6036362782081424,0.0244876705110073,-0.0003609679146994,13.325,1.0,0.0,0.0,,,
HET_ALT_KL_25,HET_ALT,KL,25.0,250,50,3.0295325507398942,0.3963915629413985,3.0,5.0,3.927678750254085,1.1760043301844294,13177.545026781849,0.0012716525038812,16.200649032592775,16.66820526123047,0.0116575265249228,0.9828077489902354,1.0302793563070487,2.518390641501306,18232.46914930544,24773.593771300988,0.4059237398207188,3.73425714969635,1.1653705770338845,60.252996017456056,0.3179536907986928,516024375.5623365,3597.9677259338173,0.6888082695252469,1965901.7033381264,-1000.1155094170622,0.0247761992382489,0.0053691271546724,-0.014888106080213,1.6567031515878476,-0.0182418040931224,-0.0089865864412976,16.66,1.0,0.0,0.0,,,
HET_ALT_KL_3,HET_ALT,KL,3.0,250,6,2.95671102715045,0.3685244691196544,3.0,3.0,5.489203141711497,1.0922467657759,12064.690274057786,0.2213614261463445,44.751967112223305,44.76316452026367,0.0001645503076951,0.9884997311400192,1.0003921343117352,1.3296613488547582,89.99186586176388,417.6671131284712,0.432947344565764,3.0648810505867004,1.1697758644563268,54.59712211608887,0.3074166947988017,655377.025643535,3333.148485858724,0.7496734920643182,947.7954275978896,-27.14325292088099,0.027147498779676,0.0085541976576165,-0.0024684837778847,1.583592635182382,-0.0806238278746604,-0.0015587871040108,1.9444444444444444,1.0,0.0,0.0,,,
HET_ALT_KL_4,HET_ALT,KL,4.0,250,8,2.9792802571790333,0.372067659162241,3.0,3.0,4.881016571140117,1.0973434102508834,12523.847657226204,0.1269446428667965,39.48694181442261,39.52899169921875,0.0005324629823306,0.983501894639804,1.0011777997961702,1.6674619334292946,58.13120985597157,596.4548639725458,0.1293025713413954,-0.3466812610626221,1.1710578643415857,56.41394123840332,0.3550558501588708,844848.7759764672,3798.487075522602,0.8151751929960863,1542.4957281038107,-49.53609993721406,0.0291571524976215,0.0111697701121574,-0.0084635755249892,1.5925282629428594,0.0044191093184053,-0.0053145527909299,2.625,1.0,0.0,0.0,,,
HET_ALT_KL_5,HET_ALT,KL,5.0,250,10,2.982808151141426,0.3716156633048265,3.0,3.0,4.486095340307625,1.0994644729497138,13730.971777242074,0.0901143642434788,36.98105239868164,37.1294174194336,0.0021934953686411,0.9732627644785096,1.0054612574259445,1.8343719702816377,120.4691411292651,933.955792048184,0.1095778255723416,-0.1694258093833923,1.1739620657576173,58.04370532226562,0.3600932863831797,986381.031743498,4293.561910384961,0.8414386257145423,2138.4155674893445,-72.2002708314684,0.0334843619290055,0.008905940615393,-0.0053232647644509,1.5913827598874344,-0.0416472218930721,-0.003345056197852,3.3,1.0,0.0,0.0,,,
HET_ALT_KL_6,HET_ALT,KL,6.0,250,12,3.006994887779676,0.3638131786024628,3.0,3.0,4.3333270654514,1.1226633893503228,12363.269087335584,0.0879925078085843,32.03279415766398,32.78311920166016,0.0070815798528786,0.9245938486721074,1.0017699424699282,0.2868359830561606,437.974510609402,1516.8892937514888,1.6107430352363736,22.986242938041688,1.1703368244182977,55.69059047698975,0.3502532799564347,1043085.5839945542,3621.0787133096974,0.8050562332165222,2616.5165493431105,-87.49812957842666,0.0297280174882966,0.0098349819010671,-0.0167420446513073,1.571865317491582,0.1385272741317749,-0.0106510681697332,3.9722222222222223,1.0,0.0,0.0,,,
HET_ALT_KL_8,HET_ALT,KL,8.0,250,16,3.012207807536,0.3536702249231194,3.0,3.0,3.946303601133363,1.1236236487881508,12744.544837889398,0.0683382863956817,28.16603720188141,28.72786331176757,0.0052990024352411,0.9554260377990232,1.0037196779551092,1.040839837423239,902.6815613630196,2692.143611090413,2.4409142875112595,33.624557280540465,1.175425491496228,56.61725643157959,0.3594469467529821,1749730.2096210655,3832.3252530399823,0.8502360845725495,4124.745530507899,-128.79768473798683,0.0363277078618464,0.006516767660893,-0.0026270060468852,1.54719779060318,-0.0560479275882244,-0.0016979122272991,5.3125,1.0,0.0,0.0,,,
HET_BLOCK_EL_10,HET_BLOCK,EL,10.0,250,20,2.952559640524572,0.3819933931158056,3.0,3.0,3.788252825095911,1.100200471042665,13499.04727173974,0.0270841195827377,25.92774705886841,26.04722213745117,0.0025840753331488,0.9868950588235296,1.0071422509616668,1.9899913100731523,2145.579273779159,5004.558515551022,0.1177595119923353,0.0344217538833618,1.1700136859784829,57.93135391998291,0.3729502090978402,11659056.666326243,3665.4024240560607,0.710824998906625,17209.8660321981,-216.52846124586523,0.0246199819720898,0.0063842212299687,-0.006979538880712,1.6181056785811772,-0.0275810174643993,-0.0043134011410186,6.65,1.0,0.0,0.0,,,
HET_BLOCK_EL_12,HET_BLOCK,EL,12.0,250,24,2.978623275761968,0.380983531887727,3.0,3.0,3.841044809212883,1.1095505587911365,12896.917850135893,0.0136720516354761,23.13484764099121,23.197227478027344,0.001299838183074,0.9891084761586584,1.0034018773895852,2.520866908844527,3526.6456902362133,6892.736631620825,0.1713604917749762,-0.1921981811523437,1.175975364505362,55.750120964050296,0.3547279639748335,39632675.65441814,3804.397026375869,0.7742722536849731,71245.17443075276,-309.05290493940146,0.0468326101638087,0.0132858960881224,-0.0073246190043645,1.6154659068272588,-0.0951108187437057,-0.0045340597860691,7.986111111111111,1.0,0.0,0.0,,,
HET_BLOCK_EL_15,HET_BLOCK,EL,15.0,250,30,2.95937862186756,0.3796360578240829,3.0,3.0,3.778902803520576,1.116753409770854,11486.439276728956,0.0082054330110188,19.527789497375487,19.77672004699707,0.0063185129860158,0.9843246497373738,1.0167984952110936,2.846679637214199,4770.5343711852565,9436.453503126091,0.2340258909389376,0.3511949777603149,1.1728245268711184,53.78799810028076,0.3434015465789597,70044066.5456637,3008.34680507811,0.689882335078473,172691.52978541589,-432.2662730967917,0.0372232590781039,0.0066617708025141,-0.0001659063708727,1.611957001389403,-0.0060795843601226,-0.0001029223302603,9.988888888888887,1.0,0.0,0.0,,,
HET_BLOCK_EL_18,HET_BLOCK,EL,18.0,250,36,2.9694681233060107,0.4030115471309955,3.0,3.0,3.7215457940277057,1.1301627892340191,11934.17257054762,0.0056824613767805,18.17065297232734,18.36702537536621,0.0043137136917986,0.9889068310475942,1.0104730854327628,2.3184245915491983,6625.138953541769,12735.884172889357,0.1928608130663633,0.5649425983428955,1.1706897249704007,56.210016448974606,0.3592775476162353,99734745.11491536,3416.007861649441,0.7102464279486592,295748.3080839033,-558.4000167390876,0.0214883275304388,0.0057090918452851,-0.0165264051333691,1.6750742752128696,-0.179028183221817,-0.0098660730314674,11.99074074074074,1.0,0.0,0.0,,,
HET_BLOCK_EL_2,HET_BLOCK,EL,2.0,250,4,3.0025722269271644,0.3634555788012201,3.0,3.0,6.390381418134749,1.1202948492137244,11620.885325229534,2.6495349519601112,53.79219627380371,53.80639266967773,0.0002613452304952,0.98271570381774,1.0005257802834422,1.039720770839918,799.7550301733945,920.7958439802968,3.727313964208588,48.82707147598266,1.1697059472614115,53.838708037629054,0.3594735495061897,441457.95766485325,3422.5482307864754,0.810324597162254,279.20644788983685,11.69260964518234,0.0445822069661008,0.0111286570665758,-0.0168922864620838,1.5709822703602336,0.039090197533369,-0.0107526907080466,1.25,1.0,0.0,0.0,,,
HET_BLOCK_EL_20,HET_BLOCK,EL,20.0,250,40,3.023810874025429,0.3701542464278035,3.0,3.0,3.8073553021641895,1.144921929160313,13239.524393141195,0.0041380243411877,18.15513062477112,18.676084518432617,0.0129642295190205,0.978258385885758,1.0349374758310883,2.7892411818269487,8427.5045249508,15369.643850039696,0.1308801157400012,-0.0253554582595825,1.1703809108911438,59.22802456665039,0.3584009456690207,136170327.1018096,3875.1248247688536,0.790734297449365,404966.65083050553,-658.5043775807294,0.0310654550712398,0.0135346568955262,0.0039942338213101,1.5876903104108555,0.0674117356538772,0.0025157512109681,13.325,1.0,0.0,0.0,,,
HET_BLOCK_EL_25,HET_BLOCK,EL,25.0,250,50,3.0969401583141947,0.3515707710255983,3.0,5.0,3.925619890788465,1.190906640727908,11783.507469654029,0.0020673766657243,15.31948253631592,15.846155166625977,0.0132052456377209,0.981271302284387,1.0338403217851873,2.525425554658564,16728.58756574508,24168.17521718777,0.2010426841676235,1.007323169708252,1.162569961454094,57.31526252746582,0.3049457561852657,208740613.5064501,3453.5710173345174,0.8336448050289748,913415.6489485308,-927.2211266439316,0.0369077093404319,0.0033868902998459,-0.0155442925852142,1.54218834579938,-0.0214370004832744,-0.0100793736553294,16.66,1.0,0.0,0.0,,,
HET_BLOCK_EL_4,HET_BLOCK,EL,4.0,250,8,2.9376475639729054,0.4006613551519414,3.0,3.0,4.8004019508740186,1.0900419077861283,13750.66452644332,0.1479405342392886,41.375807762146,41.3994026184082,0.0003883194126671,0.9879609275270556,1.0008657127937348,1.320888343149322,190.385574049038,718.2006037474588,0.588873084820807,3.830980157852173,1.1766553698023534,58.270218238830566,0.4298770529159046,999195.2384926166,3926.294686354514,0.7126589602870994,1299.2689917064165,-45.86267702930465,0.040531967211671,0.0132619972605326,0.0033534530533066,1.66850579150209,-0.1318174451589584,0.0020098540084099,2.625,1.0,0.0,0.0,,,
HET_BLOCK_EL_6,HET_BLOCK,EL,6.0,250,12,2.963280000021457,0.3861770144925548,3.0,3.0,4.121844837543885,1.0978237022762345,12712.312583336425,0.0882048905199641,32.48263613382975,32.52579498291016,0.0005440719318005,0.989683362031656,1.0008332378181486,1.863679987341,416.1412042470509,1502.9970047062468,1.0365301564335825,9.962336897850037,1.1697577881592796,55.97429494476318,0.3733903324263592,1314833.186492626,3729.274868059679,0.75964976968316,2514.865519938128,-87.41134304816794,0.045587986629031,0.0127959138979609,0.0130979477344533,1.629134169964821,-0.0100083472207188,0.0080398213818891,3.9722222222222223,1.0,0.0,0.0,,,
HET_BLOCK_EL_8,HET_BLOCK,EL,8.0,250,16,2.9823029629585784,0.3626332449787188,3.0,3.0,3.828392583195553,1.10311461016869,11531.326225313816,0.0441248910936911,26.79222631454468,26.882953643798828,0.0015185122732997,0.9841278303004184,1.0039137505236202,2.220025327834538,789.9572057574768,2849.458985018749,0.1031645244918763,-0.123514699935913,1.1726362177707133,52.946948631286624,0.3518158941580387,3888696.8738139775,3369.2004710837086,0.8057122707472569,6916.011307088676,-149.79509843763532,0.0301400514644841,0.011308272478304,-0.0013323364250422,1.568955381060957,0.0191409680992364,-0.0008491869437716,5.3125,1.0,0.0,0.0,,,
HET_BLOCK_GE_10,HET_BLOCK,GE,10.0,250,20,2.977986399757596,0.3690299297560066,3.0,3.0,3.75745438818996,1.11385813842947,13883.928897112428,0.068159254347883,26.294809532165527,26.50836944580078,0.0019612641457073,0.9783859724112354,1.0017911186890296,1.494965733103306,1534.6773923789724,4102.279368547739,2.24199379440397,26.646440958976747,1.172712013672774,58.57147673797608,0.4118059567762083,2389820.028301583,3877.927362796313,0.7568776806601499,5864.118088994273,-161.15449958879955,0.040107617819188,0.0074060502690524,-0.0040632874380204,1.5848612274323954,-0.0400198176503181,-0.0025638127600275,6.65,1.0,0.0,0.0,,,
HET_BLOCK_GE_12,HET_BLOCK,GE,12.0,250,24,2.9779637769978784,0.3814383994900006,3.0,3.0,3.587653841268202,1.1150598373115996,14109.203814081897,0.0533924664820955,24.197678327560425,24.351184844970703,0.0027152911273408,0.9872276964850274,1.0066958188873445,2.315250126913669,1955.273843927997,5520.0170664877805,1.0797394171357155,10.627084064483643,1.169120503241683,59.82071910095215,0.3620642877729552,3254355.4034208823,4052.032287073482,0.75291505060578,7877.7603967557725,-210.96616385807792,0.0273158324077831,0.0185075744814937,0.0053564836064205,1.6166538614351544,0.0300017893314361,0.0033133150724881,7.986111111111111,1.0,0.0,0.0,,,
HET_BLOCK_GE_15,HET_BLOCK,GE,15.0,250,30,2.9800742725245217,0.3885302042173108,3.0,3.0,3.417337056247201,1.128260350877808,13078.955726909626,0.0469643468228122,20.8378365834554,20.99662971496582,0.0036837638508029,0.982353326556174,1.009530209821363,2.523807788463996,3666.5673223093977,8571.049646051197,0.6784715723246336,4.987793588638306,1.1691570237816309,58.0084360961914,0.3360478715774583,3728819.114198933,3678.236619750996,0.7238387147728177,10743.188563157732,-275.2529878294813,0.0340464060141888,0.0099607296871341,0.0113680212633459,1.635403754849391,0.0431900657713413,0.0069512016399263,9.988888888888887,1.0,0.0,0.0,,,
HET_BLOCK_GE_18,HET_BLOCK,GE,18.0,250,36,2.99402204645892,0.3848324466716225,3.0,3.0,3.301824540642513,1.143440048406022,12673.375594631443,0.0432053896003144,18.725009706285263,18.89432716369629,0.0034067967403253,0.9858865184555272,1.0080030387287635,2.4527445064864297,5839.128811681156,12139.510114841794,0.5069470681250096,3.468795156478882,1.1723878843448066,57.55256671905518,0.39972361979626,4268790.109492994,3498.147810933946,0.7172559643095128,14855.430389758432,-339.3133219973696,0.0421411905637794,0.0077871352753267,-0.001143946868468,1.6255733817388092,0.0003107309457845,-0.0007037189961698,11.99074074074074,1.0,0.0,0.0,,,
HET_BLOCK_GE_2,HET_BLOCK,GE,2.0,250,4,2.959431053961848,0.4162907264074558,3.0,4.0,5.163390929746668,1.1362736232557875,11991.59415930758,11.289961809460085,54.641212463378906,55.13640594482422,0.0090542767955154,0.7284678158896597,1.018960640029032,0.6931471805599453,1778.8405776014497,1872.1221256849576,5.455519462679513,73.85208659172058,1.1704207619525733,54.57364101110831,0.4025887069197698,202874.37133432284,3314.585719714212,0.6639809152885952,52.85992437794203,29.086967950900053,0.0347145584020765,0.0122856334393251,0.0178917519767189,1.7131816218120357,-0.0460837893187999,0.0104435815490189,1.25,1.0,0.0,0.0,,,
HET_BLOCK_GE_20,HET_BLOCK,GE,20.0,250,40,2.9961312193245515,0.3943072660351442,3.0,4.0,3.371310713254596,1.1658361637530172,12581.825505862857,0.0384712756702113,17.699172592163087,18.21619033813477,0.0092386179196895,0.9758237365535836,1.015320474147447,2.0449419144423127,7445.417721306485,14697.035031184412,1.0344709876924754,8.240535569190978,1.1692917712890358,57.39482886505127,0.3569657358561861,5409156.6929560965,3260.1200801289856,0.6571358472688361,18440.218758322084,-390.9412064725074,0.0352689127269122,0.0075504068961549,-0.0108777805024977,1.651002140068636,0.0144993336871266,-0.0065885926116283,13.325,1.0,0.0,0.0,,,
HET_BLOCK_GE_25,HET_BLOCK,GE,25.0,250,50,3.078195886245958,0.3695954581506231,3.0,5.0,3.233664183822889,1.199460549184583,12764.27701243762,0.0315890007784072,15.944501056671143,16.664995193481445,0.012109869511383,0.9733713066469604,1.029148931961109,2.4027917631340623,13949.19163581649,22698.443435268746,1.1967609940096735,14.909878826141355,1.162204966411954,59.32120987701416,0.3303871006482488,8198489.466594666,3783.107646832924,0.8019104126247817,32076.965380990703,-518.2419411345732,0.0332738431543007,0.0115230617451552,-0.0207050375554613,1.5862829875342663,0.0100874779745936,-0.0130525497133019,16.66,1.0,0.0,0.0,,,
HET_BLOCK_GE_4,HET_BLOCK,GE,4.0,250,8,2.8709986303333417,0.4163327430090309,3.0,3.0,5.097440232656277,1.0849563424515192,13126.197718458752,0.2367121106980919,40.42533254623413,40.52001190185547,0.0015881577864948,0.9562238961133708,1.0034105004959135,1.2554823251787537,853.2764128249373,1292.5847746087934,3.67188942655921,51.47454600334167,1.169013413122484,56.26332650756836,0.3098664288283363,1640432.641657442,3122.271295843282,0.5713353908722008,1422.843579579,-34.581854233943695,0.0290040228464327,0.010321541558432,0.0010775263571354,1.7133049490481744,0.0775495395064354,0.000628916853168,2.625,1.0,0.0,0.0,,,
HET_BLOCK_GE_6,HET_BLOCK,GE,6.0,250,12,3.002321948178789,0.3802642793126604,3.0,3.0,4.533379447556143,1.1293025255410285,13361.361431409226,0.1385565593096439,33.301108042399086,33.65699768066406,0.0051332978552741,0.9177697777842848,1.0134664905817994,1.5832584594204897,1064.6833218871177,2024.3434995381888,4.4634711176157,64.46104454994202,1.167086962911006,58.57257807922363,0.3486039540901892,1763108.283191317,3990.911466381791,0.7854813001693068,2650.659119413745,-71.15315971991933,0.022178218416188,0.0128390227445716,-0.0132466896854582,1.6135910302070615,0.1074092760682106,-0.0082094467784302,3.9722222222222223,1.0,0.0,0.0,,,
HET_BLOCK_GE_8,HET_BLOCK,GE,8.0,250,16,3.017652965163333,0.3554398897608875,3.0,3.0,3.9750416263813104,1.1302530232940673,11301.69858866535,0.0782971108291431,26.523752450943,27.08551788330078,0.0055018570924732,0.951820409544492,1.001838771213584,0.6019239717322894,869.8301812981764,2631.943533574968,2.5514258541166783,34.63121659755707,1.171652892455256,52.373388778686525,0.3908162808885602,1762308.1983486668,3327.0949709748083,0.828238303917156,4369.845257598372,-122.26773918224964,0.0473196906794477,0.0072083068010876,-0.0108093373572793,1.5514456822793918,0.0886393412947654,-0.0069672676781706,5.3125,1.0,0.0,0.0,,,
HET_BLOCK_KE_10,HET_BLOCK,KE,10.0,250,20,2.9807140166438457,0.3689098181229552,3.0,3.0,3.711925055891909,1.1148325117537896,11765.057077490716,0.0591074216040688,24.20536365509033,24.22532844543457,0.0006027742513321,0.9920988414675076,1.00140465934525,2.4843668399739856,1118.504166453943,3814.872824665754,1.30985275125131,14.871663022041322,1.1690945769199257,54.078396057128906,0.35251904023592,1396598.1500194587,3303.7988357390946,0.7612009886526991,4987.250164107724,-169.70392662515394,0.0325740139092533,0.0134198788430452,0.0094555972578179,1.58455959024067,-0.0281615499407053,0.0059673345928158,6.65,1.0,0.0,0.0,,,
HET_BLOCK_KE_12,HET_BLOCK,KE,12.0,250,24,2.983094550081624,0.371997451729658,3.0,3.0,3.595034891860765,1.1145385500659035,12056.547304844722,0.0478833780402503,22.368406693140667,22.422780990600582,0.0014696815961879,0.9891830417289283,1.003843707849712,2.4743786689874314,1478.1025120112445,5192.242404930671,0.0679185851477086,-0.0655837297439575,1.1712778940417303,54.85471993255615,0.3525188663895039,1961430.29116595,3454.5162694453106,0.7702369041837646,6789.235293929412,-218.80705241765057,0.0308840790303548,0.0140982802570513,0.0103733023737403,1.5923502265304836,-0.0703086480498313,0.0065144603242785,7.986111111111111,1.0,0.0,0.0,,,
HET_BLOCK_KE_15,HET_BLOCK,KE,15.0,250,30,2.9952146402102584,0.365679551963094,3.0,3.0,3.512079727806326,1.1249286650357824,12517.853337471666,0.0430545358474525,20.38604990641276,20.44329643249512,0.0020199571180447,0.9873813711866656,1.005434781690434,2.6731669915179213,3015.6524172359423,8176.608084874963,0.2085995301604271,0.5535362243652344,1.1712868154022131,56.26702066040039,0.3547247079781825,2631020.0173172485,3594.934051075662,0.785344836298228,9528.800067585296,-283.0758912685825,0.0309580651492074,0.0084708381748346,-0.0063086377636037,1.576490247310801,-0.0839466303586959,-0.0040016979324578,9.988888888888887,1.0,0.0,0.0,,,
HET_BLOCK_KE_18,HET_BLOCK,KE,18.0,250,36,3.01557662896648,0.3553283197651398,3.0,3.0,3.4419173484706618,1.1341834149030294,13404.724590490128,0.0384299694031084,19.25764354070028,19.48027229309082,0.004410562860512,0.9843583194571602,1.0105953857506105,2.524167661673457,5098.75549013561,11700.235827915052,0.1096285663545131,0.2610448598861694,1.1714373964395446,58.883437919616696,0.3518080667827997,3671760.643736062,4025.2099762976536,0.8450858356293568,12900.685874885614,-351.9631071325938,0.0342037916227635,0.0061510469183773,-0.0008449411935798,1.5511771815937223,0.019359165802598,-0.0005447096589296,11.99074074074074,1.0,0.0,0.0,,,
HET_BLOCK_KE_2,HET_BLOCK,KE,2.0,250,4,3.0299290606387297,0.3643145538881993,3.0,3.0,6.805591530086608,1.140732457599481,11871.104555487667,1.6162510680687152,54.36743068695069,54.861427307128906,0.0054421089759338,0.7885255352962115,1.0102270345244684,1.039720770839918,488.3424605649906,597.0218385440431,3.027160862088204,45.123303425312045,1.1676527159243533,54.34038053898567,0.3478032329013475,633673.3527012869,3291.495607493336,0.761071797158333,436.6074105164979,5.761311786884384,0.0336813626487463,0.0072343177732928,0.0097105736294522,1.5731050728257916,-0.0553645119071006,0.0061728703292474,1.25,1.0,0.0,0.0,,,
HET_BLOCK_KE_20,HET_BLOCK,KE,20.0,250,40,3.0275349718916336,0.3682231323136293,3.0,3.0,3.380680878791252,1.1523734408721351,11931.279932748945,0.0376666732588181,17.236029434204102,17.35424041748047,0.0052402437669621,0.987799579299836,1.0132250225817718,2.5240580773894723,7217.874899443251,14557.1668560969,0.1142481692251749,0.611864709854126,1.1670704879903622,55.63620407104492,0.305497253445992,4113058.599040281,3646.2959408377287,0.8299535954019267,15677.025885249266,-393.47754730319633,0.0279420633104127,0.011088814418847,0.0133798096370489,1.5828373135314353,0.0308811906725168,0.0084530542222006,13.325,1.0,0.0,0.0,,,
HET_BLOCK_KE_25,HET_BLOCK,KE,25.0,250,50,2.980897055614242,0.4059114253833775,3.0,4.0,3.2462929165850527,1.164830974044474,12494.152389306924,0.0332293042156989,15.775745010375976,16.081993103027344,0.0061405351279519,0.983591043081502,1.0139413318963066,2.273020881088437,13715.12936186844,22566.25190057151,0.1869752947241068,0.8274819135665894,1.167195034944706,58.01805652618408,0.3476660253908675,7329321.701730303,3323.434223785677,0.6553133467999204,24670.19195253993,-510.6484678239489,0.0335163254616925,0.0138452109563991,-0.0210360447590712,1.6832506847069404,-0.0547255761921405,-0.0124972738457456,16.66,1.0,0.0,0.0,,,
HET_BLOCK_KE_4,HET_BLOCK,KE,4.0,250,8,2.958863413967707,0.3838618520865116,3.0,3.0,4.838464075208555,1.0936290531310453,12263.2375761004,0.1328972547897208,39.073941230773926,39.10073471069336,0.0003427187022509,0.9935799313972596,1.0007461127569313,1.559581156259877,59.41736901112203,586.6523728641731,0.0831841202452778,-0.3916581869125366,1.1739495407869058,55.62054456329346,0.4146974102860469,954187.2127131476,3510.896869967197,0.7458267850676003,1512.687044730765,-48.4362951212191,0.028332019291101,0.0139741609162376,0.0098003051339111,1.623012636673179,-0.0759724229574203,0.006038341853823,2.625,1.0,0.0,0.0,,,
HET_BLOCK_KE_6,HET_BLOCK,KE,6.0,250,12,3.014127411942783,0.3480014044686013,3.0,3.0,4.420290674404277,1.1230408841055692,12586.211582667676,0.1271567673558185,32.321001052856445,32.62253189086914,0.0028414225930103,0.9638284886499842,1.0011813082945935,0.7214636866924679,867.5223198495413,1848.7281903666608,2.709156878013164,35.04430618286133,1.168069716813313,56.51996058654785,0.3276692750325834,1108289.4903333173,3826.288685489054,0.8735780407990671,2338.328758596903,-74.24404411063746,0.0386104624383214,0.0126069472464607,0.0151473589541003,1.5337456351189982,-0.0185857657343149,0.0098760567634394,3.9722222222222223,1.0,0.0,0.0,,,
HET_BLOCK_KE_8,HET_BLOCK,KE,8.0,250,16,2.9832320296398582,0.3726962848665295,3.0,3.0,3.7574128978911614,1.1055761222876377,11485.727870085964,0.0661416293905255,26.73922073841095,26.77505111694336,0.0009356303757053,0.9885819906395252,1.002319428772052,2.306668725404531,641.8464532829889,2471.757407282597,0.6688138511031866,5.25741400718689,1.174112138988144,53.23159692382813,0.3969235744287199,1610506.823064526,3440.894315670759,0.8038180382055888,3884.1814215979903,-130.36593255192363,0.0465728183912408,0.0089604401464642,0.0044558998652049,1.5941241473234882,0.0474457070231437,0.0027952025395304,5.3125,1.0,0.0,0.0,,,
HET_BLOCK_KL_10,HET_BLOCK,KL,10.0,250,20,2.975771495909148,0.3670909924025931,3.0,3.0,3.82925555451268,1.108198712092732,12341.624129352243,0.0309413126467886,24.791196441650392,25.009258270263672,0.0039235478970335,0.9821894045903076,1.009752680183522,2.359266234089269,2173.244669191546,5087.880535421721,1.3183691712561996,15.940788388252258,1.1693065717723494,55.11574772644043,0.334228699265205,7896837.560812733,3468.747845988756,0.7656436538417861,14321.733734519585,-208.53977911885696,0.0284778763090697,0.0088206024383206,0.0100358675024095,1.580005953456266,-0.060877688229084,0.0063517909409271,6.65,1.0,0.0,0.0,,,
HET_BLOCK_KL_12,HET_BLOCK,KL,12.0,250,24,2.9954359256875827,0.3695109707605533,3.0,3.0,3.842890513361845,1.1149075398702588,12959.088235437728,0.0167967351512669,23.190435886383057,23.356508255004883,0.0032951516963492,0.9825256691714424,1.008992222014082,2.463104643797811,4645.809884416968,8103.791071997638,0.2092354821041226,0.9876103401184082,1.172438043707862,57.28287476348877,0.4016247750073395,24930444.56145961,3920.668028650424,0.8187631482073932,40551.84882853661,-294.233089778879,0.0296517258242697,0.0104692400004531,-0.0098582416841161,1.5860704209338758,-0.0015272855525836,-0.0062155132290343,7.986111111111111,1.0,0.0,0.0,,,
HET_BLOCK_KL_15,HET_BLOCK,KL,15.0,250,30,2.942533462632523,0.3957797291218288,3.0,3.0,3.878511673426179,1.1165367518699123,11529.776140032907,0.0075282925457488,19.564614232381185,19.835186004638672,0.0061419405341191,0.9843414096576908,1.0151138693210595,2.5746323651041374,7718.757964945458,11630.691356315556,0.4418022982776165,2.7584691882133483,1.169872605182602,54.53362506866455,0.3681002591645477,76664245.89889154,2944.564693001842,0.6452777319945691,173775.23340954175,-440.0178141049034,0.0345196318278504,0.0144734665553138,-0.0051658230361414,1.6550255729530623,-0.1023040190339088,-0.0031212949940174,9.988888888888887,1.0,0.0,0.0,,,
HET_BLOCK_KL_18,HET_BLOCK,KL,18.0,250,36,2.9983123944107315,0.3812477781304486,3.0,3.0,3.9195643644910496,1.1343476153181888,13099.81644122828,0.0043774494961437,19.037403053707543,19.23160552978516,0.0039108688801661,0.983723863750282,1.0104401679019686,2.5278380412974712,10088.627447016888,14945.578204370036,0.3070351988077163,2.0369060754776003,1.1717217077824411,57.92659832763672,0.3337161476197303,152212249.4286824,3704.99583095258,0.7418484473295214,396645.33579816256,-586.5791756838536,0.0290895273236774,0.0157606484646318,0.0045091880590126,1.6161558127072475,-0.0412860698997974,0.0027900701301691,11.99074074074074,1.0,0.0,0.0,,,
HET_BLOCK_KL_2,HET_BLOCK,KL,2.0,250,4,2.97006779799857,0.3776037623070332,3.0,3.0,6.66824482364678,1.094042116897442,12218.28355312565,0.5334856174319805,55.15752410888672,55.1633415222168,9.76172643758151e-05,0.9956763778301368,1.0002035590659968,0.6931471805599453,7.285922721367009,153.09455206289684,0.1138209341093897,-0.3593693614006042,1.173692620586471,55.95165486394833,0.4610148634493567,629025.0991209629,3619.761564897042,0.784573168764032,563.7044505682502,-7.5398779535491505,0.0299243846507959,0.0125051710173182,-0.0146506673070322,1.606693516828918,-0.0182556267827749,-0.0091185202110206,1.25,1.0,0.0,0.0,,,
HET_BLOCK_KL_20,HET_BLOCK,KL,20.0,250,40,3.0072162046599,0.3885193337859859,3.0,3.0,3.881544182806224,1.1482346241564152,12192.508712089812,0.0037539554673933,17.423809909820555,17.61219596862793,0.0037653212204344,0.9905131358853118,1.009173611905279,2.2590539200641846,12952.973512761868,18033.92147722193,0.2043925683945417,1.4415932774543765,1.167511770268783,57.06051509094238,0.3605373516490324,163731240.5963028,3446.6395523839847,0.7275957566180503,503193.4644410894,-670.193374111465,0.0266623971282441,0.0084785946246216,0.0182355584858734,1.6353746819036905,0.0147369978949427,0.0111506914510446,13.325,1.0,0.0,0.0,,,
HET_BLOCK_KL_25,HET_BLOCK,KL,25.0,250,50,3.081124235789936,0.3503758699935568,3.0,4.0,3.969097980508336,1.1793442475938154,14478.678263115946,0.0018162060139827,16.98118175506592,17.556758880615234,0.0137768022407879,0.9801639564113184,1.036181106050515,2.58007298045727,18730.468111954884,25140.337228559427,0.3518308838829398,3.128779327869416,1.1658547370226504,63.02714938354492,0.3399665756807864,444107435.4013602,4317.092613132421,0.8509974501696614,1241693.5951322971,-946.6507100483608,0.0383980320159507,0.0073909404585686,-0.0033071844977623,1.539351686320645,0.0156888999044895,-0.00214842685199,16.66,1.0,0.0,0.0,,,
HET_BLOCK_KL_4,HET_BLOCK,KL,4.0,250,8,2.991590781432256,0.3503431322935631,3.0,3.0,4.875092450615328,1.0993331921553129,12542.925158110378,0.1279379942020534,39.51700925827026,39.538421630859375,0.0002545676099449,0.9919412557110702,1.000595410007025,1.4941751382893085,57.67964136297855,589.6356930563745,0.1067651881370693,-0.3161415815353393,1.1693738973680956,55.49945597839356,0.3450083002218071,921409.2499031664,3844.4714086576905,0.8748713527081831,1557.1065312247824,-49.34902910979541,0.0264444151793672,0.0098748586992458,0.0082529557459413,1.5392741148576206,-0.0637383833527565,0.0053615893788797,2.625,1.0,0.0,0.0,,,
HET_BLOCK_KL_6,HET_BLOCK,KL,6.0,250,12,2.9920577404275863,0.3529191389642181,3.0,3.0,4.170526920209212,1.1035039473029904,12277.718899509831,0.0731240964330787,31.922571182250977,31.93842315673828,0.0003303978487966,0.99089339314831,1.000740934479832,1.863679987341,393.17391115803474,1494.173511112471,0.9610660111531616,11.768866920471192,1.171056455887577,55.206449752807615,0.3508302293376601,1470180.5252599665,3712.682627110179,0.8568305227918925,2917.2059582861098,-94.16150358747608,0.0428031089482386,0.0139667353557506,-0.0060398760920722,1.5454019122112508,-0.0620039105415344,-0.0039082882219546,3.9722222222222223,1.0,0.0,0.0,,,
HET_BLOCK_KL_8,HET_BLOCK,KL,8.0,250,16,3.020941581808446,0.357205302124545,3.0,3.0,4.058166321539595,1.1307239086794154,12171.468030243688,0.0596337977894695,27.52460813522339,28.545394897460938,0.0096006740171706,0.923846173184036,1.0021827716854748,0.4634135588264298,1019.3504633712208,2890.5062573173886,2.03676143810153,26.46900157928467,1.1678177270750445,54.72400441741944,0.4070473439100652,2556958.815595674,3647.791120457987,0.8390137968487236,5589.371109817324,-135.33757329562607,0.0263861479827152,0.0096437307104641,-0.0166369633201746,1.5557066716716377,0.0222955606877803,-0.0106941518102692,5.3125,1.0,0.0,0.0,,,
HET_COMP_K0_L10_10,HET_COMP,K0_L10,10.0,250,10,2.966104033242997,0.3742910384439026,3.0,3.0,4.445380808093025,1.09529056904145,11884.497606630366,0.0818956774081136,34.40487098693848,34.44908142089844,0.0008468637626409,0.9880365833383238,1.0020705067430082,1.88669678465816,162.82857387591253,1025.0182910696471,0.1315879441797733,-0.0735083818435669,1.1719289592832929,54.14117185211182,0.3620017323732977,2021194.7901348472,3394.2117484644605,0.7630424082988462,2952.371127254192,-75.06927175738568,0.0289156622115134,0.0062706693217045,0.0001815563780628,1.5981871148418032,-0.0527075938880443,0.0001136014527744,3.3,1.0,0.0,0.0,,,
HET_COMP_K0_L10_30,HET_COMP,K0_L10,30.0,250,30,2.938106800654763,0.3922721139397571,3.0,3.0,4.8304978955761095,1.1088169481327166,12975.01873854601,0.0016174560363136,20.75469811757405,21.010343551635746,0.0055197635825222,0.9858568735470068,1.013841951323813,2.655725386725743,3583.308902999865,8583.445080638076,0.0935694345273077,-0.6547485709190368,1.1750181188333568,57.59521474456787,0.4132254883183791,92662632.93903074,3321.029765555332,0.6524952260111843,337509.64943139785,-578.4210303309035,0.0239597645853561,0.0130418690556547,0.0112616649063434,1.6454732832530774,-0.1451800167560577,0.006844027806635,9.988888888888887,1.0,0.0,0.0,,,
HET_COMP_K0_L10_50,HET_COMP,K0_L10,50.0,250,50,3.0751362264186475,0.3644599821618606,3.0,4.0,4.889196375795143,1.1782992356670772,13083.060785982389,0.0007305859455869,16.142396144866943,16.66207504272461,0.01201528960421,0.9808117932692934,1.0308393604411912,2.499664177551748,13907.90917417864,22673.57746085128,0.0912603802513331,-0.6754737615585327,1.1656588963741097,60.43778219604492,0.3330412265970892,285658584.353456,3805.5198923833887,0.79809536325467,1128752.8698526528,-1083.2494392204972,0.0527924536304352,0.008810670235539,0.0026422953473996,1.5734650406462398,0.0442287102341651,0.0016792844321133,16.66,1.0,0.0,0.0,,,
HET_COMP_K10_L0_10,HET_COMP,K10_L0,10.0,250,10,2.949777703223065,0.3822984877932078,3.0,3.0,4.804402883191918,1.1180940670231574,13220.902787380866,0.241169094671334,36.28774452209473,36.35184097290039,0.0010635220060586,0.9757935134209575,1.0028322206743343,1.8866967846580696,1514.8141137758903,2182.3003680314723,2.4716461051633813,38.64470608234406,1.1755100499871691,57.46783615875244,0.408831161353887,1239858.3002666575,3322.6828056321306,0.6573931766055596,1575.856254118141,-42.66770845893995,0.0436084346088774,0.0112460736344513,-0.0040067937789032,1.6189048921499534,0.0345666892826557,-0.0024750025761763,3.3,1.0,0.0,0.0,,,
HET_COMP_K10_L0_30,HET_COMP,K10_L0,30.0,250,30,3.3839988822903333,0.3378167010517873,4.0,9.0,3.1190414439194654,1.3950042979438546,13448.382614775514,0.2865305614206637,21.124432182312013,22.54767799377441,0.0234152837066084,0.8792260815303129,1.0459925618433803,2.213973088957112,9054.0347425514,12507.434795759014,2.0164748281240463,24.48233988285065,1.1514601960150246,66.97287200927734,0.3204208110693537,1756979.3992515092,3654.117367939872,0.8043245403427731,3600.885061086455,-112.4919065600655,0.0403603253419435,0.0078256564872088,-0.0156462569349484,1.5101558761574971,0.1370956748723983,-0.0103606900326894,9.988888888888887,1.0,0.0,0.0,,,
HET_COMP_K10_L0_50,HET_COMP,K10_L0,50.0,250,50,3.491030092674319,0.3664987651825925,5.0,11.0,2.945812578092191,1.4755541971628146,13230.832979869114,0.116474009498878,16.224605922698974,17.913000106811523,0.0348850427668566,0.9175710154545216,1.0930064872721792,2.387376199281314,18914.849806254657,25286.566644609928,1.408150789514184,14.007387518882751,1.1377826799857498,70.39070683288574,0.2771281982606267,4651868.62077445,3031.572603925404,0.6251845988897623,11904.160391513804,-322.51306760383983,0.0241712211429553,0.0094591652678327,-0.0061726678794028,1.5785288884057622,-0.024819852784276,-0.0039103927234717,16.66,1.0,0.0,0.0,,,
HET_COMP_K2_L8_10,HET_COMP,K2_L8,10.0,250,10,2.998236727976076,0.3475014573456643,3.0,3.0,4.61902549295244,1.100814321528988,12733.35317067412,0.0687826951915155,35.612378692626955,35.65370178222656,0.0006034454433649,0.9873931696366356,1.0015806142812926,1.8343719702814696,198.3311767702224,1121.786507051729,0.0791461165063083,-0.2422975301742553,1.1709763412713745,55.76383824920654,0.3656749564859632,3678808.681147765,4071.878966868545,0.920228004080598,4228.423304149304,-80.30409224889975,0.0284089748703192,0.0138341123026367,-0.005796322017092,1.5325704727738447,-0.1278663575649261,-0.0037820916686609,3.3,1.0,0.0,0.0,,,
HET_COMP_K2_L8_30,HET_COMP,K2_L8,30.0,250,30,2.994371911200708,0.3758198702834235,3.0,3.0,4.901007783878822,1.1217582047878876,12169.11036211086,0.0015960585302321,20.100029691060385,20.24747085571289,0.0028423883929735,0.9848829409773784,1.006659591809722,2.416253941898583,4052.773395803156,8957.929473728082,1.4489340539323166,19.79359903335571,1.17059209655609,54.579195419311525,0.3563167132701353,132414004.47873972,3554.978874121961,0.777317519565026,475200.8166968334,-579.6195821669456,0.034023047011476,0.0154068294380291,0.0131879188296048,1.6021016248211444,0.0227798167616128,0.0082316368852406,9.988888888888887,1.0,0.0,0.0,,,
HET_COMP_K2_L8_50,HET_COMP,K2_L8,50.0,250,50,3.069443543778041,0.3640173876301877,3.0,4.0,5.051005959692867,1.176441951651226,13786.00891831648,0.0004817085063754,16.570893363952635,16.97894287109375,0.009109646104981,0.984192873991949,1.023200471508786,2.481376925130463,14317.656741469336,22877.60390648204,0.1042385635431855,-0.6027008533477783,1.165318183219837,61.74810656738281,0.328933532071234,517950758.87211,3916.067900982129,0.7803501707257484,1915953.9973963213,-1145.7255162082029,0.0403517695037087,0.0084662851075887,0.0039436127312506,1.5723700311141813,-0.0056719691492617,0.0025080691268361,16.66,1.0,0.0,0.0,,,
HET_COMP_K4_L6_10,HET_COMP,K4_L6,10.0,250,10,2.97838210890785,0.3726908046852751,3.0,3.0,4.407453009138431,1.0987707926472483,12254.87732679804,0.0937188226335702,34.93687744140625,34.97104263305664,0.0005151194727417,0.9877399961483392,1.0012898942513706,1.5571130980576458,189.1605672264837,1004.4575193060256,0.14671346032992,0.1525042057037353,1.170447028041423,54.75710057067871,0.3528971465607393,1188791.2012535632,3670.220887121901,0.8035900608230249,2071.754018842925,-71.02368663331264,0.0200572023977503,0.0084526680313854,0.0195199567931414,1.594110221034292,-0.0144984666258096,0.0122450483877156,3.3,1.0,0.0,0.0,,,
HET_COMP_K4_L6_30,HET_COMP,K4_L6,30.0,250,30,2.965065127850783,0.3709187271886862,3.0,3.0,4.221071669744943,1.1178598499331258,11966.847942426048,0.0036536680534995,19.93232847849528,20.03925514221192,0.0020248312329502,0.9857045676339172,1.0046791351681696,2.554883378010591,5346.782274630186,9911.79961636476,0.1799037444405257,1.1144391298294067,1.1702290657852683,54.613201377868656,0.3518738394210637,99964512.61707392,3144.440891817706,0.7084103569020113,311978.28968362964,-505.0820990911995,0.0287572150969704,0.0082027114308822,0.0036076863342322,1.5896197251764943,0.1153531894087791,0.0022695279109,9.988888888888887,1.0,0.0,0.0,,,
HET_COMP_K4_L6_50,HET_COMP,K4_L6,50.0,250,50,3.0509377376490083,0.3844819599837356,3.0,5.0,4.375549898034058,1.179017816662408,12931.042658043358,0.0009771049590018,16.048907203674318,16.427282333374023,0.008576792410233,0.9789558561044052,1.0209284510436107,2.5153998033115443,16417.60427965683,23921.60026883949,0.3256896642968058,3.698239541053772,1.172557249746532,59.48179023742676,0.3108060297807467,473535088.2260721,3554.296110373868,0.7148980204548128,1565052.2473363862,-1039.637315752104,0.0579062150760994,0.0092115560111567,-0.0019759691329915,1.624647751954721,0.0170130673795938,-0.0012162446477967,16.66,1.0,0.0,0.0,,,
HET_COMP_K6_L4_10,HET_COMP,K6_L4,10.0,250,10,3.0030790779254217,0.3544256402974661,3.0,3.0,4.669305532461145,1.1138264737939243,10868.58767195393,0.1252716455627626,32.901418685913086,33.168582916259766,0.0027183033610655,0.9599531272887066,1.001558410007368,0.3250829733914482,579.2639187089759,1301.9238648837656,2.580432672519237,35.23553066253662,1.168780804431291,52.1446780166626,0.3220796634829931,814427.0185904382,3304.710500126884,0.8578970505838857,2042.3866297056857,-62.31812184831067,0.0220343085402446,0.0041727392724091,0.0133426374338486,1.5490082357991688,-0.0361799895763397,0.0086136646175438,3.3,1.0,0.0,0.0,,,
HET_COMP_K6_L4_30,HET_COMP,K6_L4,30.0,250,30,2.985211731063075,0.3795182073990402,3.0,3.0,3.754552085055875,1.1232507508520524,12813.40268118449,0.0133915614752876,20.625161616007485,20.84577178955078,0.0042494895998235,0.9852887304151344,1.0111446804493438,2.464771136237314,7778.095786021292,11941.085717100636,0.1626042488962412,1.293117082118988,1.1697967662440965,56.51042524719238,0.3849790396367175,46017611.48567061,3599.2424991477865,0.7401402414969116,71748.14739501337,-388.1817388195873,0.0379585259931926,0.010201969938108,0.0115460131376446,1.6116508363737168,0.0491266064345836,0.0071640909285954,9.988888888888887,1.0,0.0,0.0,,,
HET_COMP_K6_L4_50,HET_COMP,K6_L4,50.0,250,50,3.1081717423698687,0.3423581801621729,3.0,5.0,3.779524787570613,1.1969963846576548,11756.60314413645,0.0025927494398581,15.302751159667968,15.699609756469728,0.0086048785165993,0.9840570807309784,1.0208532719335568,2.3684941823512027,20198.671516982664,25915.923551895816,0.1643345293472521,1.762670707702637,1.159718168512213,57.8344610748291,0.3141169266235363,289046426.14594024,3529.070249195444,0.8767943364489831,1082131.671696101,-893.2553527646321,0.0292024741532865,0.0115783831937475,0.0100125039440971,1.520584564172938,-0.0485628843307495,0.0065846413144964,16.66,1.0,0.0,0.0,,,
HET_COMP_K8_L2_10,HET_COMP,K8_L2,10.0,250,10,2.97559719552137,0.3726370016351497,3.0,3.0,4.492843812162393,1.098774933378104,11783.68656635846,0.0859108563792855,34.25865135192871,34.27010726928711,0.0002050343447181,0.9923327830411878,1.000461404254129,1.69574253416976,122.6767100653786,935.1027473710288,0.0762854173779487,-0.3157549738883972,1.1703709905134163,53.73833204650879,0.3598904663992519,1118206.5817025588,3463.2760833333505,0.7887147355418419,2333.005170995085,-73.63335198832463,0.0259000564200015,0.0118842061539821,0.0044867548276097,1.5939735091269094,-0.0429264977574348,0.0028148239614006,3.3,1.0,0.0,0.0,,,
HET_COMP_K8_L2_30,HET_COMP,K8_L2,30.0,250,30,3.0153162888671634,0.361404819525538,3.0,3.0,3.6172674037720975,1.1356156593063194,12758.58931296792,0.0310453634924959,20.58113784790039,20.702438354492188,0.0021351380163974,0.9886608351506696,1.005114769453068,2.54355677555756,4376.061734695155,9478.50213167181,0.150183992087841,0.3854054927825928,1.1679290312645476,57.10026786804199,0.3624142270645145,4608571.517446552,3743.975360257,0.8119632700873862,15342.772133976528,-312.50752097589964,0.0328368511633966,0.0082930548052132,0.0058349147686751,1.5659372801044666,-0.054074652493,0.0037261484495172,9.988888888888887,1.0,0.0,0.0,,,
HET_COMP_K8_L2_50,HET_COMP,K8_L2,50.0,250,50,3.091050751997422,0.3597614254660412,3.0,5.0,3.597343875913464,1.1982680464840954,12336.225395559655,0.0046068219644428,15.675297775268554,16.01940155029297,0.009600681570037,0.97987281733471,1.0248475343004366,2.752725294750335,22103.52029023206,26944.7264561931,0.3031642779707909,2.8817376613616945,1.1628174482361835,57.84238670349121,0.3234606652921134,209254057.43367,3426.6747636168834,0.7721043424459847,732965.6269630666,-807.0324824555165,0.0447852693541333,0.0110612617216082,-0.0114290823804467,1.5619177596850018,-0.0640084445476532,-0.0073173394110199,16.66,1.0,0.0,0.0,,,
HET_IDP_ASYN_1,HET_IDP,ASYN,1.0,250,6,3.112551680973004,0.3459379466537557,3.0,4.0,5.75461604851491,1.19133105684869,13344.30471358911,1.5240272274876252,47.06379636128744,47.937801361083984,0.0083301694110334,0.8107163599904252,1.0121661830982247,0.4505612088663047,1451.6615776678743,1674.2005393879422,6.655063386261463,88.92784032821655,1.1703813646644912,58.9377039718628,0.4128115653716291,864349.6285899151,3926.969906266541,0.8506745096768247,584.1087493178101,7.584413870842033,0.0268406014459759,0.0043336192691103,0.0153292137267302,1.5289069208095838,0.0134164690971374,0.0100262570056328,1.9444444444444444,1.0,0.0,0.0,,,
HET_IDP_ASYN_10,HET_IDP,ASYN,10.0,250,60,3.138807693297,0.3579092213809929,3.0,7.0,3.1421113720218323,1.2478648533572512,13318.44609541643,0.0284766567422196,14.868596982955932,15.57453155517578,0.0070623739149712,0.9771538230778092,1.0099974251376789,1.540351801700684,23403.25567861527,32341.2531517736,1.0070388166233897,10.438615083694458,1.1599682590165123,62.39092918395996,0.2812165069932295,15812044.171777029,3901.087610767417,0.8183880110611489,47259.49797639102,-640.5607012936172,0.0432474284509949,0.0077572561753265,-0.0104974625576328,1.5574121811105512,-0.0035084665287286,-0.0067403239067215,19.994444444444444,1.0,0.0,0.0,,,
HET_IDP_ASYN_2,HET_IDP,ASYN,2.0,250,12,2.9830899605425607,0.380644408026662,3.0,3.0,4.360051761425091,1.1176016424199042,12523.193351105723,0.1030355285223696,32.23978360493978,32.716094970703125,0.0045342594123143,0.9479380687544914,1.0027601086782048,0.9830877585747853,681.8435966342347,1734.3766984685456,1.5835966318380088,22.56868257522583,1.174327442038514,55.72999480438232,0.4341425157283919,1477560.307562037,3492.792484676728,0.7327203339910534,2639.0892716754183,-81.8165306083647,0.0357967421873637,0.0119841471609727,0.0169374905868567,1.614581369668247,0.1219107881188392,0.0104903295083157,3.9722222222222223,1.0,0.0,0.0,,,
HET_IDP_ASYN_3,HET_IDP,ASYN,3.0,250,18,2.948084817219088,0.4001169282730836,3.0,3.0,3.732799128192383,1.103983899166278,12152.920476118948,0.0575381933246567,25.931858168707954,25.966583251953125,0.0007163364852446,0.9919940593186648,1.0018196494505522,2.399204296202582,813.5772136482144,3076.1418925176977,0.4377471967600286,3.1929752588272096,1.1706980505501978,54.94085876464844,0.3623505601709442,1626195.7577470574,3460.575665193693,0.7116734553178876,4803.024922596904,-154.18654079706354,0.0300766001919581,0.006977348626191,-0.0056862635108739,1.66699153073489,-0.0095480233430862,-0.003411093221347,5.981481481481482,1.0,0.0,0.0,,,
HET_IDP_ASYN_4,HET_IDP,ASYN,4.0,250,24,2.9702365445591994,0.3826444225014286,3.0,3.0,3.696688472206851,1.118603665836701,12738.448571952744,0.0520724055418257,22.9921936194102,23.18254852294922,0.0029712513281693,0.9841126828242784,1.007002633152447,2.369382119694664,1877.5102911753493,5465.046218905707,0.9731180554255844,9.74198157787323,1.1707147174190795,56.93562638092041,0.3587579358131435,1801170.8439042626,3488.003987379586,0.7155912924815724,6728.017860128563,-212.7686475815496,0.0208309455776605,0.0108466607182191,-0.0163220731414194,1.6198120442223012,0.1082929596304893,-0.0100765228895728,7.986111111111111,1.0,0.0,0.0,,,
HET_IDP_ASYN_5,HET_IDP,ASYN,5.0,250,30,3.0267766303777743,0.3549491042899843,3.0,3.0,3.638240701708457,1.1396471255937557,12809.179620273757,0.0421968365008459,20.621867497762043,20.748018264770508,0.0028043406230784,0.9901764191206952,1.007474402712019,2.4360029289921203,3089.2710034903544,8219.917686958353,0.6208794127218425,5.611947536468506,1.1711639263583768,57.96674147796631,0.3651989159909168,2424852.636734432,3949.545537198035,0.8686798050391173,10031.13503632602,-284.8869012635287,0.0304112853937413,0.0061068300220968,0.0117954239126507,1.5502652684472091,-0.0232758112251758,0.0076086487596439,9.988888888888887,1.0,0.0,0.0,,,
HET_IDP_ASYN_6,HET_IDP,ASYN,6.0,250,36,3.004172637313144,0.3757387101753986,3.0,3.0,3.5903425340177937,1.143209784379131,14458.560201714465,0.0365675619814441,20.00019937091404,20.2741928100586,0.0055216057558262,0.9832250218800104,1.0150367338284598,2.449210352527639,5035.383317388458,11671.409239857492,0.1473550967872142,-0.1370277643203735,1.1674810756971048,60.810293670654296,0.3583670170430863,3524914.455824153,4039.690531203256,0.7435961089246935,13541.185309653869,-357.3281199973162,0.0359284962964563,0.0103160678451658,0.0047671637609236,1.6018933358513543,0.0699298828840255,0.0029759557980135,11.99074074074074,1.0,0.0,0.0,,,
HET_IDP_ASYN_7,HET_IDP,ASYN,7.0,250,42,3.0379706773402626,0.3787896424569539,3.0,4.0,3.428111929608459,1.1763428533902835,12040.04774138151,0.035702878722069,16.89715798695882,17.19898223876953,0.0050182524519121,0.9826362203969966,1.0107745812298343,2.346120371218768,8327.406060818103,16036.693358510964,0.3127711191773414,1.273792576789856,1.1640078309471955,56.32559378051758,0.3320673570467155,4063067.678601842,3383.025353342788,0.741786539429133,18056.69091877772,-419.89801677304473,0.0348193513094766,0.010176542833861,0.0104712993147035,1.6097606677955398,0.0109905377030372,0.0065048795908231,13.992063492063492,1.0,0.0,0.0,,,
HET_IDP_ASYN_8,HET_IDP,ASYN,8.0,250,48,3.0565605689580067,0.3732230763486773,3.0,5.0,3.336818649908773,1.1865839619640657,12311.167477282344,0.0310612644447642,15.98264342546463,16.1905517578125,0.0068073098708204,0.9836996281575728,1.0191305425265211,2.7826122376872675,11945.61128415112,20697.533256800543,0.1113709365949034,0.2898206233978271,1.1640094628361348,57.78046410369873,0.3383202706902886,5309775.499962648,3544.0069526396846,0.7713062269858258,24526.18739392373,-499.9382978845905,0.0469731921556011,0.0059795937348296,-0.007463423962321,1.5954639717340682,0.0237129870802164,-0.0046779019107159,15.993055555555555,1.0,0.0,0.0,,,
HET_IDP_ASYN_9,HET_IDP,ASYN,9.0,250,54,3.0679707422934626,0.3899712433157529,3.0,6.0,3.242307950656922,1.215235550377002,11074.836724818804,0.0281011802337298,14.291814821737784,14.512490272521973,0.0080511705595192,0.9848055310196264,1.0215359490852656,2.6595838296608587,16946.907612537718,26160.69123253684,0.130112113431096,0.2218847751617431,1.158697237087136,57.03515280151368,0.3173974552317675,8031382.921467695,3154.853327028009,0.7304815610759949,33820.09743572632,-578.6548763942266,0.0252309107853791,0.0097093884783011,-0.0168966905987934,1.6392669837982792,0.0439173206686973,-0.0103074671574315,17.993827160493826,1.0,0.0,0.0,,,
HET_IDP_CPEB4_10,HET_IDP,CPEB4,10.0,250,30,2.976060666508064,0.4074591625672928,3.0,4.0,3.686779560630618,1.1523863649827213,12375.019163166253,0.0454378506177477,20.26804377237956,20.738142013549805,0.0117841110262345,0.9670902433195896,1.030468996738504,2.5600315791251185,4314.314636123561,9007.154089139482,0.7092977346852422,5.214630174636841,1.1676524881816248,56.75835517883301,0.3424406810761447,4166158.8469556286,3300.8187598845825,0.6546236789854141,10990.559331306536,-278.2268815519425,0.0296668189512049,0.0119309838876402,-0.0089240240638593,1.6876473937774228,-0.0878177359700203,-0.0052878486917555,9.988888888888887,1.0,0.0,0.0,,,
HET_IDP_CPEB4_12,HET_IDP,CPEB4,12.0,250,36,3.0683409093116225,0.3786551155685245,3.0,5.0,3.586496808605649,1.1952718024730484,12795.890866105448,0.0436685442384021,18.81459501054552,19.31810569763184,0.0093069592704972,0.9724170212617128,1.0203375819337526,2.3451265838584803,6777.405142894399,12685.17473155288,0.6829102545976639,4.75425922870636,1.1648914679810587,59.90499548339844,0.3258408252694337,4194985.372769244,3627.119198105911,0.7485959482670745,13928.866015109055,-338.1617413422549,0.0293790904693576,0.0075223090596372,0.0100471100205065,1.609412139789306,-0.0035099380183964,0.006242720414174,11.99074074074074,1.0,0.0,0.0,,,
HET_IDP_CPEB4_15,HET_IDP,CPEB4,15.0,250,45,3.1466812598216425,0.3646252774069278,3.0,6.0,3.5642517532510465,1.2464207572533403,13094.170882072,0.0349070872782142,17.020518112182618,17.845304489135742,0.0203196522746031,0.95877842518789,1.0529211040128108,2.654590454837934,11004.993877875682,18829.506972390853,0.8784945465624332,7.019212675094605,1.15568318187749,63.23280155944824,0.3175328964045868,6966515.319840055,3679.599871987738,0.7706830692011616,22698.58622929768,-452.9338262597038,0.0312601769123738,0.0120071102304091,0.0151482431921452,1.5738743837948577,-0.0858301073312759,0.0096248108153701,14.992592592592592,1.0,0.0,0.0,,,
HET_IDP_CPEB4_18,HET_IDP,CPEB4,18.0,250,54,3.205911379963137,0.3654093141794051,3.0,7.0,3.366383111843092,1.2917091659875222,12682.617821233414,0.0303375319468599,15.293461834942851,15.828822135925291,0.0120325484144511,0.975358830672864,1.0317388069014404,2.3907395475733724,17899.894119719356,26601.213578178507,0.1886678533628583,0.309271764755249,1.1476247538434765,62.979200622558594,0.3038420143676913,10716677.480678407,3463.2139669590924,0.7472928130005463,35094.635121837964,-566.2498805806971,0.0279795559839768,0.0115376238146299,0.0208300891256309,1.5758189055467953,-0.0498782098293304,0.0132185805430994,17.993827160493826,1.0,0.0,0.0,,,
HET_IDP_CPEB4_2,HET_IDP,CPEB4,2.0,250,6,2.976995955408296,0.3691188100913695,3.0,3.0,5.820480490400223,1.1064254073237016,12681.543901659395,0.290449265600488,45.8817253112793,46.01039505004883,0.0013046136648635,0.9580026019968132,1.0023703613087729,1.011404264707345,274.1120787234107,546.2662970845078,1.6582174554467202,23.78992304801941,1.1674545273324073,56.57267422485352,0.3550535788509649,1019762.476737886,3550.862896012818,0.7585698847639166,1075.1651208781095,-22.253874427090054,0.0269344727193674,0.00748573034111,-0.0017420733594548,1.5850845071872064,-0.0112857818603515,-0.0010990413138516,1.9444444444444444,1.0,0.0,0.0,,,
HET_IDP_CPEB4_20,HET_IDP,CPEB4,20.0,250,60,3.255327342529912,0.360157983300493,3.0,7.0,3.362277079908336,1.320936538643527,12895.00056117553,0.0262585917743468,14.629126596450806,15.25826358795166,0.0146075059749967,0.9769968244357604,1.035313601344645,2.362840572895704,23628.70911472357,32441.24167251641,0.2064578086137771,0.4915570259094238,1.14698571024806,64.5082650756836,0.2642893534604683,15378033.696313066,3511.251795084689,0.7560448562611001,49485.00590629112,-655.1571618575513,0.0359557910012183,0.0081308989120962,-0.0095197799312182,1.562885796650701,-0.0635025203227996,-0.0060911551893364,19.994444444444444,1.0,0.0,0.0,,,
HET_IDP_CPEB4_25,HET_IDP,CPEB4,25.0,250,75,3.356843309900343,0.355320497165964,4.0,9.0,3.181608773586393,1.3938220708677076,13241.683332167537,0.0198713114566635,13.2580095799764,13.9705228805542,0.0206199479267477,0.9829301841176056,1.0549487027260656,2.634592859294031,45146.86885337523,50288.80753421627,0.2186594989150762,0.7381355047225953,1.1385072517541222,68.36619207763673,0.3103216459410359,87683344.59331802,3273.281348738146,0.6956965938194621,170870.45696525762,-881.6575830309125,0.046912039544757,0.0075074297844505,-0.0051634629953735,1.551158359470033,-0.0628553628921508,-0.0033287787565447,24.995555555555555,1.0,0.0,0.0,,,
HET_IDP_CPEB4_3,HET_IDP,CPEB4,3.0,250,9,2.981744378856945,0.3724479851148849,3.0,3.0,4.807555681592835,1.100952186345709,12648.29285720728,0.1238317929147904,37.413087632921005,37.607666015625,0.0019519254295944,0.9694495294095892,1.0028672506790823,1.1490596969705895,326.51179207811714,933.467898821734,1.4028552696108818,18.893889093399046,1.1701791899030116,56.55163734436035,0.387817651299726,1045968.4928612591,3834.527152617751,0.8139810148392379,1928.628239768949,-56.398440668749856,0.0288759732820811,0.009189622314001,0.0172648610838518,1.5934934097583424,-0.0182078666985034,0.0108345983592029,2.962962962962963,1.0,0.0,0.0,,,
HET_IDP_CPEB4_4,HET_IDP,CPEB4,4.0,250,12,2.957793603230639,0.3909959101141388,3.0,3.0,4.278561691059933,1.0992225244662162,13013.381527157051,0.0863400593393495,32.86502202351888,32.911739349365234,0.0009623625444,0.9884451099015424,1.0023529373488136,2.138333059508028,607.1887650494762,1638.5569772645506,1.2680389552377165,13.978417205810548,1.171368333827938,56.81467041778564,0.4072881455506555,1539662.5975121656,3768.607811755716,0.7406594473032291,2796.3160317307093,-88.18061737732461,0.0310325036504501,0.0056032002553811,-0.0113692960099291,1.642025097380576,0.0481480583548545,-0.0069239477687482,3.9722222222222223,1.0,0.0,0.0,,,
HET_IDP_CPEB4_5,HET_IDP,CPEB4,5.0,250,15,2.9800321049002854,0.3852126494851894,3.0,3.0,4.056899090317083,1.1159047490491785,11568.222770314844,0.0772541991237073,27.71481653849284,27.956722259521484,0.0049663953177346,0.9450761233609954,1.01294070298005,2.5232109529528945,1114.6184554698834,2635.9684074907545,1.575854729162529,18.982504105567934,1.1765907020754018,54.25476848602295,0.458699220224151,1714872.1546710136,3401.117439552076,0.7632282643560594,3861.196901864633,-115.22942993316462,0.0355152031452392,0.0110464438703073,-0.0047988564463705,1.6265786847478565,-0.0041658403351902,-0.0029502762399836,4.977777777777778,1.0,0.0,0.0,,,
HET_IDP_CPEB4_6,HET_IDP,CPEB4,6.0,250,18,3.0183130330390577,0.344153741075101,3.0,3.0,3.856889411615836,1.1253642755338598,12352.989804875271,0.0586415426065084,26.144433127509224,26.22430419921875,0.0010340736909004,0.9884825412626684,1.0022407780586091,2.16815523601592,1102.4624417026553,3279.386499722402,1.9924705695360896,23.30532779693604,1.1701142831108289,56.02558990478516,0.354435536630774,1847104.9391265104,3831.630742140932,0.9012786247621764,5218.625062214187,-153.1608429078138,0.0298287031523821,0.0087824365949726,0.0044205709563445,1.524747585873643,0.0200107898563146,0.0028992149238404,5.981481481481482,1.0,0.0,0.0,,,
HET_IDP_CPEB4_8,HET_IDP,CPEB4,8.0,250,24,3.005438238845999,0.3821048691448775,3.0,3.0,3.7623606251552935,1.1396360083074863,11446.005658189742,0.0490104154481631,21.79461606343587,22.007099151611328,0.0028805410051489,0.9792971953090048,1.0066262557140508,2.072927041537459,2303.816674760601,5774.188475994761,1.1590065497905016,12.908296585083008,1.1683987155429745,53.75059223937989,0.3514351213894493,2456323.7994055413,3384.229615647096,0.7737903218736076,7778.289460293607,-217.1320151391475,0.0277666699529793,0.0164436281344919,-0.0132845267366003,1.6183976051341786,0.1318945288658142,-0.0082084443857528,7.986111111111111,1.0,0.0,0.0,,,
HET_IDP_DDX4_10,HET_IDP,DDX4,10.0,250,40,2.9987524143744304,0.3752703435429527,3.0,3.0,3.2074795511631944,1.1387316770339415,11989.009193883952,0.0360542840340646,17.277513217926025,17.459335327148438,0.0068156540503047,0.9870631364703694,1.0180353069045067,2.705839824369237,6897.569498818,14391.220991043983,0.1367689505219459,-0.0004886627197265,1.170044061812161,55.23689450073242,0.3563554738827668,5218292.126728778,3372.4944343078946,0.7495898608943665,18591.52930411209,-398.7275485105247,0.0301849864688559,0.0081511366339425,-0.0060834050988688,1.600692378958248,-0.0089395968243479,-0.0038004835772679,13.325,1.0,0.0,0.0,,,
HET_IDP_DDX4_12,HET_IDP,DDX4,12.0,250,48,3.0129971680424346,0.3693671493612284,3.0,3.0,3.1296279746491025,1.153591408819298,12604.631237455897,0.0307633002502346,16.172348936398823,16.25593376159668,0.0021721352598552,0.9897626999043396,1.0055727873505809,2.657962216357056,12070.718309871516,20781.75454351064,0.0872099662199616,0.05757896900177,1.1682090750576746,58.47536437988281,0.3566941017295395,9400412.937901756,3483.3616775469104,0.748186999249048,30199.55028091877,-501.3263273485246,0.0297247166307529,0.0065839188032288,0.0028825610946238,1.5857087035461193,0.0208650473505258,0.0018178377201284,15.993055555555555,1.0,0.0,0.0,,,
HET_IDP_DDX4_15,HET_IDP,DDX4,15.0,250,60,3.0825133528494404,0.3531091372119212,3.0,5.0,3.0478057366787894,1.196336335129849,12019.181739443462,0.0242960278672331,14.12491062482198,14.268972396850586,0.005162711706996,0.9846211983845436,1.013073357868108,2.807400252452901,23591.811282793697,32446.53842175773,0.0933916117995977,0.073693299293518,1.16361027699055,57.75597277832031,0.2894058724852748,18206010.708324365,3556.893718111163,0.8380829985985483,64143.23760767248,-669.1396263504831,0.0276252187903491,0.0058094809059329,-0.0102265889764134,1.545855812045377,0.0418445281684398,-0.0066154869659032,19.994444444444444,1.0,0.0,0.0,,,
HET_IDP_DDX4_18,HET_IDP,DDX4,18.0,250,72,3.087766510328184,0.3773613925160553,3.0,6.0,3.00294053217867,1.2223889102312542,12932.798253779409,0.0187643001302902,13.374680585331388,13.644062042236328,0.0109959846139883,0.9873200105176008,1.02969543381226,2.810928432191385,40097.91829749803,46417.16850365742,0.1100209350523073,0.1481972694396972,1.1607277189566745,61.46188633728028,0.3690531694684826,112080416.31241484,3510.6074431216366,0.7193368364523397,181551.7552363798,-858.7725968702937,0.0288189720353091,0.0081356900664144,-0.0072511587636852,1.6060680914743724,0.042893249541521,-0.0045148513949848,23.99537037037037,1.0,0.0,0.0,,,
HET_IDP_DDX4_2,HET_IDP,DDX4,2.0,250,8,2.995483762929513,0.3543213919902394,3.0,3.0,5.078970818850634,1.1041642257639763,12283.53424074573,0.1584655077811621,39.10624361038208,39.17784881591797,0.0010499307486931,0.9701917164493572,1.0025095376370128,1.7328679513998633,289.88236607061805,786.6038726260057,1.570154727064073,22.128036046028136,1.1755385494826864,55.856410186767576,0.4014016604569815,1211421.8291441707,3768.348336977608,0.8658254093111003,1739.5334801145186,-44.21323964687547,0.0383424959355738,0.006299164930692,0.0060113483228317,1.5487581400325456,-0.0719748437404632,0.0038813990170971,2.625,1.0,0.0,0.0,,,
HET_IDP_DDX4_20,HET_IDP,DDX4,20.0,250,80,3.127272724487361,0.3727605435859559,3.0,6.0,2.9497350556604616,1.2547021459245256,12376.792509392591,0.0147200263776613,12.413014578819276,12.655003547668455,0.0072663660233796,0.9864764461112848,1.0192783936577323,2.6381406805214933,54725.63725226643,57181.1862705188,0.1772552154958248,0.1581802368164062,1.156647317409096,60.67421347045899,0.3168924178480127,642963762.9916141,3228.5149519795777,0.699785203551828,654406.7081953785,-1012.4510642505318,0.042777741989433,0.0106635533536164,0.0118230688027786,1.5942874603537296,-0.0236429218202829,0.0074158952485355,26.6625,1.0,0.0,0.0,,,
HET_IDP_DDX4_25,HET_IDP,DDX4,25.0,250,100,3.28956667467901,0.351615106371226,3.0,8.0,2.970978148537041,1.34125440010891,13807.240906851575,0.0252316716804026,11.72490665435791,12.155280113220217,0.0184277388220971,0.9837553559661864,1.0499661454612184,2.7599530534732017,61016.48823524429,61507.692146957415,0.1196057263761758,0.2502121686935424,1.143189232093091,67.71217442321777,0.2992827734696465,57414876.492546014,3708.2453559076207,0.7638252902473097,509986068921.324,-2090.5505775967245,0.0263063991422015,0.0112833622426666,-0.0102369117837908,1.5422937977523885,-0.0344119444489479,-0.00663745895759,33.33,1.0,0.0,0.0,,,
HET_IDP_DDX4_3,HET_IDP,DDX4,3.0,250,12,2.927906807178164,0.3826351773503502,3.0,3.0,4.236476004159298,1.0903935895920944,12784.94792871269,0.0771758018768756,32.57529131571452,32.649837493896484,0.0010039451816328,0.9812190581320052,1.0021213906908335,1.8636799873410173,184.2991727960253,1308.3306323495328,0.095152430050075,-0.3251431226730347,1.1717738194692442,55.94525833129883,0.3671123259636878,1510155.446382648,3308.480400920121,0.6763082863591062,3215.892770413192,-92.22009513627128,0.0319341922793891,0.0126128318273036,-0.0015949383029471,1.6197877872408242,0.0002571165678091,-0.0009846588024752,3.9722222222222223,1.0,0.0,0.0,,,
HET_IDP_DDX4_4,HET_IDP,DDX4,4.0,250,16,2.979944183207936,0.373126274997809,3.0,3.0,3.825896219664185,1.1032835636110576,13064.998845761182,0.061679258153222,28.518298625946045,28.599098205566406,0.0018583700129173,0.9848739584198226,1.00479771943787,2.393312122974524,439.65372256630815,2318.877311291404,0.0946811505593359,-0.3755179643630981,1.1731049145461128,55.768356391906735,0.3621670760309613,2044861.795087364,3877.004254162425,0.7953001591587284,4527.726656572427,-133.71876325029518,0.0262586246942525,0.0080211985340259,-0.0053872020554407,1.5952176014340127,0.0120900003239512,-0.0033770954196219,5.3125,1.0,0.0,0.0,,,
HET_IDP_DDX4_5,HET_IDP,DDX4,5.0,250,20,2.9821135764669395,0.3731740676342919,3.0,3.0,3.6533113918998064,1.10990205082556,11959.027265875173,0.0556322576865562,24.404050827026367,24.5003604888916,0.0017734683905635,0.9849693735610794,1.0044325918210788,2.55368155802976,1025.5084789931666,3737.209467763856,0.3176383868325502,1.3589720487594603,1.1721122402632744,54.19822634124756,0.3362923347296492,1745497.619956304,3484.2397184714,0.7807297249486979,5860.343652749457,-173.33952371850455,0.0249032730542718,0.0107648306092026,0.0010946239416053,1.5953392295463795,-0.0623961016535759,0.0006861386727436,6.65,1.0,0.0,0.0,,,
HET_IDP_DDX4_6,HET_IDP,DDX4,6.0,250,24,2.993054522379528,0.3711426618669999,3.0,3.0,3.574605774201498,1.114829816244482,13231.386702688456,0.0477720453631583,23.43290138244629,23.517410278320312,0.0017513972442363,0.9882801676006272,1.0040619542439997,2.4631046437978177,1469.257146143432,5188.584126281854,0.0738430072553455,-0.1802194118499755,1.171487773359647,57.38991366577149,0.3727229924130065,2529800.498357615,4020.476853381652,0.8187123196793278,7785.8270220843215,-218.97465298466057,0.0285918069749005,0.0128507749022441,-0.0218013461893777,1.5901857851716843,0.1274521052837371,-0.0137099365315059,7.986111111111111,1.0,0.0,0.0,,,
HET_IDP_DDX4_8,HET_IDP,DDX4,8.0,250,32,3.008103205764106,0.3690232210776496,3.0,3.0,3.3360518188667148,1.1303150411214409,11520.177170584218,0.041321958746447,18.935754001140594,19.043764114379883,0.0027622555829594,0.984144920931692,1.0073619002501806,2.8698508096094857,3549.608679175036,9230.857627893469,0.1217815481126308,-0.0281145095825195,1.174423549092276,53.03423843383789,0.3382051313242616,3014499.397398621,3542.412375943825,0.8332709911755254,12009.2326832873,-305.8906770264864,0.0287141484088034,0.0139646130533701,0.0041431115222506,1.5848443768531495,0.0055016935802996,0.0026142071628608,10.65625,1.0,0.0,0.0,,,
HET_IDP_EWSR1_10,HET_IDP,EWSR1,10.0,250,50,3.0329600974379,0.3564832948598777,3.0,3.0,2.986572342728986,1.1621770282763602,12332.29135802967,0.0322188723536432,15.67328945159912,15.849669456481934,0.0054295761287228,0.9856415026850652,1.011356744460561,2.560028513574389,13534.019124349552,22475.79211847913,0.1833300347439944,0.4613967657089233,1.1763494181545502,56.46477882385254,0.4196891458124348,7928943.978163852,3530.6285899188,0.803098979035258,29844.20806641896,-515.2804320424938,0.0379528426642737,0.008722220006236,0.0262165103256596,1.5539612134579404,-0.0436473079025745,0.0168707623439548,16.66,1.0,0.0,0.0,,,
HET_IDP_EWSR1_12,HET_IDP,EWSR1,12.0,250,60,2.9583244480431707,0.4022923416593699,3.0,4.0,2.854818660437416,1.1600227325301882,13743.03143239663,0.0276615295017774,15.104075686136882,15.171690940856934,0.0023125487886917,0.9874113716027878,1.0057925932361131,2.845372662706428,23257.28542566882,32281.501283177,0.1922413703054189,0.8814691066741943,1.1746938142216146,60.58090377044677,0.3825741198293543,21206650.380119137,3362.3786940037685,0.6081662566354805,53229.39021669779,-645.7882730729315,0.0282938968315251,0.007211884478876,-0.0118875063708359,1.6730587036080873,-0.0143506675958633,-0.0071052535959969,19.994444444444444,1.0,0.0,0.0,,,
HET_IDP_EWSR1_15,HET_IDP,EWSR1,15.0,250,75,3.0566327988573203,0.3575898025056853,3.0,5.0,2.6753371828321635,1.2023279221171863,13332.30900506796,0.0210321803095978,13.305656344095866,13.506254196166992,0.0084271279034132,0.9865836936372158,1.0211409125125803,2.580848793587693,45054.23608545372,50256.90882639139,0.1554009160026908,0.661899471282959,1.1631174630998378,60.78613632202149,0.3065119726269349,130432171.26095004,3563.83723021783,0.7475278272869444,194841.54202215865,-868.8828446721665,0.0301142504425422,0.006012463046445,0.0068041886028887,1.5566378054091368,-0.0761666297912597,0.0043710801438894,24.995555555555555,1.0,0.0,0.0,,,
HET_IDP_EWSR1_18,HET_IDP,EWSR1,18.0,250,90,3.149668376534052,0.3493108212693984,3.0,7.0,2.4891413773639544,1.262019392863462,11841.894340937764,0.023985948736642,11.447521622975668,11.694007873535156,0.0058892717812188,0.984394153751314,1.0137099557992315,2.566711660960868,61017.303031347365,61508.2382582435,0.1883033425547182,1.7448082447052002,1.158902776103805,58.78946977233887,0.3058287373516318,165014214.64509833,3398.4379354873186,0.8215729301945546,209999920498.84235,-1412.3845685642432,0.0268042924239727,0.0086695316465642,-0.00916895176762,1.53683207388027,-0.1053399592638015,-0.0059661376951049,29.996296296296297,1.0,0.0,0.0,,,
HET_IDP_EWSR1_2,HET_IDP,EWSR1,2.0,250,10,2.9802359259858493,0.3623530912003956,3.0,3.0,4.485196066551014,1.0981243372213578,12485.874629669468,0.0966623268739235,35.2646068572998,35.32158279418945,0.0007106842801824,0.9888660692580452,1.0015374084188566,1.4978661367769222,106.13268436944816,913.4306744552836,0.0817604977171868,-0.3090091228485107,1.1747259019312204,55.30435139465333,0.3666593007297125,1373640.4426645392,3678.413525453516,0.8130356900320732,2467.4023161817386,-70.0959459558965,0.0393334489852683,0.0083341680907875,0.0065511424390658,1.5682660516343436,-0.085811398923397,0.0041773157251099,3.3,1.0,0.0,0.0,,,
HET_IDP_EWSR1_20,HET_IDP,EWSR1,20.0,250,100,3.081470829631289,0.4067214559255478,3.0,8.0,2.4651525817995834,1.2667028200658457,12840.44125761855,0.0354773139695464,11.308718605041504,11.450284004211426,0.0053637159787875,0.9887363479214288,1.0143343816077333,2.688842272726766,61021.30852944695,61510.9198047002,0.3425320016220212,1.9261669874191285,1.1575478426486947,62.322236343383786,0.3600638648116163,34716047.6426495,3279.390494981405,0.6279370403310687,510027976592.0161,-2005.694835174049,0.0319803729933231,0.007455718194858,-0.0157155641950633,1.685548904452724,0.0290392786264419,-0.0093237070444026,33.33,1.0,0.0,0.0,,,
HET_IDP_EWSR1_25,HET_IDP,EWSR1,25.0,250,125,3.226785772196139,0.3592534401113704,3.0,11.0,2.398355240957356,1.3445371201907186,13847.920406008794,0.0686983452481594,10.503824951171875,10.78269386291504,0.0094681960096259,0.9886747333769884,1.0246998682189223,2.5159788878793066,61023.70347711472,61512.52213462577,0.3914955910295248,2.3079429626464845,1.1462195981535,66.92055836486817,0.2726621881981803,5635845.047118489,3436.848298122032,0.6908358533213638,1259966680984.3647,-3568.0817584547526,0.0213791667039476,0.0063461331029565,-0.0068434050429612,1.5606794676725435,0.017270091921091,-0.0043848882389209,41.664,1.0,0.0,0.0,,,
HET_IDP_EWSR1_3,HET_IDP,EWSR1,3.0,250,15,2.9475428589860706,0.401597002203453,3.0,3.0,4.01111057253465,1.105301592559319,13309.590074200216,0.0747098179428358,29.72785212198893,29.95489501953125,0.0036232512722551,0.9729279343226138,1.0095977512754577,1.8640435797520265,582.2273898647702,2204.673178724024,1.501265898346901,21.44482457637787,1.1711364873853791,57.33163151550293,0.3789550818330444,1923112.7060832712,3739.114088316543,0.6995416460608467,3961.2161127515,-116.73646897724583,0.0370059386184809,0.0151736659494091,-0.0133566950917098,1.671114622891634,0.1275261491537094,-0.0079926863830552,4.977777777777778,1.0,0.0,0.0,,,
HET_IDP_EWSR1_4,HET_IDP,EWSR1,4.0,250,20,2.908170873234755,0.4129455640958132,3.0,3.0,3.617548132420009,1.0945057198895367,12516.70876896898,0.0564272814993459,24.966604137420653,25.03138542175293,0.0011243886484839,0.9897634238687316,1.0030166411614914,2.3627273075413298,1056.689978934509,3768.400061755897,0.1105090297758579,0.0774621725082397,1.17030304742562,55.2851096496582,0.381175108495428,2228829.8843566733,3274.10980438404,0.6334470057862133,5849.674711028099,-172.4881507892798,0.0282128699011612,0.0072556920159004,0.01771427953944,1.703419544832824,-0.0900948867201805,0.0103992463818645,6.65,1.0,0.0,0.0,,,
HET_IDP_EWSR1_5,HET_IDP,EWSR1,5.0,250,25,2.9929984567601933,0.3739718724455981,3.0,3.0,3.544156976617282,1.1178130731880431,12853.453559324058,0.0527225393888527,22.62914276123047,22.80623245239257,0.0026089505203806,0.9790833558789414,1.0056983564739206,2.4425509826410803,2139.117165725881,5948.747563842507,0.852772344276309,7.698055076599121,1.1727685437212336,56.8470650100708,0.4058697395946835,2520113.763019473,3916.883439830729,0.814857892299346,7934.8210664490625,-220.7034158929795,0.0282724083085445,0.0136519936964122,-0.0072526715222836,1.5973723160116315,0.055810660123825,-0.0045403763725781,8.32,1.0,0.0,0.0,,,
HET_IDP_EWSR1_6,HET_IDP,EWSR1,6.0,250,30,2.911050472730968,0.4102778377543159,3.0,3.0,3.400039892282241,1.1074710573350397,12472.06186810936,0.0424935457330064,20.34874960581461,20.413963317871094,0.0014263871502449,0.9909031797779618,1.0035026085547414,2.765586615592566,2921.144554620162,8126.876659484295,0.0797258233651518,0.0601326704025268,1.1726624451829188,55.90100365447998,0.3574021679873946,3791355.9771269793,3133.0894359897825,0.6122890288595904,11248.93317153168,-284.2562760474285,0.0338162864346931,0.0122634404491306,0.0050667259191837,1.695713785271292,-0.0816390588879585,0.002987960564391,9.988888888888887,1.0,0.0,0.0,,,
HET_IDP_EWSR1_8,HET_IDP,EWSR1,8.0,250,40,3.014523226869076,0.3611935387154575,3.0,3.0,3.224760879595538,1.141141798059127,13113.370567106138,0.0354040555309509,18.06981835365296,18.166860580444336,0.0037496569511903,0.9888046359502212,1.0100742983937785,2.5897919794986923,6869.503314678435,14370.21820125707,0.0739767604507505,0.1068625450134277,1.168503949255694,57.76823373413086,0.3421092890828432,4746660.79658316,3807.402467780047,0.8038490083138115,19057.9276112491,-400.91146638000384,0.0319102116394507,0.0092880487686423,-0.0076059116190292,1.565419357201166,0.1144552677869796,-0.0048587054858847,13.325,1.0,0.0,0.0,,,
HET_IDP_FUS_10,HET_IDP,FUS,10.0,250,40,2.982206873322616,0.3878138351595196,3.0,3.0,3.124845074473766,1.128471656686305,12394.519919157668,0.034217478121535,17.5675226688385,17.802452087402344,0.0042941609361882,0.985644280691261,1.0092598792703094,2.3326562002676767,6938.029598834364,14411.025115040497,0.2095439583063125,0.9673705339431764,1.1706860743430536,55.890651344299314,0.3684856003430579,4943189.805317123,3590.748368361452,0.7470195430072377,20718.333110828265,-405.00224304076,0.0363341147732594,0.0108388440132438,0.000685998918042,1.633490035274766,0.0438227728009223,0.0004199590466951,13.325,1.0,0.0,0.0,,,
HET_IDP_FUS_12,HET_IDP,FUS,12.0,250,48,3.012539995249227,0.3682395749072111,3.0,3.0,2.9501402369677243,1.1398037646755002,13195.000269039694,0.0303187201904078,16.54665740331014,16.69000244140625,0.0040045843802795,0.9864690029846032,1.0101209822281196,2.701001601946681,11849.15353561852,20659.19578403694,0.332560608536005,1.8479279041290284,1.171115354756722,58.91553242492676,0.3861695065588016,8594068.577469548,3966.397405005164,0.8163123393645783,30208.39424036362,-503.4225467813561,0.0258256241558745,0.0073371500030763,-0.0077361105818086,1.582878509449411,0.1303675472736358,-0.0048873685094194,15.993055555555555,1.0,0.0,0.0,,,
HET_IDP_FUS_15,HET_IDP,FUS,15.0,250,60,3.0023255077591053,0.3870972593584023,3.0,3.0,2.7158981316145967,1.1543061076571757,13273.064313690476,0.0253947795614471,14.84351642926534,14.986068725585938,0.0036195083326715,0.9885199293409236,1.0086226322028924,2.5503737679347687,23158.96159096745,32240.812901232395,0.3559105639866174,2.434462070465088,1.1773587477332292,58.757794692993166,0.3623367786804511,19071787.57205012,3801.242804656648,0.7398340507986442,57825.65142846449,-661.1780921456169,0.037550706479814,0.0072244604977597,-0.0083372818576793,1.6315802389024756,-0.0146318571642041,-0.0051099428997599,19.994444444444444,1.0,0.0,0.0,,,
HET_IDP_FUS_18,HET_IDP,FUS,18.0,250,72,3.020675054685607,0.3780070817448495,3.0,3.0,2.521423949774396,1.1655056198313574,13615.262909601346,0.0203270309424439,13.723627779218884,13.852705001831056,0.0058791045864718,0.9895081078931514,1.0153303664073725,2.8215509420743947,39886.16501213187,46334.312262664826,0.2772233223542571,2.412522220611572,1.1686475537462522,59.87824388122559,0.3849554565027512,65265062.63867734,3931.0923404831474,0.7638134072650588,144082.63103699702,-841.4935859068418,0.0255228584280301,0.0065079796971492,-0.0170755237315554,1.6077353465779904,-0.0682104676961898,-0.0106208548358646,23.99537037037037,1.0,0.0,0.0,,,
HET_IDP_FUS_2,HET_IDP,FUS,2.0,250,8,2.9643118123012084,0.3816545869166802,3.0,3.0,4.914446450807132,1.094655001251326,12805.661589497044,0.1439736062532206,39.92874193191528,39.95813751220703,0.0005196322495744,0.9802147061478692,1.001322023725817,1.7328679513998633,256.9388628701771,771.1430884740581,0.668689921614714,4.896991276741028,1.1703536546345112,54.85554079437256,0.2932151925134327,1318915.7977978245,3727.3071967416095,0.762645445204189,1706.317114150162,-46.515006695985136,0.0254103377591486,0.0067315903247279,0.0059040304223429,1.6172190798886923,0.0210092663764953,0.0036507301301343,2.625,1.0,0.0,0.0,,,
HET_IDP_FUS_20,HET_IDP,FUS,20.0,250,80,3.0368052712869296,0.3761603981257397,3.0,5.0,2.355722588764241,1.1868282496387224,11933.354339198584,0.0168143529454438,12.188804507255554,12.432833671569824,0.0047174158550323,0.9857912662140864,1.011695473935775,2.406606149629597,54659.21692639609,57157.4752021668,1.124868076108396,9.526375889778135,1.1677583105238496,56.4377899017334,0.3630377662805721,1225203935.822564,3368.7300924519377,0.7504652863362854,757324.4206136569,-980.525303947348,0.0374904461953353,0.0083700403831355,0.0062095573087946,1.6029761448224922,-0.0358098149299621,0.0038737677590922,26.6625,1.0,0.0,0.0,,,
HET_IDP_FUS_25,HET_IDP,FUS,25.0,250,100,3.0610457237382267,0.3579354664459084,3.0,5.0,2.1260217714141474,1.1954601007099497,13009.436435758178,0.0311256470402545,11.382956647872923,11.486162185668944,0.0041989278998496,0.989850933684408,1.0114247148098707,2.850027063098052,61018.87604796773,61509.29043367596,0.5367012927308679,3.1746814250946045,1.167510979229738,59.55575929260254,0.3602092772607385,43124510.70097211,3891.800537341729,0.8357711143511655,509991437419.005,-2038.2760129902367,0.0459235512517297,0.0103364390178205,0.0079498503327478,1.5574758419758654,-0.0996596813201904,0.0051043169453928,33.33,1.0,0.0,0.0,,,
HET_IDP_FUS_3,HET_IDP,FUS,3.0,250,12,2.9651084397198653,0.3662175683236446,3.0,3.0,4.2701622904322685,1.09921244982475,12904.116978937333,0.1078963063011426,32.72676054636637,32.818477630615234,0.0008997402400531,0.981906344493176,1.0011022257364512,1.4451858789480825,925.1941607320692,1924.5702998152208,2.040536243841052,22.578334307670595,1.171079807185072,56.46332975006104,0.3580493262191281,1644256.2197663323,3594.6487284446266,0.7606572189437705,2868.773606091488,-80.15704675015809,0.0286246300415818,0.009477213691501,0.013751793388733,1.5778285260369218,0.0634650141000747,0.0087156450532696,3.9722222222222223,1.0,0.0,0.0,,,
HET_IDP_FUS_4,HET_IDP,FUS,4.0,250,16,2.9875531790963645,0.3632926278893852,3.0,3.0,3.79458470507004,1.1033771893088389,12587.485895730517,0.063137892661348,27.992294549942017,28.085092544555664,0.0017736768285632,0.984806496653372,1.0046587624541152,2.0467385326945515,489.4304425637173,2373.676545082551,0.1174910600762814,-0.1253305435180664,1.16903679205259,55.69749411010742,0.3523212110162955,1827163.2887235784,3788.520297659066,0.8284647536116486,4593.132107095548,-132.59683979978976,0.0342410968551734,0.0100562809301484,-0.0060976434186972,1.570580212830127,-0.0123594226315617,-0.003882414516939,5.3125,1.0,0.0,0.0,,,
HET_IDP_FUS_5,HET_IDP,FUS,5.0,250,20,2.96717544096827,0.3751679750832387,3.0,3.0,3.664255358651052,1.1044777473672682,12254.639907558809,0.054699899606473,24.70386095046997,24.75181007385254,0.0007219354925863,0.9926289260345632,1.0016019802013398,2.2934125894853463,1027.3805884340245,3735.503874709445,0.3316425319761037,1.0775582790374756,1.175353435729792,54.983689987182615,0.4004484741430013,2116915.242499776,3430.141462724138,0.7460805487679291,6245.757419405362,-174.3536036697326,0.0382967015166564,0.0174542179015743,0.0019939877108338,1.600430131815375,0.0404061265289783,0.0012459073789416,6.65,1.0,0.0,0.0,,,
HET_IDP_FUS_6,HET_IDP,FUS,6.0,250,24,2.980428106292941,0.3779324449485695,3.0,3.0,3.5318146990450785,1.1092805846167575,12724.216984879047,0.0466423634390047,22.97940198580424,23.09092330932617,0.0019899499159265,0.9895187665677144,1.0049857459695757,2.5927874269573907,1475.0117409265008,5191.200638961629,0.1945583812892437,0.198820161819458,1.1753888244475732,55.67034984588623,0.3894617546380647,2623533.1363402694,3781.4886619174913,0.7863530199947912,8550.59257534812,-220.6977157632996,0.0314402852555244,0.0110436298732787,-0.0020461444662686,1.6075424475679707,-0.017128026112914,-0.0012728400853345,7.986111111111111,1.0,0.0,0.0,,,
HET_IDP_FUS_8,HET_IDP,FUS,8.0,250,32,2.929725500123713,0.3942619916416736,3.0,3.0,3.3213125563592603,1.1090305765375523,12513.416764462065,0.0391146068971486,19.735223352909088,19.78793907165528,0.001651904444784,0.9894149240324064,1.0043845173463062,2.6475095009915863,3499.449125888645,9199.256967679825,0.1042912226170301,0.3820554971694946,1.17021346519681,56.00492812347412,0.3201855982037356,3877254.573926201,3181.337187165951,0.6448354151434682,13374.361832507935,-311.1608918296952,0.022701601289673,0.0069563683016438,0.0043734565886243,1.650878739985632,0.039640188217163,0.0026491688834744,10.65625,1.0,0.0,0.0,,,
HET_IDP_LAF1_10,HET_IDP,LAF1,10.0,250,50,3.067378148659816,0.3608166463789015,3.0,5.0,3.115810799962041,1.1865440400463112,11917.315990370287,0.0300876731260317,15.407047729492188,15.644336700439451,0.0081627204336988,0.9871665260629752,1.0232810684267182,2.665520530373003,13375.934081716365,22397.31680586596,0.1120648680254817,0.186360478401184,1.166923316905165,57.26622137451172,0.3194964209992091,8038667.619001036,3488.8941901176595,0.8113771594126233,32538.76997572104,-525.5459550164458,0.0287732323505651,0.0062059061326778,-0.0019314885077014,1.5644963128886331,-0.0101491706445813,-0.0012345753017543,16.66,1.0,0.0,0.0,,,
HET_IDP_LAF1_12,HET_IDP,LAF1,12.0,250,60,3.076321230555271,0.3731919190360552,3.0,5.0,2.967152525746188,1.204141961245625,12985.9693755867,0.0270538940259065,14.681199868520102,15.055704116821287,0.0116913893183751,0.9866890405128412,1.0313292920429722,2.655725386725756,23151.5811843666,32236.838850616947,0.0961737380130216,0.3961822748184204,1.16390267952217,60.37366413879395,0.3462770485951069,18375972.80594182,3756.854618793892,0.7752071750951168,53444.489032364414,-649.7863735965799,0.0293605469078127,0.0080670749272012,0.0116799942234214,1.5953846645725074,-0.0479985065758228,0.0073211147643938,19.994444444444444,1.0,0.0,0.0,,,
HET_IDP_LAF1_15,HET_IDP,LAF1,15.0,250,75,3.0831878610798804,0.3893507145833332,3.0,6.0,2.7642724840601685,1.2356287901531278,12597.999554361511,0.0200335880685046,12.933585968017578,13.26043701171875,0.0119251031373862,0.9864120587872656,1.0313970682022828,2.820942543476358,45088.11384401908,50268.88504329669,0.1324236690765246,0.7614612340927124,1.1717990035695638,59.82497175598144,0.3660025290649775,171302316.3162762,3409.622672527921,0.6951263563575186,236665.26258743304,-879.8276037238144,0.0432003625574386,0.0034517641849902,0.0001892671566136,1.6376011957791223,0.0211491249501705,0.0001155758539319,24.995555555555555,1.0,0.0,0.0,,,
HET_IDP_LAF1_18,HET_IDP,LAF1,18.0,250,90,3.1467535620457845,0.3625371669133026,3.0,7.0,2.6403008509589347,1.2763184810905197,13044.877685087116,0.0235102973087454,12.014894326527914,12.231934547424316,0.0062439752190101,0.9860489102459132,1.0159166462283749,2.602281670694457,61014.9838928156,61506.68506481246,0.0801447465550154,0.9794305086135864,1.1537120140364052,63.37743414306641,0.3198036552998693,103673273.0647122,3360.77111814819,0.7106346645199095,209993661442.0597,-1417.372200623523,0.0239219950547625,0.0083763064423116,0.0231812564207886,1.5687189089249949,0.0081037785857915,0.0147771893915631,29.996296296296297,1.0,0.0,0.0,,,
HET_IDP_LAF1_2,HET_IDP,LAF1,2.0,250,10,2.9814000602711013,0.3609630169047936,3.0,3.0,4.566870046602476,1.1030557909135124,11407.163984557426,0.128721795770387,33.70685157775879,33.809043884277344,0.0012101764031776,0.9734045120859888,1.0022206515896208,1.6094379124341005,718.8152309631055,1431.2926161940948,2.338669566065073,27.200823163986207,1.169469274431883,53.01030013275147,0.3662173222834679,1144871.4289414475,3306.269920198208,0.8029673997235786,2155.583806669504,-61.503054546894894,0.0286150048777667,0.0090529681772461,-0.0033165781684723,1.5648546585777428,0.0697471722960472,-0.0021194161068445,3.3,1.0,0.0,0.0,,,
HET_IDP_LAF1_20,HET_IDP,LAF1,20.0,250,100,3.2551695202496185,0.3459446495943639,3.0,9.0,2.584667546722764,1.334942415460037,13123.772425704292,0.0345354800563107,11.432378072738649,11.690108299255373,0.0101652552197922,0.987146341822447,1.0289865577765378,2.748064180690837,61017.90212611704,61508.639679604,0.1450770799070596,0.8308228492736817,1.1451165543586608,65.04071534729005,0.2569056284166537,36332425.24584998,3536.4725638651744,0.7789417539661492,510003535763.7158,-2012.3912425833944,0.0277685458087892,0.005873316062905,0.0025163170521249,1.528922589471692,0.0328842997550964,0.0016458106311516,33.33,1.0,0.0,0.0,,,
HET_IDP_LAF1_25,HET_IDP,LAF1,25.0,250,125,3.2641616512952787,0.379120249613854,4.0,11.0,2.4502626486727794,1.3676338479844414,13807.04946100996,0.0687576128649014,10.487910736083984,10.785147666931152,0.012898003591147,0.989471552623916,1.036726034767475,2.785664984706603,61029.33136645026,61516.28941093591,0.1876851633191108,1.243495798110962,1.1437837463552532,67.99366061401368,0.2877682320122844,5857858.08178803,3696.494727883674,0.7061748215477973,1260010849170.0432,-3567.8704782444747,0.0360854352415755,0.0125705664421379,-0.0004336180758854,1.6106178360271313,-0.0584072843194007,-0.0002692246827019,41.664,1.0,0.0,0.0,,,
HET_IDP_LAF1_3,HET_IDP,LAF1,3.0,250,15,2.9657523112967064,0.381376252057668,3.0,3.0,3.992501172649225,1.1010088218872045,13788.086998311752,0.0728945835733139,30.257692591349283,30.307748794555664,0.001053538153317,0.9890115102112972,1.002486856762688,2.430791328878222,738.7253075723272,2330.0943324840564,0.5885245584882796,7.320797395706177,1.1707711310115287,57.99780211639404,0.3691505890958308,2085633.759423275,3941.932190445136,0.7496378178391382,4197.9281031257815,-117.84334197621934,0.0293960358360299,0.008873758701757,0.0051057140703241,1.6164914511061088,-0.0065505905076861,0.0031585159739104,4.977777777777778,1.0,0.0,0.0,,,
HET_IDP_LAF1_4,HET_IDP,LAF1,4.0,250,20,2.9912711623774126,0.3661675370673498,3.0,3.0,3.692132558501542,1.1090137002398788,13321.74434631658,0.0528174179676464,25.756990909576416,25.788572311401367,0.0006657928932294,0.9906030916768124,1.0017357100941304,2.5105292471619984,854.073027446669,3616.5359332043568,0.0940784709528088,-0.2062591552734375,1.1715042630909471,57.58733811950684,0.383195856051608,2178758.132841509,4031.448775324539,0.8264569040853903,6415.112215833031,-176.45485477381283,0.0243023707045989,0.0055507914984078,-0.0045625221098444,1.5777039809118425,-0.007171815726906,-0.002891874625884,6.65,1.0,0.0,0.0,,,
HET_IDP_LAF1_5,HET_IDP,LAF1,5.0,250,25,2.936165473885166,0.4016411537576476,3.0,3.0,3.5118283347486097,1.1063682737899343,12546.425595054545,0.0476138038003399,22.357300186157225,22.414152145385746,0.0012083888657986,0.9903765235911652,1.0029883251058294,2.5461165287237013,1823.2324987157745,5732.216732674844,0.1031025401316583,-0.0469767570495605,1.1707966101147562,55.96403391265869,0.3492005553718941,2859938.1097044763,3352.7587780017584,0.6653406939733492,8628.817958003023,-228.34744143574017,0.0238808806397343,0.0079145831075813,-0.0142440756950031,1.6712379306831064,0.0190935134887695,-0.0085230686981408,8.32,1.0,0.0,0.0,,,
HET_IDP_LAF1_6,HET_IDP,LAF1,6.0,250,30,2.983729968971701,0.3730185212629459,3.0,3.0,3.450624367356214,1.1266162442308247,12139.870739428105,0.0428020914602365,20.07591082255045,20.14463233947754,0.0019427179779593,0.9889421088097324,1.004989174291145,2.719376803555236,3148.6567373553685,8264.525282425719,0.1010900643654167,0.0258948326110839,1.1723447184463784,55.022173316955566,0.3587303011660333,3341903.401290317,3336.9267693433912,0.7368892437774519,11396.421064462907,-283.60514691296925,0.0318761686355905,0.0074057819549936,0.0033495554852438,1.5949434455613063,0.0103396298363804,0.0021001092511183,9.988888888888887,1.0,0.0,0.0,,,
HET_IDP_LAF1_8,HET_IDP,LAF1,8.0,250,40,3.0254484933133416,0.3653178220905018,3.0,3.0,3.287931673201162,1.1502440746373457,12670.6449957214,0.0350185384956238,17.76222081184387,17.903974533081055,0.0028564921144381,0.9858592256056852,1.0076858517181364,2.447253843301324,6858.985301972039,14361.725354309136,0.1433859940618276,0.0549168109893798,1.169850120457212,57.81838940429687,0.3566102775452668,5996534.731147581,3718.759065031006,0.8033937684446768,19488.15342648693,-402.2253204210106,0.0313673160386775,0.0136851081187975,0.0025195882776783,1.575591744664672,-0.0789413899183273,0.0015991377754106,13.325,1.0,0.0,0.0,,,
HET_IDP_PABPN1_10,HET_IDP,PABPN1,10.0,250,30,2.9925226876463795,0.3833254441152544,3.0,3.0,3.505922519465044,1.1280618862229528,13248.797413103794,0.0412776362627539,20.97279580434164,21.04085731506348,0.0020809121195057,0.9903986835636772,1.0053133817670985,2.6034005723493148,3103.1762866083736,8251.394463533099,0.1090258559212088,0.1061803102493286,1.1723655904406605,58.54858196258545,0.372614265615309,3399199.6038110177,3983.087900187843,0.7842883858537031,11339.814123748783,-286.8690967133597,0.0223250777879636,0.005284418634214,-0.0045921357379846,1.621600875951977,-0.2025417536497116,-0.0028318532666095,9.988888888888887,1.0,0.0,0.0,,,
HET_IDP_PABPN1_12,HET_IDP,PABPN1,12.0,250,36,3.02161000947282,0.3595330147099722,3.0,3.0,3.380958794070549,1.1420957498784896,11902.043869157067,0.0348224028431884,18.1462967660692,18.217529296875,0.0023371605552694,0.9890093780316912,1.0060858676663895,2.784286063180363,5513.368637361112,12060.907544526965,0.0866614775732159,-0.1229637145996093,1.1679161540190974,56.14358711242676,0.3369484066809333,3904111.8920377335,3536.7722548720653,0.826507448784802,16823.86363971837,-362.6093869797151,0.0278120002333521,0.0036589370704341,-0.0209987537659946,1.5613607304788115,-0.0580553039908409,-0.0134490085184928,11.99074074074074,1.0,0.0,0.0,,,
HET_IDP_PABPN1_15,HET_IDP,PABPN1,15.0,250,45,3.058302418009462,0.3474954929855774,3.0,4.0,3.2531181386031323,1.168900683998242,11274.703020220011,0.0226719304816254,15.796837192111544,16.022932052612305,0.0051793437662734,0.9862806323607084,1.0125774386594562,2.493404570085552,14101.988258553987,21103.546459326128,0.096863117464818,0.2812907934188843,1.1648421564065252,54.62074194335938,0.3221296869618574,14690534.894169765,3431.762960465709,0.8759170803089104,47939.94121790012,-511.1947296174345,0.0218798399860579,0.0072805977199069,0.0152767149294743,1.5325564639784115,-0.0865708962082862,0.0099681253432061,14.992592592592592,1.0,0.0,0.0,,,
HET_IDP_PABPN1_18,HET_IDP,PABPN1,18.0,250,54,3.014334239317507,0.3889926299823779,3.0,4.0,3.177098578693392,1.1713379199379872,13304.778567463734,0.0166691120553733,15.664840239065663,15.989859580993652,0.0070020431410573,0.9863688086217762,1.0171644993963112,2.513160780510741,23289.452045563088,29749.5848943104,0.1117686999961733,0.3099419116973877,1.1660634891979362,58.9885277557373,0.3167087075996918,54367049.96487899,3525.619765376213,0.681218522820372,119386.921198972,-663.2600397070203,0.0219289641759832,0.0075652844458174,0.008363232162299,1.6366414695966087,0.0293984971940517,0.0051099964880209,17.993827160493826,1.0,0.0,0.0,,,
HET_IDP_PABPN1_2,HET_IDP,PABPN1,2.0,250,6,2.9582080834601814,0.4126480520123953,3.0,3.0,5.867967815690386,1.1318458108961171,12211.630249264112,0.5727202854781871,45.02317237854004,45.46773147583008,0.0046875109762439,0.8650418093861577,1.0085977591153998,0.8675632284814612,778.4967633236931,1047.189279796943,2.91789840455167,40.85902664661408,1.167192867363507,55.41102238464355,0.4319765111863658,1017995.8202022272,3249.313084004905,0.6448194280510489,819.7912689640444,-10.032441027756082,0.0199289941670535,0.0132321359047317,-0.024034926430468,1.702556709697171,0.0133150117471814,-0.014116960857845,1.9444444444444444,1.0,0.0,0.0,,,
HET_IDP_PABPN1_20,HET_IDP,PABPN1,20.0,250,60,3.090022314773313,0.3626542362036297,3.0,5.0,3.17252771403515,1.2070845969698514,12285.391137922748,0.0120961846431898,14.28046989440918,14.545955657958984,0.0052736465075083,0.9852339563377184,1.0119465397006884,2.332270846012257,30711.85617685894,36097.75154707949,0.1261749221943318,0.2980581760406494,1.162135831191592,58.53007733154297,0.3337328167497208,123791140.5714915,3418.6028200757005,0.7673030132927356,278831.4779186989,-794.6757071913536,0.0315083707759292,0.0194347776343484,0.0243688053544009,1.5690070552026083,-0.1169715672731399,0.0155313548604158,19.994444444444444,1.0,0.0,0.0,,,
HET_IDP_PABPN1_25,HET_IDP,PABPN1,25.0,250,75,3.101593882442095,0.3916903856905397,3.0,6.0,3.1432675115595763,1.2380837704203562,14368.137668066014,0.0072562992111254,13.81102382659912,14.445277214050291,0.0183873211944664,0.98450024085767,1.0471979813022534,2.5098452925889587,47452.38686862011,51205.37090315004,0.1374103505862876,0.3324285745620727,1.1544635247818984,65.7045598602295,0.2996114563886904,2811349968.287504,3883.719845760848,0.6900880423617206,2227663.206342489,-1108.3239766200877,0.0319013971373524,0.007681770857224,0.0004103681842393,1.643899712377846,0.0840909257531166,0.0002496309118643,24.995555555555555,1.0,0.0,0.0,,,
HET_IDP_PABPN1_3,HET_IDP,PABPN1,3.0,250,9,2.9973468520323374,0.3604432031611196,3.0,3.0,4.866295957647539,1.106789011959935,12415.731869721962,0.1337904991910279,37.06757948133681,37.156646728515625,0.0012778085303998,0.9666807409852146,1.0032350003691153,1.6769877743224726,313.6552412450352,937.3327307351638,1.5937584773637354,22.708764815330504,1.1701287197578456,55.37470359039307,0.3689952243543432,1266059.0300065342,3886.3501030808175,0.8684258773954973,2051.41199816025,-54.309963611288346,0.0191381353372825,0.0101359541680779,0.0093573763717022,1.5635827888041725,0.2135879695415496,0.0059845736587189,2.962962962962963,1.0,0.0,0.0,,,
HET_IDP_PABPN1_4,HET_IDP,PABPN1,4.0,250,12,2.955687031798562,0.3671531185577846,3.0,3.0,4.237912799841138,1.096618894167332,12201.19354448799,0.0861484737294373,31.822922865549724,31.886016845703125,0.0007682084186211,0.9864112847500162,1.001616805132087,2.022808529414704,396.9589711000234,1479.609320913837,0.8232443274930119,6.822636818885803,1.171428960600556,54.68025255584717,0.3662069752165717,1478932.2123800523,3326.9057167052306,0.742661577260586,2997.639014324629,-88.26058887374302,0.0289249979352294,0.0052055395131599,-0.0203755553011994,1.5801610615842292,-0.0824252367019653,-0.0128946066292014,3.9722222222222223,1.0,0.0,0.0,,,
HET_IDP_PABPN1_5,HET_IDP,PABPN1,5.0,250,15,2.9810549406543885,0.3793007039314677,3.0,3.0,4.033036118221699,1.1090365283251236,12707.930020432848,0.0817881190973323,29.04826431274414,29.21988868713379,0.0024104378569785,0.9765238828229666,1.005603962761808,2.0262296229953005,991.4928406272946,2525.0648330565587,2.1014611043035982,21.76605999469757,1.1696738291462936,56.74667684936524,0.3639920425810823,1694302.6167036651,3818.731348645485,0.7922470725984664,3828.236523113437,-112.66304763257148,0.038731881995492,0.005198583685864,0.0260033593265895,1.6110860868280872,0.0504317209124565,0.0161402668284294,4.977777777777778,1.0,0.0,0.0,,,
HET_IDP_PABPN1_6,HET_IDP,PABPN1,6.0,250,18,2.963257957909471,0.374519309121501,3.0,3.0,3.75322749464924,1.1055892491924266,12869.906631772212,0.0569385572382213,26.68582884470622,26.76705741882324,0.0013928713581911,0.9860440993538696,1.0031586924434963,2.428273637522868,749.6937843533694,3046.6010730867883,0.2528009763220325,1.0601420164108275,1.1711414161307612,56.72734156036377,0.3639803762979894,2047876.494279922,3525.3946428204363,0.7314053461355222,5195.004409417023,-154.75225641010775,0.0264549491430997,0.0113617605914495,0.0114956646035335,1.5987703770606922,0.0469905138015747,0.0071903162378759,5.981481481481482,1.0,0.0,0.0,,,
HET_IDP_PABPN1_8,HET_IDP,PABPN1,8.0,250,24,3.010337805214096,0.3552999814114759,3.0,3.0,3.615354735946719,1.1229083099777424,12378.599097869224,0.0485100401890343,22.665206511815388,22.69293594360352,0.0007408314118752,0.98904941587343,1.0020104899802582,2.474378668987155,1698.273707948726,5348.560578388819,0.4772648104466498,3.0537866592407226,1.169459347128042,55.98792352294922,0.3544120846946142,2660013.8107429715,3808.377402265225,0.8659110802968311,8092.23714507558,-217.87088234530023,0.0251500139298987,0.0082695772810674,0.0045082873728818,1.551108998242862,-0.0389448031783103,0.0029064929529119,7.986111111111111,1.0,0.0,0.0,,,
HET_IDP_QN_10,HET_IDP,QN,10.0,250,30,3.0264639425565543,0.3654674481259842,3.0,3.0,3.7116237888713655,1.1512158003161976,12641.56426502034,0.0435548784369521,20.48569984436035,21.370922088623047,0.0092662889557101,0.9593056009745774,1.0128853503348023,1.8410204091325035,3091.28218900533,8229.297176090788,1.1512781426325092,12.719072103500366,1.175777555131815,56.89340871429443,0.4067806899958117,2273752.642930547,3650.552939849866,0.7901492520327967,8990.000768072206,-282.0360197477248,0.0374962670408049,0.0063902487296196,-0.0207747262094357,1.5759632772922685,0.0542748682200908,-0.0131822400353208,9.988888888888887,1.0,0.0,0.0,,,
HET_IDP_QN_12,HET_IDP,QN,12.0,250,36,3.0244218086696533,0.379515507719169,3.0,4.0,3.639738472006456,1.1709403812660648,11847.013898183755,0.0411291648465935,18.10393291049533,18.589786529541016,0.0067651879971539,0.9761484615860924,1.0105348748891196,2.136854771350006,5630.389603760597,12004.912960933962,0.903933509811759,9.5840336561203,1.1766665176417044,56.37964543914795,0.3787113856946864,2866950.152076768,3199.5459481591324,0.7116229189009701,12002.34758782474,-344.632081432758,0.0329398890018007,0.0117579446492431,-0.0054053061041051,1.6116438242060052,0.0531760267913341,-0.00335390861342,11.99074074074074,1.0,0.0,0.0,,,
HET_IDP_QN_15,HET_IDP,QN,15.0,250,45,3.063763291856472,0.3731917973928087,3.0,5.0,3.4742858703568684,1.1919946242226511,12307.521972295315,0.0343306627174624,16.50454716152615,16.595834732055664,0.0048504768178729,0.988441340513307,1.0128832317429586,2.5065282954816923,10177.405275213723,18380.637955429032,0.1835886134766042,0.2874431610107422,1.1731747277939768,58.17194972229004,0.3635490358746094,4651237.139482253,3485.2626976056813,0.7588095861711255,18759.37027095088,-455.1817077196283,0.0388427395285826,0.0067230085544843,0.0006339460003747,1.5953843549598232,2.9620528948726133e-05,0.0003973625530199,14.992592592592592,1.0,0.0,0.0,,,
HET_IDP_QN_18,HET_IDP,QN,18.0,250,54,3.128755216589023,0.3457786943460688,3.0,6.0,3.328330298842532,1.231110936029028,12431.690945907978,0.0314447529148577,15.142077922821043,15.475842475891112,0.0075618504446578,0.9814259651437274,1.0195603595062208,2.666413498370628,17366.28340795324,26356.47772296888,0.0990105183795094,0.4158543586730957,1.15947867593821,59.431737014770505,0.3053542450794688,6455526.951217188,3682.587178419716,0.8566917837027899,28712.162162317785,-560.4427472199062,0.0332671105246504,0.0157842897594413,-0.0040541836899401,1.5285347501797475,0.0250979717820882,-0.00265233334682,17.993827160493826,1.0,0.0,0.0,,,
HET_IDP_QN_2,HET_IDP,QN,2.0,250,6,2.9794611422515738,0.3754468186560603,3.0,3.0,5.6316489983851294,1.10012377187079,12691.968894579251,0.3625740344555666,45.90052858988444,46.09382629394531,0.0019930428781153,0.9445786466650908,1.0036724459874613,1.011404264707375,488.6463980310434,748.8536235870018,2.851876262575388,40.79523370265961,1.1658345825268868,56.10733960723877,0.3744088455995973,745740.9998414636,3886.404046710825,0.8155874266080824,795.9337624277732,-18.261478586455688,0.0208007732476492,0.0070809170733371,0.0097066651495284,1.6011446740983015,-0.0205836426466703,0.0060623285989997,1.9444444444444444,1.0,0.0,0.0,,,
HET_IDP_QN_20,HET_IDP,QN,20.0,250,60,3.1396062611834945,0.365084776098779,3.0,6.0,3.312385497641453,1.2527376951920235,11665.068584566265,0.0258244960309916,13.914820623397826,14.265395164489746,0.0096163836277721,0.9852324030163094,1.0269182197719648,2.6767414998688235,23476.162274981903,32399.0733742742,0.1734314104542136,-0.0202872276306152,1.157599471213021,59.23678463745117,0.3291109482336501,10784087.244136143,3190.585140053226,0.7491854221952727,43723.47667134584,-658.15771583647,0.0253473663313516,0.0093365897730461,0.0026910836147826,1.5750134228244277,-0.0506969913840293,0.0017086099557081,19.994444444444444,1.0,0.0,0.0,,,
HET_IDP_QN_25,HET_IDP,QN,25.0,250,75,3.262398957634438,0.345281051908041,3.0,7.0,3.1368606178973346,1.3195194492875155,13274.645474478271,0.0164150307271344,13.276452713012697,13.75329303741455,0.0114464022932399,0.9824903530742656,1.0287351122333672,2.639963855229725,47130.968312729,51107.63746996108,0.1171478405609377,0.076282262802124,1.1430406465233682,66.1542391204834,0.3046404432817016,477360893.8237528,3862.210159589648,0.8426364172177903,406362.5718460225,-924.6504769956244,0.0369849291000907,0.0114844090816111,0.0003262969296296,1.5273729329421275,-0.0932125449180603,0.0002136327825187,24.995555555555555,1.0,0.0,0.0,,,
HET_IDP_QN_3,HET_IDP,QN,3.0,250,9,2.995032424843496,0.3498999229734898,3.0,3.0,4.589486367143952,1.1009755917331647,12489.281525218852,0.1366948618077607,37.17723634507921,37.19393157958984,0.0003940728779903,0.9890798780930676,1.0009628206042418,1.6769877743225845,422.516018855952,1055.712134723462,1.2696574572473764,10.877948784828186,1.1689772390579936,55.79811697387695,0.4076868078048113,859561.8161278183,3883.7118535797895,0.8887215237942699,1511.7110412908503,-53.73011117856952,0.0215180909166241,0.0114967462138361,-0.0019650872665009,1.5382247062235332,0.022740326821804,-0.001277503383233,2.962962962962963,1.0,0.0,0.0,,,
HET_IDP_QN_4,HET_IDP,QN,4.0,250,12,2.9457459792075924,0.3796368460412971,3.0,3.0,4.114100850113869,1.0949696172699763,12465.136098994024,0.0935175367918002,32.165255546569824,32.298316955566406,0.0015937862981943,0.9805020595553916,1.00264457281551,1.5832584594204926,403.507048055059,1483.947689586387,0.9712337176664732,9.29871928691864,1.1699744679416968,55.18615199279785,0.3423128008041556,992104.1548206063,3347.2726070569893,0.7073359021444242,2268.7403360822327,-85.30582660923305,0.0284341017044028,0.0168034156657809,-0.0029558517403338,1.6119590494998504,0.0246619526296854,-0.001833701508154,3.9722222222222223,1.0,0.0,0.0,,,
HET_IDP_QN_5,HET_IDP,QN,5.0,250,15,2.9961619990209325,0.359691315530754,3.0,3.0,3.789222251052092,1.10661900308997,12445.973597333794,0.0659392860760609,28.74738006591797,28.816320419311523,0.0009621080897697,0.9871173676088396,1.0022472091561914,2.083766037485598,368.044822669718,2055.245310327194,0.0983590239658951,-0.3275131940841674,1.1716812213352223,55.59284309387207,0.393465785171756,1075455.0407757077,3876.4422289776567,0.8659134558982396,3293.402016241611,-122.35593874292071,0.0333637253216484,0.0057294134301029,-0.0107958104557446,1.5617467391199031,-0.1052743345499038,-0.0069126511902545,4.977777777777778,1.0,0.0,0.0,,,
HET_IDP_QN_6,HET_IDP,QN,6.0,250,18,2.991238570912402,0.3707714932746142,3.0,3.0,3.664624263496216,1.1112765352549798,12237.200180277034,0.0610278119117634,26.021618949042427,26.049962997436523,0.000801172302444,0.9906878919920852,1.0018534637319232,2.3512572841272763,1010.4170535614873,3244.9176960035734,0.4132228714646772,2.5797547340393066,1.1744012757155506,55.3545587310791,0.3586635775626678,1491626.1380367675,3726.920851455556,0.8214133732810174,4204.780847594067,-151.0069812092845,0.039328595361969,0.0088730623639771,0.0051749331604713,1.5892477681981914,-0.0264243967831134,0.0032562154647621,5.981481481481482,1.0,0.0,0.0,,,
HET_IDP_QN_8,HET_IDP,QN,8.0,250,24,2.999127980819462,0.372707965981848,3.0,3.0,3.649664684598258,1.124939186139915,11992.63007115987,0.0501647308563496,22.309017419815063,22.39173889160156,0.0019527451950912,0.990344436092992,1.0050713571695946,2.221527602810472,1931.8778429311285,5502.052336894742,0.225674588046968,0.5822614669799805,1.171770633050726,55.056295921325685,0.34528783200129,1766086.816639317,3553.308201124491,0.7949682166591598,6282.934034656159,-215.45590054039303,0.0283012593300959,0.010448567627028,0.0033634124041954,1.5941538322979292,0.0694210678339004,0.0021098418081373,7.986111111111111,1.0,0.0,0.0,,,
HET_IDP_RGG_10,HET_IDP,RGG,10.0,250,30,3.0141004615791696,0.3706396033741617,3.0,3.0,3.4890355518789256,1.1380378316054458,13105.178082489792,0.0432587896618209,20.85883680979411,20.954164505004883,0.001385444798653,0.9895923382697688,1.003074475910278,2.3959081192938663,3389.166918616389,8410.074245156826,0.3900932759977877,1.7320768356323242,1.1687787918491286,58.37558528137207,0.355360520238616,3836326.994224391,3935.583148296772,0.8102412376006851,12644.751194135297,-282.6499340725484,0.0320039801426154,0.0101091897937741,-0.0084438638563905,1.588914722567952,-0.0714017003774643,-0.005314233505378,9.988888888888887,1.0,0.0,0.0,,,
HET_IDP_RGG_12,HET_IDP,RGG,12.0,250,36,3.0485230617596333,0.3526593815918645,3.0,3.0,3.396296137165563,1.1591609488969064,12627.509583179584,0.0370397397907347,18.69117191102769,18.755603790283203,0.0018486684382744,0.9892386399780052,1.0050233162009097,2.7678285739357653,5284.157403582984,11814.467850670586,0.1972672303207218,0.5272794723510742,1.1713276039381066,58.003688804626464,0.3880508880631775,4224086.087623823,3867.844626327266,0.8685520936487987,17099.168016208023,-355.94249887614365,0.0378576803176658,0.0061957413000778,0.0042647236838584,1.544781791167505,0.0257634632289409,0.00276072886667,11.99074074074074,1.0,0.0,0.0,,,
HET_IDP_RGG_15,HET_IDP,RGG,15.0,250,45,3.064038955587204,0.3782392414346994,3.0,5.0,3.155689922560992,1.1938821572656928,12998.835430193343,0.0396362736369367,16.961880662706164,17.079975128173828,0.0027427686746975,0.9862319734034648,1.0075137522516049,2.6116180805749103,10828.105890298972,18707.30564025531,0.2128831218928098,0.6842414379119873,1.161706376248903,59.862585311889646,0.3089229909190361,6359600.17153084,3735.396427573012,0.7597411848809225,22841.72488568296,-435.7814258890174,0.0385116021102681,0.0044997449131816,0.0182840435808607,1.6083356600173324,-0.0707788616418838,0.0113683008057701,14.992592592592592,1.0,0.0,0.0,,,
HET_IDP_RGG_18,HET_IDP,RGG,18.0,250,54,3.1487656868389973,0.3687338280375564,3.0,6.0,3.1159453424066004,1.254011660520106,12146.129329400424,0.0319266438077851,14.966146186546045,15.337198257446287,0.013867415453286,0.983433791011882,1.035504574753366,2.788481530444865,17546.51357203974,26435.512582290863,0.1914614561945199,0.841154956817627,1.1611409243933684,60.52861604309082,0.3396322208020872,11482643.73806386,3317.2597823675505,0.7406765590467381,40097.843134016905,-557.9789269619499,0.0366655403355189,0.00870845501981,-0.0221326894621808,1.584117832405399,0.0883055254817009,-0.0139716181511424,17.993827160493826,1.0,0.0,0.0,,,
HET_IDP_RGG_2,HET_IDP,RGG,2.0,250,6,3.016814479959248,0.3749205412321697,3.0,3.0,5.721705896890432,1.1397352746044191,11908.126016808634,0.9213038885921528,44.46031634012858,44.70474243164063,0.0038430961520647,0.9150963814204828,1.008650839748309,1.0986122886681096,1205.68877143852,1473.981971114404,4.552476589381695,68.39063568115235,1.1696682114759602,53.9324817199707,0.3622405708899663,1075279.6060906402,3359.290928008604,0.7524280197540626,749.6250047067596,-1.4753760829766511,0.0221103279768517,0.0111596426626356,0.0130121262066284,1.5997966114119648,0.0696776956319809,0.0081336128061496,1.9444444444444444,1.0,0.0,0.0,,,
HET_IDP_RGG_20,HET_IDP,RGG,20.0,250,60,3.215040356326404,0.3439722753725525,3.0,6.0,3.069833221458692,1.29114832024209,12038.137190282148,0.0287639034117122,14.135634183883669,14.39378833770752,0.0092019197103339,0.984402719947458,1.024302091294787,2.820363946668917,23522.375077604185,32397.376114332183,0.2023327594622969,1.1208754777908323,1.1503538830303826,61.953968826293945,0.2964880101596168,16075801.03166886,3282.8032325856016,0.7927972312709837,55360.18751023805,-638.7541201712389,0.0295473410742335,0.0080800623384536,0.0087560221198685,1.5243258210891797,-0.0010734915267676,0.0057441932677081,19.994444444444444,1.0,0.0,0.0,,,
HET_IDP_RGG_25,HET_IDP,RGG,25.0,250,75,3.297479610129239,0.3600615549690664,4.0,7.0,2.9710041957579425,1.3650948964829186,14156.656120765,0.0234743325840705,13.710219281514483,14.09852123260498,0.0126918734679822,0.982484842127108,1.0346779456133426,2.639908256093138,45189.47029854814,50305.66407788479,0.1488656479865312,0.443574857711792,1.1419027989183228,69.77041189575195,0.2654292652256375,106231502.74257684,3151.250064551933,0.6182233898524905,169499.22573594243,-844.1657122242354,0.0356192756874919,0.0086132697134718,0.0058923810047461,1.5626502951415298,0.0734051167964935,0.0037707611374657,24.995555555555555,1.0,0.0,0.0,,,
HET_IDP_RGG_3,HET_IDP,RGG,3.0,250,9,3.005378575800393,0.3771021061059311,3.0,3.0,4.931744192564445,1.126035861193747,11454.488352363427,0.1608574367640258,35.60330793592665,36.12599563598633,0.0052147136124801,0.9186773231937164,1.00474248356151,0.3488320958430318,571.668120429889,1198.924488379327,2.347246406413615,29.95357539653778,1.172344156625715,53.01623265838623,0.3889363352023185,1400200.095717179,3328.184441727445,0.7705001599055759,2043.6298382156288,-49.33539318537704,0.0355414115459565,0.0074850402732959,-0.0125818129694429,1.6053995523222329,-0.03398372605443,-0.0078371847995469,2.962962962962963,1.0,0.0,0.0,,,
HET_IDP_RGG_4,HET_IDP,RGG,4.0,250,12,3.0057111007701613,0.3734033303807542,3.0,3.0,4.52150617814524,1.1258733484035472,11978.418783996338,0.1111509279118656,31.53095388412476,31.74391365051269,0.0027836813331519,0.972620034208514,1.0066001036247554,1.0986122886681466,753.057941810406,1771.4729292024997,2.456855433655437,34.26688423156738,1.1720290688925203,55.0258017654419,0.400686696011723,1716817.7157646802,3609.861600512157,0.8070730992418085,3212.700637295003,-79.08718613039777,0.0369391575323403,0.0055087504524515,-0.0007072627727896,1.5959229413198994,0.0019413121044635,-0.0004431684979479,3.9722222222222223,1.0,0.0,0.0,,,
HET_IDP_RGG_5,HET_IDP,RGG,5.0,250,15,2.97537031980156,0.3785866450186898,3.0,3.0,4.026785590454583,1.1067921783882653,12180.195755816503,0.0767461369288198,28.438760884602864,28.54978370666504,0.0015279872967948,0.98823879784371,1.0031516880234097,1.8989267893363668,800.6937885574674,2395.351368156284,1.3485519188223407,18.52375078201294,1.1746473958573576,54.71458840179444,0.3371759525291223,2012999.396649308,3525.5667941597803,0.7645561553810024,4345.449066050726,-115.52634977866988,0.0371139219905332,0.014658624494292,0.0031770774120809,1.609234806403664,-0.0188503749668598,0.0019742783335538,4.977777777777778,1.0,0.0,0.0,,,
HET_IDP_RGG_6,HET_IDP,RGG,6.0,250,18,2.9967406408440733,0.373296546042926,3.0,3.0,3.9291635205257385,1.1228113587658792,12017.455573853867,0.0820837363339387,25.78681977589925,26.063453674316406,0.0029531763942187,0.9672680192804716,1.0035058260858505,1.7830734690382308,1637.119865770965,3712.8533589063873,1.6950983971357343,30.20344460010529,1.169787468006784,55.18387168884277,0.327331936098075,2253864.9783941084,3573.153000651925,0.7964987819194164,5292.369323722084,-135.00082988050917,0.0262176280160025,0.0090923004483709,-0.0132474571635795,1.5956510111535065,-0.0308544039726257,-0.0083022271600434,5.981481481481482,1.0,0.0,0.0,,,
HET_IDP_RGG_8,HET_IDP,RGG,8.0,250,24,2.9784333334946047,0.374359885453083,3.0,3.0,3.6192748410298248,1.1161629275146503,12677.7709163775,0.0471568125084322,22.93727962176005,23.08771324157715,0.0040638473888428,0.9868558066969164,1.0101106751777162,2.499064902854257,1694.1029312010903,5352.076122568902,0.2176622875034809,0.921169114112854,1.1711300226501833,57.19561344909668,0.3336277087528581,3050517.309432882,3548.5604425570737,0.747687295518924,8818.731922123126,-219.90792832057977,0.0208808248107745,0.0095920526420157,-0.0015915852040551,1.598362983364951,0.0017652377719059,-0.0009957595493139,7.986111111111111,1.0,0.0,0.0,,,
HET_IDP_TAU_10,HET_IDP,TAU,10.0,250,50,3.1269910077974385,0.3639959941830726,3.0,6.0,3.3357322904051183,1.2356784934042404,12033.800222055424,0.0310887623717819,15.48182403564453,15.910440444946287,0.0104999760772217,0.9793057286333549,1.0248003197482474,2.6048503030885586,13880.080323443191,22643.54367133277,0.1682567945681512,0.1007145404815673,1.1581393608623614,59.816664489746096,0.3200692704187276,7143089.094586116,3374.584952832633,0.7704083197367605,29235.40671759104,-520.6363266197474,0.0338152609697259,0.0028135086542844,-0.0114083001991043,1.5723171408575187,-0.0614319667220115,-0.0072557246257309,16.66,1.0,0.0,0.0,,,
HET_IDP_TAU_12,HET_IDP,TAU,12.0,250,60,3.1958467180850576,0.3630608478661493,3.0,7.0,3.216785659078951,1.285772238517021,13488.366536998185,0.0282947575923424,14.96228698094686,15.491954803466797,0.01283025623708,0.9765146785823816,1.0323903284970517,2.5614836880313767,23590.09607475227,32428.48242792717,0.2129853717982769,0.4145383834838867,1.1508203496804612,65.10983364868164,0.2883303262942228,18881471.23386468,3762.176343800853,0.7682461131410326,50911.64212228054,-641.7141673132114,0.0256200498589022,0.008568079531386,-0.0019978074907244,1.5700086839533038,0.057170320302248,-0.0012724818091876,19.994444444444444,1.0,0.0,0.0,,,
HET_IDP_TAU_15,HET_IDP,TAU,15.0,250,75,3.2578981041528943,0.3588430818353507,3.0,8.0,3.053706756967439,1.3403465438294129,14743.58804869039,0.0220412508948616,13.99214412689209,14.370495796203612,0.0086804577472703,0.9827722402169676,1.0216412081005704,2.4094981084808653,45159.68599824196,50295.06736198095,0.1550361364614218,0.726052212715149,1.1443327170280202,68.5689638671875,0.2555719141565138,120365582.4924218,3618.20684302508,0.6838890105344383,178830.95600614074,-858.3388787630992,0.030389414531493,0.0200137149399279,0.0119644004511927,1.5596805893673595,0.06586654484272,0.0076710581204826,24.995555555555555,1.0,0.0,0.0,,,
HET_IDP_TAU_18,HET_IDP,TAU,18.0,250,90,3.334760012748596,0.3772227622914237,4.0,9.0,2.9203854544669654,1.4032888273876127,14297.091822120152,0.0240101013984269,12.57721020380656,13.173665046691896,0.0148601853933274,0.9850049222664408,1.0326806677635385,2.4147025748793824,61015.34184222699,61506.9252149622,0.1649978810804896,0.4569045066833496,1.1332462405506118,71.910267578125,0.2848856541568118,264197398.22654,3347.778228868493,0.6207419317104873,209987849500.2209,-1412.1328645543713,0.0339119145072931,0.0085937082684241,-0.0105695964526229,1.6057105806875076,-0.0056931674480438,-0.0065825040820489,29.996296296296297,1.0,0.0,0.0,,,
HET_IDP_TAU_2,HET_IDP,TAU,2.0,250,10,2.984940790406016,0.3678608659380328,3.0,3.0,4.61262106703744,1.1008769723800225,12521.481624793289,0.1145953815572991,35.314853286743165,35.33781433105469,0.0007180245847783,0.9853588778926406,1.0008305617683402,1.3592367006648276,506.48045410138354,1250.1476865659852,1.349334892630577,14.220654177665711,1.1697372815005684,54.68774737548828,0.3267599131074428,1531616.939974134,3809.079766398546,0.8269528685292648,2528.523307481476,-64.99043302892677,0.0269777556387446,0.0069337309224801,0.018683517544707,1.5819302209218586,-0.0167216416448354,0.011810582601196,3.3,1.0,0.0,0.0,,,
HET_IDP_TAU_20,HET_IDP,TAU,20.0,250,100,3.450288973298954,0.3410561676640614,5.0,11.0,2.832280411262836,1.447897241248416,14400.070351415185,0.033587107023868,11.973232460021972,12.571126937866213,0.0215222278213425,0.9810669869593982,1.060296906747079,2.8168265510684884,61017.35891777967,61508.27544652,0.1520294001325965,0.3163381099700927,1.1305802407343906,73.41272633361817,0.2957367664646912,30222061.945305683,3606.269699124545,0.7342901141120053,509956155107.76886,-2019.324898642011,0.0253097398371885,0.0064662974431699,-0.0162890282115988,1.5175800287181171,0.0703822970390319,-0.0107335546740718,33.33,1.0,0.0,0.0,,,
HET_IDP_TAU_25,HET_IDP,TAU,25.0,250,125,3.746001656103808,0.3334268115606411,6.0,15.0,2.6671984250192384,1.5967280561242367,14566.06477345858,0.071758114101003,10.771469161987303,11.23277187347412,0.0180635455386583,0.9831943823316168,1.0509772408022204,2.806690491131364,61016.78424882481,61507.88271206861,0.2061111118644475,1.1606921434402466,1.1165992064519077,78.42486982727051,0.2603680946663703,6187743.0688473135,3477.8557781473846,0.7160919838565363,1259918659245.522,-3557.2312756833808,0.0240357038066792,0.0187937047546724,-0.0041976116541276,1.5002103555069324,0.0437469631433486,-0.0027980153839355,41.664,1.0,0.0,0.0,,,
HET_IDP_TAU_3,HET_IDP,TAU,3.0,250,15,2.9721352927625166,0.3858024609811133,3.0,3.0,4.078488709925787,1.110065535614161,12559.51766978271,0.0767086227366909,28.8781613667806,29.090538024902344,0.002124259353543,0.9737598081993404,1.0024408018948303,1.6565511266966555,775.6086313377681,2358.659001568415,1.7161723911762237,22.27162249088288,1.1765986661072083,56.9548391418457,0.4309555746431244,2416846.56704684,3613.318441578453,0.7457071079303806,4363.286688432317,-115.54835155360726,0.0310324614952359,0.0056136356403876,0.00391757846129,1.6281406819007946,0.015164591372013,0.0024061670496899,4.977777777777778,1.0,0.0,0.0,,,
HET_IDP_TAU_4,HET_IDP,TAU,4.0,250,20,2.972361053522356,0.3811690349805006,3.0,3.0,3.7114667196177775,1.1106595074948915,11726.87135988975,0.0515261627001071,24.166006565094,24.28501892089844,0.0020051928117118,0.9850136887771213,1.0045774159940748,2.31611392322158,967.9750885070956,3709.405110076663,0.1554542696103453,-0.1157627820968627,1.172271584294666,53.40121960449219,0.3432496981273308,2256249.5857989006,3323.1007448141927,0.7434362509160262,6689.517488966176,-177.93993453399966,0.0273821938170818,0.0098422805188518,0.0007012491772382,1.6159501649509247,0.0899082645773887,0.0004339547050426,6.65,1.0,0.0,0.0,,,
HET_IDP_TAU_5,HET_IDP,TAU,5.0,250,25,3.0427702887102908,0.3479904913183914,3.0,3.0,3.7322781178713567,1.1520963065906356,12959.58984508,0.0627669695465285,22.72141830444336,23.68738174438477,0.009562306066891,0.95042993224882,1.0104440167351227,1.5293795628723184,2894.5597900568887,6460.70705695368,1.6245246236212552,20.08720798492432,1.1715412661121478,58.552524925231936,0.3352047929862669,2532190.24662959,3966.714098709336,0.8795737619662343,8028.207570561028,-207.62447218548024,0.0298621507158656,0.006350088537309,-0.0110043402179996,1.533719963719614,-0.1067808046936988,-0.0071749344584354,8.32,1.0,0.0,0.0,,,
HET_IDP_TAU_6,HET_IDP,TAU,6.0,250,30,2.9911953920009924,0.3828216910231304,3.0,3.0,3.584243606690124,1.140949132322518,12165.952831495726,0.0411673869543086,20.097422218322755,20.23944091796875,0.0028395735324223,0.987755596307579,1.0070064153370903,2.4799053587280646,3365.8914755624896,8426.413593087233,0.1550232140347361,0.1569395780563354,1.1665314015963222,56.11907325744629,0.3418635894458873,3410875.8866601293,3288.2051404503177,0.7060187554661821,11546.17273144502,-287.10980118380616,0.0246336802748989,0.0118268581762076,-0.0038134718483585,1.6202772933769414,-0.0425204411149024,-0.0023535921065555,9.988888888888887,1.0,0.0,0.0,,,
HET_IDP_TAU_8,HET_IDP,TAU,8.0,250,40,3.045881485315572,0.3829557841280577,3.0,5.0,3.4244870058835573,1.1824896692323434,12764.835626498008,0.0368014104362308,17.827819871902467,18.125244140625,0.006455097056367,0.985086896907902,1.0158895285974734,2.3927984148149752,7589.595267421461,14768.781887708366,0.2080968746915459,0.2695605516433715,1.1633162504703642,59.10224172973633,0.3184517128265877,4382740.48457493,3601.788724328907,0.7368080701118706,18195.53639131469,-396.2662910767557,0.0261222207505457,0.0121082928511486,-0.0022543538156841,1.6206294043076066,0.0213323291391134,-0.0013910359824109,13.325,1.0,0.0,0.0,,,
HET_KAPPA_0.0_20,HET_KAPPA,0.0,20.0,250,20,3.008353944652193,0.3541391682794782,3.0,3.0,3.604954312589368,1.1171500558194936,11973.24356231944,0.0580105432076035,24.41855936050415,24.48055648803711,0.0015743583107689,0.9842466734710612,1.0037788298154835,2.553681558029749,1337.1741582182858,4000.777752848587,0.5366978053934872,4.75654034614563,1.1721193918936674,54.17575187683106,0.3439326085135865,1474805.3269136143,3780.82576494868,0.8916632833700869,4987.708905961696,-170.8278298320815,0.0273027448895386,0.0064099512405212,-0.0076629087155108,1.5483211721263228,-0.045232880860567,-0.0049491725960786,6.65,1.0,0.0,0.0,,,
HET_KAPPA_0.0_40,HET_KAPPA,0.0,40.0,250,40,3.073749646367776,0.3615345332792144,3.0,5.0,3.4674902343990617,1.1853036962220729,11285.81247489558,0.0280178560375274,16.76327896118164,17.283552169799805,0.0057245685139567,0.974742086227585,1.0080417426842874,1.7495679602365488,9900.99628289928,16563.453801609376,1.3211123142391443,16.109258794784544,1.1632945875971532,55.27693955993652,0.303129980104653,8955290.62711634,3405.9479107295406,0.8347479961165752,28680.33794874405,-428.9895879039893,0.0221035907708091,0.0113509384919325,0.0217801305387287,1.5662554235487274,-0.0774814933538436,0.0139058612087612,13.325,1.0,0.0,0.0,,,
HET_KAPPA_0.0_60,HET_KAPPA,0.0,60.0,250,60,3.18151843385042,0.3508676778284205,3.0,6.0,3.436589790375243,1.2515553557622896,12193.27648674782,0.0048603509816233,14.225977977116903,14.649984359741213,0.0121626665541159,0.9799775235239572,1.0313863711071327,2.6482400108795288,30146.62439561339,35491.519003166344,0.222374846227467,1.388148832321167,1.1673396237869071,61.4946796875,0.3127394900825035,422826114.161215,3460.643181474894,0.8088966527862781,1107986.6772377023,-958.7959217348078,0.0257553144123501,0.0079100124107101,-3.423399380754324e-05,1.540517958888017,-0.1020295172929763,-2.2222391896055485e-05,19.994444444444444,1.0,0.0,0.0,,,
HET_KAPPA_0.3_20,HET_KAPPA,0.3,20.0,250,20,2.967060142508936,0.3808884434141936,3.0,3.0,3.7056431743862617,1.111233032684787,13582.69339772673,0.0637498629603804,26.00802478790284,26.05205535888672,0.00107072987029,0.9853302445750552,1.0025636610906898,2.345737403861899,1397.3838753267312,3996.735953585168,1.6060973312705755,16.698571181297304,1.170371017321323,57.902872734069824,0.3324961561304675,1704612.5197821318,3749.4468869397774,0.7247421376285922,4818.944342727449,-165.16729419365456,0.0279262214242336,0.0098567206236685,0.01003108089069,1.6152177896899007,0.0074264081194996,0.0062103581040887,6.65,1.0,0.0,0.0,,,
HET_KAPPA_0.3_40,HET_KAPPA,0.3,40.0,250,40,3.030876299886677,0.3859724286711117,3.0,4.0,3.436735629064216,1.1700117232923772,12103.772660065151,0.0331687210784817,17.36029782295227,17.5859432220459,0.0036447575366935,0.9850050376941883,1.0080288703316231,2.4239947003908964,7963.757088511598,15167.949239683829,0.5062621528282761,2.9597151279449463,1.1664361310382572,56.8288606262207,0.3396522643753977,5796693.313086494,3493.6730040257244,0.7478340123634842,19192.97902247358,-408.73775608138703,0.0332628212412692,0.0084583945008644,0.0040661628304617,1.6285913641235752,0.0166827291250228,0.0024967360872629,13.325,1.0,0.0,0.0,,,
HET_KAPPA_0.3_60,HET_KAPPA,0.3,60.0,250,60,3.1511144518024814,0.3587625128673318,3.0,6.0,3.376261787009561,1.2423443247696635,13800.155200672123,0.0090068110874871,15.134071175257365,15.989192008972168,0.0136159265613818,0.9674958014728005,1.0309243780766957,2.1455538465690145,31141.334642471746,36138.763268097886,1.205644697882235,14.748926138877868,1.1554236287245738,63.582233169555664,0.3118310531670681,259045373.5889192,3881.6051785071218,0.7840077047457199,497315.5311698025,-847.7593063335873,0.0246537189756724,0.0106777928535572,-0.0006574084411337,1.5594846216361429,-0.0073118866421282,-0.0004215549367853,19.994444444444444,1.0,0.0,0.0,,,
HET_KAPPA_0.5_20,HET_KAPPA,0.5,20.0,250,20,2.9728676880800164,0.3860501923325557,3.0,3.0,3.624617960383124,1.1096123983382868,12438.208456018026,0.0545561856602519,24.88819446563721,24.945201873779297,0.000941560242771,0.989261543949494,1.0026402126080158,2.388889714729481,1000.309201124854,3722.942799355395,0.1693009448237717,0.3828970909118652,1.1749533494274624,55.18043398284912,0.3681853337566922,1731635.0907850445,3660.6100710418505,0.7623455437987607,5058.658638062823,-174.5114502228811,0.024990042641258,0.0095599313378104,0.0009625642257675,1.6287976435716482,0.0517190396785736,0.0005909661212412,6.65,1.0,0.0,0.0,,,
HET_KAPPA_0.5_60,HET_KAPPA,0.5,60.0,250,60,3.1380102219643287,0.3705195912977553,3.0,6.0,3.4097805114451583,1.2403966065650762,12138.943762030312,0.00668735634498,14.194139989217122,14.653779029846191,0.0127701884304969,0.9783005432205484,1.0311318600076238,2.7420300084612905,29727.77294481795,35352.85494385059,0.1642055916134268,0.6917039632797242,1.153447793350138,59.58185382080078,0.3000311703092205,328373686.107096,3188.746334857833,0.7089700624701666,642251.442863422,-901.3565324353868,0.0368614387080448,0.0083288411756109,-0.0071803998832515,1.5886117918453242,0.0006612658617086,-0.0045199210528702,19.994444444444444,1.0,0.0,0.0,,,
HET_KAPPA_0.6_40,HET_KAPPA,0.6,40.0,250,40,3.017692963726003,0.3809370935371436,3.0,3.0,3.438492788682244,1.1535518499882245,13124.959547211449,0.0273350831057236,18.077679109573364,18.274702072143555,0.0052506816955611,0.985018703677681,1.0134304100128528,2.796730697859078,8648.661810252703,15663.380157009464,0.165374757302925,0.1705955743789672,1.168571090401043,58.9649215927124,0.3428617707955964,11818226.94831302,3759.712394522193,0.7519749728397984,26409.17290316219,-431.9501141236015,0.0367215698636011,0.0102226981574343,-0.0120411724488947,1.6153447243571843,0.0379906743764877,-0.0074542432129717,13.325,1.0,0.0,0.0,,,
HET_KAPPA_0.7_20,HET_KAPPA,0.7,20.0,250,20,2.992458988309956,0.3622802381769875,3.0,3.0,3.6437019115764633,1.1080596351751957,14520.44117800704,0.0550630475773186,26.89083242416382,26.95906448364257,0.0012458067382002,0.9917858218484216,1.0032723849622194,2.510529247161989,861.4202308131155,3609.4707455284833,0.1176172377541661,-0.122487735748291,1.1711926994454116,60.79038671875,0.3887329406114957,1823563.0099927,4392.925302988047,0.8350824605525612,5173.733853364623,-173.95658532376012,0.0326251226984233,0.0079976452484496,-0.0028714839431285,1.5680868931227068,-0.0962399095296859,-0.0018312020561737,6.65,1.0,0.0,0.0,,,
HET_KAPPA_0.7_60,HET_KAPPA,0.7,60.0,250,60,3.107262932815824,0.3651417601009421,3.0,6.0,3.1965930433754366,1.2245726962010302,13490.203152246995,0.0292473890441545,14.963491694132488,15.34960651397705,0.0118213067330494,0.9840005784460332,1.0310964550149355,2.713045118859701,23620.009143838408,32452.6521723942,0.2004419542849063,0.4071589708328247,1.160010543116606,61.69450416564941,0.2700837193805095,14429283.546389349,3889.8129073735936,0.7896755990800362,43112.04241851731,-635.7536907813318,0.0329937285913555,0.007906829936,-0.0188600178198371,1.5751547938623267,0.1215131506323814,-0.0119734377168065,19.994444444444444,1.0,0.0,0.0,,,
HET_KAPPA_0.9_40,HET_KAPPA,0.9,40.0,250,40,3.044430302984785,0.3695544488255312,3.0,4.0,3.392256303335143,1.1779069248508025,11951.036573271937,0.0424176066309914,17.248175621032715,18.99213600158692,0.0165261505559693,0.9413557708040394,1.0089681913882549,1.0037593461358814,7527.144627005882,14719.2512634399,1.7036307846195995,22.95489556789398,1.1695094830126014,56.32720848083496,0.3775532175290347,3542007.3203067286,3279.382117131086,0.7425197568610222,14916.250318748547,-379.2230087727839,0.030141698851484,0.0083533761141013,-0.0038626341416677,1.586179802739636,0.0952683240175247,-0.0024351805102755,13.325,1.0,0.0,0.0,,,
HET_KAPPA_1.0_20,HET_KAPPA,1.0,20.0,250,20,2.997358704372026,0.3623201707977524,3.0,3.0,3.6602336443245873,1.1133347579777697,12161.050628132734,0.0603444746123574,24.609335803985594,24.676803588867188,0.0012131829576174,0.9880900175697312,1.0028493179209863,2.359266234089201,1289.527734385936,3926.887580275561,0.8925124704837799,5.8831895112991335,1.1732424364350638,54.99962768554688,0.3497444849433366,1394472.1322112435,3697.432079324753,0.8391441977169487,4893.807908364215,-168.46115299168395,0.0413785665080947,0.0136665515932414,0.001790175692223,1.5681850894531564,0.0369277819991111,0.001141558929586,6.65,1.0,0.0,0.0,,,
HET_KAPPA_1.0_40,HET_KAPPA,1.0,40.0,250,40,3.0266620466349194,0.3686795481176037,3.0,3.0,3.3973365366515966,1.155087499667354,13415.569570707525,0.0411475013775948,18.276530265808105,18.998247146606445,0.0069469482977931,0.9680796782983732,1.0060006035953326,1.4501509477578327,7352.930798416396,14621.099038749562,1.474259417131543,19.629292941093446,1.1683815798720265,58.98727082824707,0.3333750733368933,4164423.779081816,3954.959005317197,0.7996203237314132,15140.821685424784,-382.87104731396414,0.0327180810622295,0.0089230365802106,-0.009300777318007,1.583981632494748,0.0350225456058979,-0.005871770938891,13.325,1.0,0.0,0.0,,,
HET_KAPPA_1.0_60,HET_KAPPA,1.0,60.0,250,60,3.106633715135785,0.3747814561065426,3.0,6.0,3.226032989301973,1.2330008525632354,13471.259486019904,0.0277623880462941,14.953551816940308,15.346951484680176,0.0079673214123637,0.9808203484841364,1.019046287100831,2.502260145878564,23796.85264170224,32546.16168248085,0.6273027149029076,5.633446407318115,1.1604353645526235,62.07267385864258,0.349127024664918,17813087.156355854,3825.470123065086,0.7577021482926162,48527.45962453772,-645.1331571645818,0.0332889225597344,0.013324597154712,0.0136722419334065,1.5994407231951977,0.0011446357239037,0.008548139192829,19.994444444444444,1.0,0.0,0.0,,,
blat_wt,DMS_protein,BLAT,0.0,250,286,3.308192938824123,0.3776278003711201,5.0,32.0,1.804531765090992,1.4627829965741248,14999.851817608887,0.9186046724084432,7.2193757620724766,7.476300239562988,0.0137031742440041,0.9722302926703305,1.0365534126295288,2.8266642038295524,26273.67477302351,26587.59810914524,0.165132285002619,-0.2384945631027221,1.0314938064640182,80.52650005456174,0.2663768063775704,144979.52848030525,4016.157199270111,0.7090221060055306,6940180278012.457,-15993.878946181962,0.0425278713360487,0.0168981437411713,0.0230479666643389,1.6067555726240652,-0.0793914347887039,0.0143444137089649,95.33216783216784,1.0,0.0,0.0,,,
gfp_wt,DMS_protein,GFP,0.0,250,238,3.2873305375514748,0.3620483524361427,4.0,27.0,1.9055437716581705,1.4191766467883151,13418.602796132524,0.1760502597824188,7.492937094023247,7.802043437957764,0.0140322703091637,0.9702169518804076,1.0368690335621549,2.7594581506957776,61026.75393033194,61514.56474807912,0.0953964843880385,-0.3978549957275391,1.1374947351975822,68.0305825958252,0.2860012020983133,970784.1827693768,3728.08791367542,0.7673831733649131,4650148731148.67,-11139.538760229498,0.0395494303395357,0.0123824534385152,0.011282418992378,1.5675169173380068,-0.0497085563838481,0.0071976377842341,79.33193277310924,1.0,0.0,0.0,,,
hras_wt,DMS_protein,HRAS,0.0,250,189,3.2015141031001315,0.3350711261985525,3.0,17.0,2.1136116150540007,1.3221527850616548,13520.574822287706,0.1043263873283579,8.44078629609769,8.606810569763184,0.0078672598683506,0.9769215481385948,1.020727237734694,2.756640340358419,61053.37357802093,61532.38169932332,0.093691964703612,-0.4780037522315979,1.1512999794360756,64.97592488098145,0.2893493155120988,1646397.0138072271,4060.007610410617,0.8961788420946988,3180069959001.7715,-7885.017352879674,0.0376671076769255,0.0135149652656798,0.005929769003864,1.503920252827834,-0.0828188434243202,0.0039428746253799,62.99823633156967,1.0,0.0,0.0,,,
hsp90_wt,DMS_protein,HSP90,0.0,250,709,6.656960424409208,0.2421932366912666,30.0,74.0,1.6922845468462555,2.530247744781062,20589.05832300031,11.538891355573456,5.305902033161545,9.011844635009766,0.1553646738668436,0.95024005493083,1.2761664782092854,2.011351553438043,18787.49479065296,19055.111955650344,0.2306022676639259,0.336627197265625,0.9023486362383304,133.52973491123743,0.1612723136066552,7425.470238358439,2779.604292128573,0.5574224792578041,19880060997664.21,-45435.43813913352,0.0532643086190725,0.0147584299353274,-0.0021487956477501,1.3195976183081335,0.0122284172102808,-0.00162837187471,236.3328631875881,1.0,0.0,0.0,,,
p53_wt,DMS_protein,P53,0.0,250,393,4.350551964245116,0.2971694415880362,17.0,53.0,1.7583863403847992,1.975866365530842,15477.478553301831,0.7343548340166228,6.258860219222595,7.159061908721924,0.0364459484764374,0.968293085048496,1.098990911268384,2.546493771877376,61036.971150830206,61521.40359428508,0.0779855705040972,1.6637455701828003,1.07785453818765,90.75791983032228,0.1927186035387496,183427.757024765,3548.840279097538,0.7715820125482953,9299909277866.615,-21490.92699730936,0.0371605094381331,0.0063164067953322,-0.0089518242110733,1.4228180434548643,-0.0088578192517161,-0.0062916156086322,130.9991518235793,1.0,0.0,0.0,,,
pten_wt,DMS_protein,PTEN,0.0,250,403,4.064062925779896,0.3210177914314908,13.0,49.0,1.834927474777692,1.857933850165202,15324.978198766725,0.6767467275567551,6.150389206320713,6.763848304748535,0.0355643327509593,0.9653489836824948,1.093587741527666,2.729172728832609,61036.05635202416,61520.7894668521,0.2046015885658562,0.4604289531707763,1.0827111472484026,87.89403344726563,0.1898010309445391,174123.36751296703,3702.558397335447,0.7526151375001535,9600054810284.32,-22202.03497702666,0.029409735483935,0.0104150482781561,0.0130801078559501,1.47279264077963,0.0073378207162022,0.0088811605197443,134.33250620347394,1.0,0.0,0.0,,,
spike_rbd,DMS_protein,SPIKE,0.0,250,223,3.2332523306568586,0.3591700625354658,4.0,5.0,1.8481224166056247,1.382352765673347,43533.40147971847,6071.905531880133,5.234571380869947,10.13317584991455,0.2001038998979213,0.931057529578073,1.3736028719941296,2.2126170662597207,14.054583397676204,19.394859069848494,0.8009792983531951,-0.3461448669433594,,308.1893412272136,0.1231020085816425,12.005868455372353,11040.415928643137,0.5291320450160049,38141938029434.06,-87777.04809747229,0.0,0.0,0.0,1.9204563967496755,0.046480443328619,0.0,424.33307148468185,1.0,0.0,0.0,,,
ube4b_wt,DMS_protein,UBE4B,0.0,250,69,3.0266429290504218,0.3721244482167173,3.0,3.0,2.8545318937163304,1.1677557129149538,11496.3418759846,0.0191496609905037,12.882032643193783,12.92049503326416,0.0016119849701881,0.9890045884999938,1.0039833871765178,2.768156318140193,35385.61948337649,42676.83959574387,0.0960308464244008,-0.1686320543289184,1.174796220210363,54.64590757751465,0.3340228967221014,56525085.72640498,3301.891970799509,0.7718181482881474,127518.39984643698,-818.7823323835992,0.0231285626415204,0.0076819487528216,-0.0083573285464492,1.5926723013180164,0.0035242475569248,-0.0052473622722065,22.995169082125603,1.0,0.0,0.0,,,
PolyX_PolyC_4,PolyX,C,,250,4,5.865892391091789,0.2753765395150052,,,1.6539692304820013,-208.85202211721537,0.9213113029968149,8.465305792248525e-136,,,,,,,,,,,,,,,,,,,,,,,,,,,,,0.16498879,0.7828838681164816,full_atom
PolyX_PolyD_4,PolyX,D,,250,4,5.974543953339974,0.309737363347445,,,1.7101640114494825,-312.0263158006603,2.003174625250797,2.13758811747758e-195,,,,,,,,,,,,,,,,,,,,,,,,,,,,,0.21223746,0.7808439925708934,full_atom
PolyX_PolyH_4,PolyX,H,,250,4,6.212606703594242,0.3502758222691106,,,1.8557254014549665,-465.315597038096,3.9327674580957375,9.279890402880009e-277,,,,,,,,,,,,,,,,,,,,,,,,,,,,,0.26599506,0.7653994782579665,full_atom
PolyX_PolyM_4,PolyX,M,,250,4,5.557637636302511,0.135716640330059,,,2.0290572953789154,-257.54114395806187,2.898761422337875,9.829546995933966e-172,,,,,,,,,,,,,,,,,,,,,,,,,,,,,0.24240108,0.8237150106871667,full_atom
PolyX_PolyN_4,PolyX,N,,250,4,5.0365302026844825,0.3754956178090551,,,1.9567797336184023,-325.28475170894285,2.090075916002629,3.731285436047362e-201,,,,,,,,,,,,,,,,,,,,,,,,,,,,,0.21700694,0.8246476570482619,full_atom
PolyX_PolyP_4,PolyX,P,,250,4,4.104954639186941,0.4252861683533964,,,1.9930783736929711,-293.1238916709724,0.8465304010620478,8.589910172838758e-180,,,,,,,,,,,,,,,,,,,,,,,,,,,,,0.15026695,0.8741051833881585,full_atom
PolyX_PolyQ_4,PolyX,Q,,250,4,5.106708953960188,0.3180769114771906,,,2.068254788870868,-366.3001248571457,3.537402951405668,2.313460772717001e-226,,,,,,,,,,,,,,,,,,,,,,,,,,,,,0.25694463,0.8331953883774532,full_atom
PolyX_PolyR_4,PolyX,R,,250,4,5.463006562075417,0.2812611101214016,,,2.351351439986213,-525.916091639666,8.168621800227235,1.7957105720457e-310,,,,,,,,,,,,,,,,,,,,,,,,,,,,,0.34588003,0.8247431927107561,full_atom
PolyX_PolyT_4,PolyX,T,,250,4,1.379505747647736,0.8361607278134834,,,3.4718142989865504,-184.00683682120808,1021.2056000247516,2.1034075337816275e-132,,,,,,,,,,,,,,,,,,,,,,,,,,,,,1.0989616,0.9993768511103236,full_atom
PolyX_PolyW_4,PolyX,W,,250,4,8.384288877605588,0.3510261357113338,,,1.4283403062721822,-777.4251543083917,8.865829718000644,0.0,,,,,,,,,,,,,,,,,,,,,,,,,,,,,0.34076715,0.6326295053019294,full_atom
PolyX_PolyY_4,PolyX,Y,,250,4,6.440616732289591,0.4615958454920887,,,1.659584776102891,-620.6857649458448,6.501378717871951,0.0,,,,,,,,,,,,,,,,,,,,,,,,,,,,,0.30973938,0.6871531097126934,full_atom
PolyX_PolyC_5,PolyX,C,,250,5,7.881061412795784,0.2149021982383253,,,1.485422626868422,-246.5544042287524,1.4676802870815775,2.893589985848799e-163,,,,,,,,,,,,,,,,,,,,,,,,,,,,,0.19106892,0.710265351872512,full_atom
PolyX_PolyD_5,PolyX,D,,250,5,8.496590500524857,0.0786548207817107,,,1.4953680480802372,-375.43249312460495,2.9456019690434734,1.0075785030096149e-237,,,,,,,,,,,,,,,,,,,,,,,,,,,,,0.2338661,0.7112324894407124,full_atom
PolyX_PolyH_5,PolyX,H,,250,5,8.223785844206912,0.1173586131431138,,,1.512646518477905,-567.3340550897173,5.778733019828075,0.0,,,,,,,,,,,,,,,,,,,,,,,,,,,,,0.296519,0.7053559844394522,full_atom
PolyX_PolyM_5,PolyX,M,,250,5,8.153570602199796,0.0732435902158354,,,1.729084803062878,-304.5755909971905,4.216781743159693,5.9709095427306436e-207,,,,,,,,,,,,,,,,,,,,,,,,,,,,,0.27058157,0.735118394140791,full_atom
PolyX_PolyN_5,PolyX,N,,250,5,6.963030977505906,0.2622105960679903,,,1.6856398919847515,-386.9123184786182,3.5392490991118644,1.0414875642114315e-242,,,,,,,,,,,,,,,,,,,,,,,,,,,,,0.26070142,0.7508589190563875,full_atom
PolyX_PolyP_5,PolyX,P,,250,5,6.025254124926613,0.3428379951643723,,,1.753382269311309,-366.83962863432754,0.9425526943167388,9.520727870274454e-225,,,,,,,,,,,,,,,,,,,,,,,,,,,,,0.13180232,0.7677065718618625,full_atom
PolyX_PolyQ_5,PolyX,Q,,250,5,7.2692021613503295,0.1008320265402115,,,1.7896530916450426,-442.0516466233818,5.212835507649913,6.720328655072615e-276,,,,,,,,,,,,,,,,,,,,,,,,,,,,,0.2863915,0.7679631128481782,full_atom
PolyX_PolyR_5,PolyX,R,,250,5,7.893188586225124,0.047501232758674,,,1.9023329646504683,-624.3539965082763,12.103554591869354,0.0,,,,,,,,,,,,,,,,,,,,,,,,,,,,,0.387236,0.739584486922745,full_atom
PolyX_PolyT_5,PolyX,T,,250,5,1.0764797422976171,0.9777559575261624,,,2.331358277039986,-231.5684393450572,80.86544708250192,5.32354857019183e-166,,,,,,,,,,,,,,,,,,,,,,,,,,,,,0.3331398,0.9867518210800424,full_atom
PolyX_PolyW_5,PolyX,W,,250,5,10.786684856695707,0.1604163359168167,,,1.283291364996268,-972.2188955270808,13.790651121566782,0.0,,,,,,,,,,,,,,,,,,,,,,,,,,,,,0.38975626,0.6026564298929323,full_atom
PolyX_PolyY_5,PolyX,Y,,250,5,10.488431913435884,0.085706265959714,,,1.4007874903036317,-774.0123026247627,9.655351038921244,0.0,,,,,,,,,,,,,,,,,,,,,,,,,,,,,0.34478834,0.6383474043992943,full_atom
PolyX_PolyC_6,PolyX,C,,250,6,8.695838245983392,0.2463844923401182,,,1.4092947373810234,-281.42386643163144,2.380483608980279,1.6809423489284934e-189,,,,,,,,,,,,,,,,,,,,,,,,,,,,,0.22714235,0.6529070484697337,full_atom
PolyX_PolyD_6,PolyX,D,,250,6,10.696567228845565,0.1667192636126316,,,1.3321804694045172,-438.8677469895281,4.313283210057991,4.613239249098197e-280,,,,,,,,,,,,,,,,,,,,,,,,,,,,,0.2643408,0.6070415465388594,full_atom
PolyX_PolyH_6,PolyX,H,,250,6,10.86018619735846,0.1211346693776972,,,1.2675766289433612,-671.4408187730007,8.43536586639939,0.0,,,,,,,,,,,,,,,,,,,,,,,,,,,,,0.3314613,0.6006149840615205,full_atom
PolyX_PolyM_6,PolyX,M,,250,6,9.86061553724186,0.1355909193364106,,,1.4529000739178102,-357.10594453450386,6.074651634618771,1.488351861576505e-244,,,,,,,,,,,,,,,,,,,,,,,,,,,,,0.30380043,0.6461347963624386,full_atom
PolyX_PolyN_6,PolyX,N,,250,6,10.042241051712864,0.1358247016715273,,,1.4067009673133724,-452.9507853429303,4.454049249735193,3.530369260661032e-286,,,,,,,,,,,,,,,,,,,,,,,,,,,,,0.26731673,0.6353655121954964,full_atom
PolyX_PolyP_6,PolyX,P,,250,6,4.95151204424295,0.4053353332104158,,,1.7906865782355488,-439.6319838008986,1.604848090666725,2.6568760908599716e-269,,,,,,,,,,,,,,,,,,,,,,,,,,,,,0.15746301,0.788350067331121,full_atom
PolyX_PolyQ_6,PolyX,Q,,250,6,9.586608138268154,0.1118292966086934,,,1.4320354345896449,-513.2871347880845,7.400274473740081,2e-323,,,,,,,,,,,,,,,,,,,,,,,,,,,,,0.31988367,0.6586649526835068,full_atom
PolyX_PolyR_6,PolyX,R,,250,6,10.329837973037955,0.1322637438975241,,,1.3731843707803133,-724.3552267183263,16.003549751644933,0.0,,,,,,,,,,,,,,,,,,,,,,,,,,,,,0.4136066,0.6169755627061921,full_atom
PolyX_PolyT_6,PolyX,T,,250,6,1.1287289445009818,0.9516847516916312,,,2.502072227733904,-262.63999079548853,179.59203070960783,1.95441687557049e-192,,,,,,,,,,,,,,,,,,,,,,,,,,,,,0.4775139,0.9898916361714668,full_atom
PolyX_PolyW_6,PolyX,W,,250,6,13.80704423868934,0.0885164499413217,,,1.0149495304889535,-1181.183057611608,17.146752704653895,0.0,,,,,,,,,,,,,,,,,,,,,,,,,,,,,0.39850882,0.5207119823924331,full_atom
PolyX_PolyY_6,PolyX,Y,,250,6,11.994996018142524,0.1541738665426385,,,1.1080139426734268,-930.7044905880156,13.243428337468504,0.0,,,,,,,,,,,,,,,,,,,,,,,,,,,,,0.37567562,0.5739965644411229,full_atom
PolyX_PolyC_7,PolyX,C,,250,7,9.70506872434104,0.2830468831655566,,,1.2774023386991755,-322.6228785635994,3.1338222884118614,1.7409249027624536e-218,,,,,,,,,,,,,,,,,,,,,,,,,,,,,0.24175875,0.6038255906318138,full_atom
PolyX_PolyD_7,PolyX,D,,250,7,11.823135067891007,0.2435992463361869,,,1.167534601817071,-507.4198907671428,5.761614128745229,0.0,,,,,,,,,,,,,,,,,,,,,,,,,,,,,0.2851596,0.5535449926751487,full_atom
PolyX_PolyH_7,PolyX,H,,250,7,13.06758163180317,0.0873861973021107,,,1.0624066471554725,-798.3461665220977,10.378250456263237,0.0,,,,,,,,,,,,,,,,,,,,,,,,,,,,,0.34180507,0.5397001636939605,full_atom
PolyX_PolyM_7,PolyX,M,,250,7,11.270593401275956,0.1770552662587183,,,1.180101572174492,-405.11308269256347,7.983178289687109,3.418048476781411e-280,,,,,,,,,,,,,,,,,,,,,,,,,,,,,0.32804,0.5773725141661977,full_atom
PolyX_PolyN_7,PolyX,N,,250,7,11.254932045390824,0.2570024174151514,,,1.2755746211568626,-526.2638162570197,6.504432791949337,0.0,,,,,,,,,,,,,,,,,,,,,,,,,,,,,0.30120668,0.5629896870617747,full_atom
PolyX_PolyP_7,PolyX,P,,250,7,5.901548033761005,0.1751770069576335,,,1.85886486104904,-498.3183855582189,2.655626337317052,9.913115742975526e-308,,,,,,,,,,,,,,,,,,,,,,,,,,,,,0.2048609,0.8196323432088646,full_atom
PolyX_PolyQ_7,PolyX,Q,,250,7,12.333756804057153,0.1370223079532131,,,1.138591493141674,-596.6189805190138,9.80729430062391,0.0,,,,,,,,,,,,,,,,,,,,,,,,,,,,,0.3454713,0.5492379368040406,full_atom
PolyX_PolyR_7,PolyX,R,,250,7,12.678176598203288,0.0752762013279644,,,1.123194512543197,-865.7900619686807,20.245867543503856,0.0,,,,,,,,,,,,,,,,,,,,,,,,,,,,,0.43685585,0.5364456085006867,full_atom
PolyX_PolyT_7,PolyX,T,,250,7,1.9818551128709971,0.5958618992150954,,,2.6247863111453835,-308.1173534247246,268.91316984079094,3.9762060776606325e-225,,,,,,,,,,,,,,,,,,,,,,,,,,,,,0.5059712,0.990583392448658,full_atom
PolyX_PolyW_7,PolyX,W,,250,7,16.009747675920714,0.1278290884681201,,,0.8133791227365066,-1361.2974913501585,21.797385709517904,0.0,,,,,,,,,,,,,,,,,,,,,,,,,,,,,0.42267272,0.4646827459763304,full_atom
PolyX_PolyY_7,PolyX,Y,,250,7,13.7882051025062,0.2108439839041095,,,0.8969332278978777,-1105.2583896094416,18.26631813725084,0.0,,,,,,,,,,,,,,,,,,,,,,,,,,,,,0.41520587,0.5031010468909496,full_atom
PolyX_PolyC_8,PolyX,C,,250,8,8.677174390720714,0.2501358744529506,,,1.2348009481722846,-355.49505077687496,5.120106129260225,7.452601247589355e-244,,,,,,,,,,,,,,,,,,,,,,,,,,,,,0.29556122,0.6446175763570146,full_atom
PolyX_PolyD_8,PolyX,D,,250,8,13.19670426969045,0.236556357944546,,,1.002957483157814,-581.0600932714109,7.535659267054408,0.0,,,,,,,,,,,,,,,,,,,,,,,,,,,,,0.30702665,0.5044770947613979,full_atom
PolyX_PolyH_8,PolyX,H,,250,8,14.967998949656828,0.1178207828582284,,,0.9358387352596648,-922.7439540753276,12.912772335281964,0.0,,,,,,,,,,,,,,,,,,,,,,,,,,,,,0.3588865,0.4883824639819282,full_atom
PolyX_PolyM_8,PolyX,M,,250,8,14.008317737526648,0.1383341422112763,,,1.021186948372576,-466.0870063361991,9.92917264197839,1.833e-321,,,,,,,,,,,,,,,,,,,,,,,,,,,,,0.3448342,0.500791902283248,full_atom
PolyX_PolyN_8,PolyX,N,,250,8,12.825742965890594,0.2394028196536199,,,1.057882700111913,-593.967547707983,7.726977416528083,0.0,,,,,,,,,,,,,,,,,,,,,,,,,,,,,0.3105431,0.5112742256849455,full_atom
PolyX_PolyP_8,PolyX,P,,250,8,6.5999309550004455,0.1924217333325797,,,1.6832516840497742,-572.3488692505815,3.48341727582386,0.0,,,,,,,,,,,,,,,,,,,,,,,,,,,,,0.21311948,0.7690214534471249,full_atom
PolyX_PolyQ_8,PolyX,Q,,250,8,13.858311125944642,0.1387460062486703,,,0.9924174393339104,-682.956063906822,12.20996618856696,0.0,,,,,,,,,,,,,,,,,,,,,,,,,,,,,0.3641309,0.5039362559067438,full_atom
PolyX_PolyR_8,PolyX,R,,250,8,15.251438133383733,0.0708245469434326,,,0.868787719776416,-980.2825735482068,25.93467259599869,0.0,,,,,,,,,,,,,,,,,,,,,,,,,,,,,0.47173107,0.47058492567649,full_atom
PolyX_PolyT_8,PolyX,T,,250,8,1.029023756982434,0.994169501724171,,,2.077648455357848,-349.8385074217568,416.8027351378157,3.4611565849989684e-256,,,,,,,,,,,,,,,,,,,,,,,,,,,,,0.5137346,0.992252290188936,full_atom
PolyX_PolyW_8,PolyX,W,,250,8,17.099376003426894,0.0663193677964846,,,0.7928927274436909,-1662.4985724188796,27.98769264132263,0.0,,,,,,,,,,,,,,,,,,,,,,,,,,,,,0.44847217,0.4496163713435705,full_atom
PolyX_PolyY_8,PolyX,Y,,250,8,16.859808964173386,0.0524424592986793,,,0.8118896479217615,-1290.7597096270097,21.08262527273672,0.0,,,,,,,,,,,,,,,,,,,,,,,,,,,,,0.41812924,0.4516070630530138,full_atom
PolyX_PolyC_9,PolyX,C,,250,9,9.235602637291349,0.3687139745952338,,,1.0639589982307391,-404.6200280180703,5.684983950377296,2.7882530956195707e-276,,,,,,,,,,,,,,,,,,,,,,,,,,,,,0.2912891,0.5792585572750986,full_atom
PolyX_PolyD_9,PolyX,D,,250,9,12.695056145319946,0.326357814201537,,,0.9089723778362564,-668.3449438746072,9.892147407602348,0.0,,,,,,,,,,,,,,,,,,,,,,,,,,,,,0.33417717,0.4921077358551862,full_atom
PolyX_PolyH_9,PolyX,H,,250,9,15.605504233124362,0.1527211913203595,,,0.8559321796845729,-1043.899530457188,16.218649011626994,0.0,,,,,,,,,,,,,,,,,,,,,,,,,,,,,0.38265228,0.4777318061498155,full_atom
PolyX_PolyM_9,PolyX,M,,250,9,14.865735440492584,0.190653883418103,,,0.8696421089726012,-530.3670950005475,12.190120536098627,0.0,,,,,,,,,,,,,,,,,,,,,,,,,,,,,0.36360475,0.4736038960360889,full_atom
PolyX_PolyN_9,PolyX,N,,250,9,12.23803097885774,0.353571079070801,,,0.945813561169605,-676.9229562392579,9.965442002289288,0.0,,,,,,,,,,,,,,,,,,,,,,,,,,,,,0.33408993,0.5081744605468876,full_atom
PolyX_PolyP_9,PolyX,P,,250,9,5.188126636079829,0.436277049492731,,,1.571492109469679,-651.096635276238,4.278986986740741,0.0,,,,,,,,,,,,,,,,,,,,,,,,,,,,,0.22525233,0.7568702944230801,full_atom
PolyX_PolyQ_9,PolyX,Q,,250,9,15.936593834616277,0.1613799334101564,,,0.806578851447473,-766.362079360493,15.098321192946983,0.0,,,,,,,,,,,,,,,,,,,,,,,,,,,,,0.38453284,0.4547044822509684,full_atom
PolyX_PolyR_9,PolyX,R,,250,9,17.118600043225275,0.0693313907579264,,,0.7411189456570674,-1168.8219362594791,30.07351657036032,0.0,,,,,,,,,,,,,,,,,,,,,,,,,,,,,0.4793133,0.4305820860573173,full_atom
PolyX_PolyT_9,PolyX,T,,250,9,1.1596285382182283,0.967568794708425,,,1.7060286811167178,-391.4876798128519,113.47558868696905,3.23768672408682e-287,,,,,,,,,,,,,,,,,,,,,,,,,,,,,0.39262256,0.9615133854333006,full_atom
PolyX_PolyW_9,PolyX,W,,250,9,17.372546917511066,0.20931083038801,,,0.7708543718370076,-1901.792494345474,32.07758683362371,0.0,,,,,,,,,,,,,,,,,,,,,,,,,,,,,0.4523415,0.4360937391427155,full_atom
PolyX_PolyY_9,PolyX,Y,,250,9,15.336483545028385,0.2130565527349784,,,0.8458315595938524,-1488.0470022650434,26.11715554113593,0.0,,,,,,,,,,,,,,,,,,,,,,,,,,,,,0.4399121,0.4643909746817364,full_atom
PolyX_PolyC_10,PolyX,C,,250,10,10.157062862602109,0.3721524133833134,,,1.0579063750005009,-445.1344992627498,7.303452067427118,5.726005250270268e-305,,,,,,,,,,,,,,,,,,,,,,,,,,,,,0.31386498,0.5730630679175981,full_atom
PolyX_PolyD_10,PolyX,D,,250,10,13.642564638914644,0.3267836132805925,,,0.8427589259483488,-787.8602120130388,11.68712743296838,0.0,,,,,,,,,,,,,,,,,,,,,,,,,,,,,0.34630495,0.4857563641188083,full_atom
PolyX_PolyH_10,PolyX,H,,250,10,17.35982173683061,0.2144132516364641,,,0.7266556815299631,-1184.8214663247709,19.50440340207336,0.0,,,,,,,,,,,,,,,,,,,,,,,,,,,,,0.3999243,0.4291135624457542,full_atom
PolyX_PolyM_10,PolyX,M,,250,10,11.079419701213402,0.3107503182384488,,,0.982027777539597,-638.3675661410626,14.875916006756729,0.0,,,,,,,,,,,,,,,,,,,,,,,,,,,,,0.38503534,0.5478837042655942,full_atom
PolyX_PolyN_10,PolyX,N,,250,10,12.497714296787349,0.2809595320428881,,,0.9232414642700828,-784.8507433891198,13.380841101117792,0.0,,,,,,,,,,,,,,,,,,,,,,,,,,,,,0.36974853,0.5361212309806876,full_atom
PolyX_PolyP_10,PolyX,P,,250,10,6.501570903309331,0.2392749320961082,,,1.6797372004551667,-729.9407113145716,4.885437638966777,0.0,,,,,,,,,,,,,,,,,,,,,,,,,,,,,0.23151907,0.7587557192677149,full_atom
PolyX_PolyQ_10,PolyX,Q,,250,10,16.49795504482229,0.0806343613395579,,,0.7573737239022161,-936.5518267737124,18.8574667434735,0.0,,,,,,,,,,,,,,,,,,,,,,,,,,,,,0.41027543,0.4573366844612771,full_atom
PolyX_PolyR_10,PolyX,R,,250,10,19.04868134057414,0.0788558611352236,,,0.640103496000494,-1280.1222238595333,36.839377721589614,0.0,,,,,,,,,,,,,,,,,,,,,,,,,,,,,0.51057816,0.3987190067246567,full_atom
PolyX_PolyW_10,PolyX,W,,250,10,17.442671440145343,0.2133578521207142,,,0.761433830021987,-2168.666665727232,30.868734686477566,0.0,,,,,,,,,,,,,,,,,,,,,,,,,,,,,0.40450597,0.438691257698635,full_atom
PolyX_PolyY_10,PolyX,Y,,250,10,16.39610478923564,0.2338258825705636,,,0.7912281975998932,-1727.3796556448265,29.49720309353617,0.0,,,,,,,,,,,,,,,,,,,,,,,,,,,,,0.44555187,0.4459234597375917,full_atom
PolyX_PolyC_11,PolyX,C,,250,11,9.293477407142651,0.4031189509857218,,,1.0208043675880367,-495.0173190315416,8.73053446227448,0.0,,,,,,,,,,,,,,,,,,,,,,,,,,,,,0.3280289,0.5745372576559691,full_atom
PolyX_PolyD_11,PolyX,D,,250,11,13.219482010790044,0.3174360124580441,,,0.8439277512983706,-883.5950022850892,14.5459742606259,0.0,,,,,,,,,,,,,,,,,,,,,,,,,,,,,0.36784762,0.4898336898560314,full_atom
PolyX_PolyH_11,PolyX,H,,250,11,16.616171366894083,0.3260189416579637,,,0.7040034506183654,-1327.9293650660131,22.72907916236625,0.0,,,,,,,,,,,,,,,,,,,,,,,,,,,,,0.41011983,0.4260254893656949,full_atom
PolyX_PolyM_11,PolyX,M,,250,11,9.068845944496022,0.460722756073683,,,1.0105618121537494,-762.0765505145628,16.0112114292875,0.0,,,,,,,,,,,,,,,,,,,,,,,,,,,,,0.3756751,0.5615685266393164,full_atom
PolyX_PolyN_11,PolyX,N,,250,11,11.412538423709378,0.4316665756437977,,,0.8278598765424736,-859.7829200440005,14.894311882281697,0.0,,,,,,,,,,,,,,,,,,,,,,,,,,,,,0.37055385,0.4999591981863885,full_atom
PolyX_PolyP_11,PolyX,P,,250,11,5.617588458700529,0.3563637672354069,,,1.6559069460283862,-812.6872297167387,6.68646324165063,0.0,,,,,,,,,,,,,,,,,,,,,,,,,,,,,0.25666627,0.7578258221042281,full_atom
PolyX_PolyQ_11,PolyX,Q,,250,11,16.843307401254307,0.3335978960864509,,,0.6637849435503538,-1097.7928215922595,20.64193203343309,0.0,,,,,,,,,,,,,,,,,,,,,,,,,,,,,0.4088935,0.4120924553998677,full_atom
PolyX_PolyR_11,PolyX,R,,250,11,19.28498828811521,0.2413941559562293,,,0.6057613542402023,-1576.2832783576364,41.488132233873216,0.0,,,,,,,,,,,,,,,,,,,,,,,,,,,,,0.51535946,0.386930935112044,full_atom
PolyX_PolyT_11,PolyX,T,,250,11,1.076762604159334,0.981814191112774,,,2.0148079613922474,-493.028845416542,415.9017264145222,0.0,,,,,,,,,,,,,,,,,,,,,,,,,,,,,0.48586693,0.983527552523215,full_atom
PolyX_PolyW_11,PolyX,W,,250,11,9.799485398356756,0.4200668404425373,,,0.9703893576780788,-2472.564959101674,32.69596667807271,0.0,,,,,,,,,,,,,,,,,,,,,,,,,,,,,0.3934808,0.5421401636729305,full_atom
PolyX_PolyY_11,PolyX,Y,,250,11,12.419131598998916,0.3590510678278787,,,0.865079973945865,-1936.9970941312956,33.43052684027043,0.0,,,,,,,,,,,,,,,,,,,,,,,,,,,,,0.44917774,0.4946044497916838,full_atom
PolyX_PolyC_12,PolyX,C,,250,12,9.273099685471353,0.3663710871748192,,,1.0728155934986003,-547.0391453894671,10.765036367375624,0.0,,,,,,,,,,,,,,,,,,,,,,,,,,,,,0.35051185,0.5825594300820884,full_atom
PolyX_PolyD_12,PolyX,D,,250,12,12.455501254193926,0.3455949523847218,,,0.8831434522543277,-1029.7606770969812,17.518360061362536,0.0,,,,,,,,,,,,,,,,,,,,,,,,,,,,,0.3864603,0.5070754586617943,full_atom
PolyX_PolyH_12,PolyX,H,,250,12,14.678790372668958,0.394181273128775,,,0.7637560969851904,-1459.2134155085046,27.83629730616183,0.0,,,,,,,,,,,,,,,,,,,,,,,,,,,,,0.4351597,0.4424184289424269,full_atom
PolyX_PolyM_12,PolyX,M,,250,12,9.187182917904597,0.3705939424872557,,,1.03593313744853,-922.4413049951836,18.53680819181255,0.0,,,,,,,,,,,,,,,,,,,,,,,,,,,,,0.38725743,0.5812485438837258,full_atom
PolyX_PolyN_12,PolyX,N,,250,12,11.04968866530314,0.3989669498926109,,,0.8804882402982926,-984.0138023534842,18.346168748552145,0.0,,,,,,,,,,,,,,,,,,,,,,,,,,,,,0.3950072,0.512791523173503,full_atom
PolyX_PolyP_12,PolyX,P,,250,12,5.3503456247910455,0.4623982301110879,,,1.5778569050696354,-912.5776583611824,7.427490248289855,0.0,,,,,,,,,,,,,,,,,,,,,,,,,,,,,0.25715554,0.7283581838358405,full_atom
PolyX_PolyQ_12,PolyX,Q,,250,12,16.47426666096902,0.3992847857888192,,,0.6389510759182363,-1241.289271079308,23.319728997837775,0.0,,,,,,,,,,,,,,,,,,,,,,,,,,,,,0.41619942,0.4001052801835466,full_atom
PolyX_PolyR_12,PolyX,R,,250,12,21.186371737170628,0.217142195331589,,,0.5627279162923674,-1737.7414459561626,46.70309275574153,0.0,,,,,,,,,,,,,,,,,,,,,,,,,,,,,0.52685416,0.3608370462976215,full_atom
PolyX_PolyT_12,PolyX,T,,250,12,1.722743265930718,0.7575423282530485,,,2.170191165164489,-570.6275159775016,199.94390899432665,0.0,,,,,,,,,,,,,,,,,,,,,,,,,,,,,0.45822507,0.9588360486385612,full_atom
PolyX_PolyW_12,PolyX,W,,250,12,15.599901596713984,0.4264191134556561,,,0.7660259967884687,-2951.170296202773,17.60530034990439,0.0,,,,,,,,,,,,,,,,,,,,,,,,,,,,,0.2394494,0.4251695462072231,full_atom
PolyX_PolyY_12,PolyX,Y,,250,12,12.828759679520848,0.2692621248826614,,,0.911535418925756,-2181.235069609561,37.992840113219486,0.0,,,,,,,,,,,,,,,,,,,,,,,,,,,,,0.46144652,0.5063461261157634,full_atom
PolyX_PolyC_13,PolyX,C,,250,13,9.073601691839391,0.4181487115328383,,,1.0924492518835631,-605.6420639450416,13.0047977441653,0.0,,,,,,,,,,,,,,,,,,,,,,,,,,,,,0.3680411,0.5811105394949893,full_atom
PolyX_PolyD_13,PolyX,D,,250,13,12.333778626805044,0.3357810058573904,,,0.9690965231127324,-1207.5586575723978,21.034182592045653,0.0,,,,,,,,,,,,,,,,,,,,,,,,,,,,,0.4090559,0.5232102302851903,full_atom
PolyX_PolyH_13,PolyX,H,,250,13,16.664509618610808,0.3849635100836973,,,0.7126592092128742,-1735.405151804361,31.12029573121744,0.0,,,,,,,,,,,,,,,,,,,,,,,,,,,,,0.4440762,0.4166979771399162,full_atom
PolyX_PolyM_13,PolyX,M,,250,13,7.123009753458724,0.4154856033730997,,,1.166070313346794,-1109.7846980400673,19.558920096387425,0.0,,,,,,,,,,,,,,,,,,,,,,,,,,,,,0.37595943,0.64200540614101,full_atom
PolyX_PolyN_13,PolyX,N,,250,13,11.560708696122964,0.3652022769158857,,,0.8920331812026812,-1153.8000457762168,21.16816152294779,0.0,,,,,,,,,,,,,,,,,,,,,,,,,,,,,0.4084922,0.5168155844758362,full_atom
PolyX_PolyP_13,PolyX,P,,250,13,5.600632214956396,0.4850056595737218,,,1.503504829664895,-1039.407661461473,9.76526572356891,0.0,,,,,,,,,,,,,,,,,,,,,,,,,,,,,0.2877101,0.7158895250941751,full_atom
PolyX_PolyQ_13,PolyX,Q,,250,13,14.404304152321254,0.2350284679664553,,,0.8699646278080916,-1411.9593136213743,29.879007598546742,0.0,,,,,,,,,,,,,,,,,,,,,,,,,,,,,0.4557051,0.4824071663501788,full_atom
PolyX_PolyR_13,PolyX,R,,250,13,18.690414655137715,0.3047469907067899,,,0.6741301831455617,-2012.2130478889608,55.71574359144309,0.0,,,,,,,,,,,,,,,,,,,,,,,,,,,,,0.55541027,0.4001251380530363,full_atom
PolyX_PolyT_13,PolyX,T,,250,13,1.0509489339405045,0.9873372048294736,,,2.0696993114567634,-676.5210883710855,767.1887473963144,0.0,,,,,,,,,,,,,,,,,,,,,,,,,,,,,0.51132137,0.9884937268279472,full_atom
PolyX_PolyW_13,PolyX,W,,250,13,22.822275332544205,0.1975042667790187,,,0.6567191629040126,-3374.656551229604,13.83196365955185,0.0,,,,,,,,,,,,,,,,,,,,,,,,,,,,,0.20139012,0.3643121936023599,full_atom
PolyX_PolyY_13,PolyX,Y,,250,13,11.758896049845912,0.4199588234034516,,,0.9184563615873214,-2471.1834181316112,33.17306865739507,0.0,,,,,,,,,,,,,,,,,,,,,,,,,,,,,0.38340446,0.5049778206535708,full_atom
PolyX_PolyC_14,PolyX,C,,250,14,8.938967366399696,0.3146124847981515,,,1.210865164464246,-690.0185072820746,16.918552183319616,0.0,,,,,,,,,,,,,,,,,,,,,,,,,,,,,0.4073954,0.6223579514602408,full_atom
PolyX_PolyD_14,PolyX,D,,250,14,13.471984936404214,0.2966635636752012,,,0.941335705954518,-1344.743039036198,23.43227580266613,0.0,,,,,,,,,,,,,,,,,,,,,,,,,,,,,0.41598442,0.4972143817445016,full_atom
PolyX_PolyH_14,PolyX,H,,250,14,17.507880877279682,0.2964335745512075,,,0.754266360570274,-1927.7058938095065,34.53174437707935,0.0,,,,,,,,,,,,,,,,,,,,,,,,,,,,,0.45238337,0.4168552607494984,full_atom
PolyX_PolyM_14,PolyX,M,,250,14,8.01963434079116,0.2489170293853125,,,1.2838276936154511,-1308.3957607339375,22.41317109446649,0.0,,,,,,,,,,,,,,,,,,,,,,,,,,,,,0.3886128,0.6793604219129892,full_atom
PolyX_PolyN_14,PolyX,N,,250,14,9.593210536388051,0.3919311515277715,,,1.0153483302328667,-1298.216257508182,26.99354716601024,0.0,,,,,,,,,,,,,,,,,,,,,,,,,,,,,0.4442205,0.5613189983974008,full_atom
PolyX_PolyP_14,PolyX,P,,250,14,5.026181766247483,0.5181402099920894,,,1.4888065115089917,-1180.2305844338473,11.28680832648424,0.0,,,,,,,,,,,,,,,,,,,,,,,,,,,,,0.29421756,0.7254624646109875,full_atom
PolyX_PolyQ_14,PolyX,Q,,250,14,14.53386395689244,0.4190482736116114,,,0.7613904975272529,-1614.2968686916247,31.21825828386112,0.0,,,,,,,,,,,,,,,,,,,,,,,,,,,,,0.44657594,0.4421506141015358,full_atom
PolyX_PolyR_14,PolyX,R,,250,14,19.325355808183733,0.11171431221949,,,0.7487941334509356,-2223.774594926276,65.31253883345617,0.0,,,,,,,,,,,,,,,,,,,,,,,,,,,,,0.5835782,0.4274500012149453,full_atom
PolyX_PolyT_14,PolyX,T,,250,14,2.451054699783684,0.5194300043370548,,,1.91564194962445,-774.5432267672785,161.1819629559703,0.0,,,,,,,,,,,,,,,,,,,,,,,,,,,,,0.4994103,0.932981381148864,full_atom
PolyX_PolyW_14,PolyX,W,,250,14,22.17771846345868,0.2069017307235444,,,0.6595303677229546,-3777.3127534963673,13.338868110601052,0.0,,,,,,,,,,,,,,,,,,,,,,,,,,,,,0.18538019,0.368413795847714,full_atom
PolyX_PolyY_14,PolyX,Y,,250,14,8.027587236784543,0.4293175606610735,,,1.075050940477169,-2707.3950210683274,37.9457825542543,0.0,,,,,,,,,,,,,,,,,,,,,,,,,,,,,0.40287867,0.5879426753349506,full_atom
PolyX_PolyC_15,PolyX,C,,250,15,9.442954830517408,0.2892977562166764,,,1.2250096488373206,-745.1028154475887,18.78079582527084,0.0,,,,,,,,,,,,,,,,,,,,,,,,,,,,,0.41353512,0.6127979540834907,full_atom
PolyX_PolyD_15,PolyX,D,,250,15,10.687810624307312,0.3919732833020459,,,1.0148467057171484,-1587.763558694188,29.030025846369316,0.0,,,,,,,,,,,,,,,,,,,,,,,,,,,,,0.44690526,0.5284976536143602,full_atom
PolyX_PolyH_15,PolyX,H,,250,15,15.60645085627104,0.3446404746302585,,,0.8115459085094044,-2178.8023708467063,41.35457569051475,0.0,,,,,,,,,,,,,,,,,,,,,,,,,,,,,0.47654486,0.4379488050956667,full_atom
PolyX_PolyM_15,PolyX,M,,250,15,8.063162435887046,0.3977334444627944,,,1.1483314478364035,-1536.0470737870014,15.880353509585442,0.0,,,,,,,,,,,,,,,,,,,,,,,,,,,,,0.26100463,0.6122794910045768,full_atom
PolyX_PolyN_15,PolyX,N,,250,15,10.12373167945935,0.3929146191425692,,,1.036327239155397,-1533.2581402895823,30.46369493526168,0.0,,,,,,,,,,,,,,,,,,,,,,,,,,,,,0.4540042,0.5632183874848602,full_atom
PolyX_PolyP_15,PolyX,P,,250,15,4.426704801823325,0.5688596562992291,,,1.5180061865892769,-1390.6585677211203,12.674023152229672,0.0,,,,,,,,,,,,,,,,,,,,,,,,,,,,,0.297383,0.7477192280564308,full_atom
PolyX_PolyQ_15,PolyX,Q,,250,15,11.867878508296185,0.4748013984555916,,,0.8516363397636504,-1781.9608322939546,38.13624697303993,0.0,,,,,,,,,,,,,,,,,,,,,,,,,,,,,0.4759822,0.4826919188011964,full_atom
PolyX_PolyR_15,PolyX,R,,250,15,19.489806203491728,0.2725902996976099,,,0.7279189175356734,-2453.139098647213,70.11716830810381,0.0,,,,,,,,,,,,,,,,,,,,,,,,,,,,,0.5848058,0.4043997234683205,full_atom
PolyX_PolyT_15,PolyX,T,,250,15,6.544849091589322,0.1546559028296352,,,1.395192984559965,-933.8540478488674,40.647637088170654,0.0,,,,,,,,,,,,,,,,,,,,,,,,,,,,,0.5571135,0.720247721434067,full_atom
PolyX_PolyW_15,PolyX,W,,250,15,26.0568380121036,0.1169016685301723,,,0.5938213211215918,-4141.163955195472,11.980292707602404,0.0,,,,,,,,,,,,,,,,,,,,,,,,,,,,,0.17077762,0.3337654482410926,full_atom
PolyX_PolyY_15,PolyX,Y,,250,15,12.075029780147412,0.3575713895473323,,,0.9184197923428008,-3115.925759612758,26.92833838311572,0.0,,,,,,,,,,,,,,,,,,,,,,,,,,,,,0.27650702,0.5058096461276254,full_atom
PolyX_PolyC_16,PolyX,C,,250,16,8.55294331673693,0.3808759244385842,,,1.2238911095633374,-882.8347803670874,21.479166342208607,0.0,,,,,,,,,,,,,,,,,,,,,,,,,,,,,0.42938915,0.6217519428559446,full_atom
PolyX_PolyD_16,PolyX,D,,250,16,10.14218589969501,0.3193394491286644,,,1.1380340185536195,-1692.8259097938635,36.06714954903361,0.0,,,,,,,,,,,,,,,,,,,,,,,,,,,,,0.4819381,0.577808137953278,full_atom
PolyX_PolyH_16,PolyX,H,,250,16,14.18380862886519,0.2373896526419748,,,0.9464487975321632,-2309.0910376318407,51.505954520532086,0.0,,,,,,,,,,,,,,,,,,,,,,,,,,,,,0.51477313,0.4919373165681687,full_atom
PolyX_PolyM_16,PolyX,M,,250,16,7.239636362325299,0.4740252531534772,,,1.1876891124694855,-1702.5129429262531,15.483019330357656,0.0,,,,,,,,,,,,,,,,,,,,,,,,,,,,,0.2410343,0.6265901922488324,full_atom
PolyX_PolyN_16,PolyX,N,,250,16,10.07616610862918,0.3695186381794571,,,1.0877986795440953,-1637.1946730258585,35.52179401802372,0.0,,,,,,,,,,,,,,,,,,,,,,,,,,,,,0.47856224,0.5664538389398601,full_atom
PolyX_PolyP_16,PolyX,P,,250,16,4.833652825848191,0.5807112889024698,,,1.434709203227735,-1483.4110993674378,15.77079076519914,0.0,,,,,,,,,,,,,,,,,,,,,,,,,,,,,0.32533246,0.7264271485444942,full_atom
PolyX_PolyQ_16,PolyX,Q,,250,16,12.623058604396826,0.3926160939210079,,,0.9203584810547544,-1960.5702565861952,43.690596318883365,0.0,,,,,,,,,,,,,,,,,,,,,,,,,,,,,0.4968775,0.5021523615474867,full_atom
PolyX_PolyR_16,PolyX,R,,250,16,18.94168207760753,0.2201353040735733,,,0.7523806632986793,-2676.9097571530538,75.4354671381169,0.0,,,,,,,,,,,,,,,,,,,,,,,,,,,,,0.5840662,0.4126611147541875,full_atom
PolyX_PolyT_16,PolyX,T,,250,16,1.77581546684399,0.8698797265327913,,,1.5900795446407383,-1084.7220042795768,111.08351088682883,0.0,,,,,,,,,,,,,,,,,,,,,,,,,,,,,0.48337096,0.8663880827153393,full_atom
PolyX_PolyW_16,PolyX,W,,250,16,26.57654782994173,0.1429743427681577,,,0.5515828159762087,-4586.2015834179765,11.3357876309455,0.0,,,,,,,,,,,,,,,,,,,,,,,,,,,,,0.16155012,0.3290366691986928,full_atom
PolyX_PolyY_16,PolyX,Y,,250,16,6.985195699673208,0.4374057040332535,,,1.1860964077377711,-3401.060428941396,35.36228548972627,0.0,,,,,,,,,,,,,,,,,,,,,,,,,,,,,0.33414435,0.6321706225700038,full_atom
PolyX_PolyC_17,PolyX,C,,250,17,8.701938418583218,0.3113557567071801,,,1.324342277137012,-1011.369600548048,26.88803059036257,0.0,,,,,,,,,,,,,,,,,,,,,,,,,,,,,0.46332666,0.6448348676648179,full_atom
PolyX_PolyD_17,PolyX,D,,250,17,9.2324961103256,0.4541402200547037,,,1.114852461914304,-1976.0847106478973,37.41242187206744,0.0,,,,,,,,,,,,,,,,,,,,,,,,,,,,,0.4740702,0.5614545807804631,full_atom
PolyX_PolyH_17,PolyX,H,,250,17,16.0418628316647,0.2974224670290857,,,0.893404523482304,-2512.259867698924,51.88142209027224,0.0,,,,,,,,,,,,,,,,,,,,,,,,,,,,,0.5010882,0.4554863074491712,full_atom
PolyX_PolyM_17,PolyX,M,,250,17,7.587871100849027,0.4674495823789519,,,1.196375492952815,-2004.384255406216,11.005090636112548,0.0,,,,,,,,,,,,,,,,,,,,,,,,,,,,,0.17219508,0.6282362683607733,full_atom
PolyX_PolyN_17,PolyX,N,,250,17,7.761652314653959,0.4559929798336365,,,1.152722962310843,-1866.5864118374395,41.197219485073965,0.0,,,,,,,,,,,,,,,,,,,,,,,,,,,,,0.4954347,0.6057834715608422,full_atom
PolyX_PolyP_17,PolyX,P,,250,17,4.159457031024654,0.6294876053503986,,,1.4668256396793944,-1642.6138926781014,17.619428430516294,0.0,,,,,,,,,,,,,,,,,,,,,,,,,,,,,0.32733488,0.7479644975026131,full_atom
PolyX_PolyQ_17,PolyX,Q,,250,17,10.530580274715856,0.4725153968368525,,,0.9118736764023224,-2186.396911331471,47.550470797355054,0.0,,,,,,,,,,,,,,,,,,,,,,,,,,,,,0.50065035,0.5009758404466897,full_atom
PolyX_PolyR_17,PolyX,R,,250,17,18.541410074602567,0.276644297509025,,,0.8007786273293285,-2922.2881709745484,82.78813612200128,0.0,,,,,,,,,,,,,,,,,,,,,,,,,,,,,0.59680855,0.4234776180739197,full_atom
PolyX_PolyT_17,PolyX,T,,250,17,1.2232213258256877,0.9213075965558,,,2.2627188166487646,-1203.86195664289,707.7315696888211,0.0,,,,,,,,,,,,,,,,,,,,,,,,,,,,,0.5759184,0.9761648521108268,full_atom
PolyX_PolyW_17,PolyX,W,,250,17,25.17657442334776,0.2445178027624422,,,0.5978939883883512,-4888.481834739367,10.525064408774757,0.0,,,,,,,,,,,,,,,,,,,,,,,,,,,,,0.15303221,0.334351437588703,full_atom
PolyX_PolyY_17,PolyX,Y,,250,17,13.239645329550816,0.3759993048778538,,,0.8863818777940103,-3861.0507772677856,16.6139458799881,0.0,,,,,,,,,,,,,,,,,,,,,,,,,,,,,0.1746917,0.4914665780336046,full_atom
PolyX_PolyC_18,PolyX,C,,250,18,8.837809313296862,0.3587150167935357,,,1.316268726673553,-1121.4531989331256,29.60399952173928,0.0,,,,,,,,,,,,,,,,,,,,,,,,,,,,,0.46926805,0.6284771013708519,full_atom
PolyX_PolyD_18,PolyX,D,,250,18,1.5618361950196384,0.8888912084860578,,,1.759290364635523,-1798.502360762458,228.84529486085776,0.0,,,,,,,,,,,,,,,,,,,,,,,,,,,,,0.5438554,0.9055031041150566,full_atom
PolyX_PolyH_18,PolyX,H,,250,18,14.9313859300363,0.2987505934833235,,,0.9613129512249652,-2821.327203714934,59.56894058010232,0.0,,,,,,,,,,,,,,,,,,,,,,,,,,,,,0.52350223,0.4832338515110058,full_atom
PolyX_PolyM_18,PolyX,M,,250,18,9.331945389364051,0.3090015878925917,,,1.195756990196685,-2162.7721283202745,10.59089248602112,0.0,,,,,,,,,,,,,,,,,,,,,,,,,,,,,0.15976058,0.6106712715994913,full_atom
PolyX_PolyN_18,PolyX,N,,250,18,9.06746652906933,0.4231804135516399,,,1.1607087573614183,-1947.6697369270023,44.995641680437714,0.0,,,,,,,,,,,,,,,,,,,,,,,,,,,,,0.5040071,0.5856909728325104,full_atom
PolyX_PolyP_18,PolyX,P,,250,18,3.946727450938936,0.6380284714789105,,,1.4361748384008692,-1840.164892853767,21.165127035797205,0.0,,,,,,,,,,,,,,,,,,,,,,,,,,,,,0.34856918,0.7455143897563263,full_atom
PolyX_PolyQ_18,PolyX,Q,,250,18,10.940790972506056,0.4329665078146443,,,0.9405613199343394,-2408.2483702745126,52.85744747964982,0.0,,,,,,,,,,,,,,,,,,,,,,,,,,,,,0.51413155,0.5108450246280744,full_atom
PolyX_PolyR_18,PolyX,R,,250,18,19.37562973278968,0.1141221557519537,,,0.8376716902903917,-3225.372286030836,90.42014285422152,0.0,,,,,,,,,,,,,,,,,,,,,,,,,,,,,0.6066504,0.4468852118895127,full_atom
PolyX_PolyT_18,PolyX,T,,250,18,5.694993581800549,0.5037131674861323,,,1.4526403892785158,-1391.8052748697094,61.17013363416936,0.0,,,,,,,,,,,,,,,,,,,,,,,,,,,,,0.5213096,0.7090737850199881,full_atom
PolyX_PolyW_18,PolyX,W,,250,18,23.914701005234622,0.2786358683820464,,,0.6431479152887002,-5398.260113507041,11.07518065970247,0.0,,,,,,,,,,,,,,,,,,,,,,,,,,,,,0.15082505,0.3466821403390076,full_atom
PolyX_PolyY_18,PolyX,Y,,250,18,14.213884009505534,0.1988922333668554,,,0.8968071957041548,-4138.681624391914,17.476766375726875,0.0,,,,,,,,,,,,,,,,,,,,,,,,,,,,,0.1692364,0.5032016414027038,full_atom
PolyX_PolyC_19,PolyX,C,,250,19,7.955346904899394,0.4100951473410911,,,1.2873510275792308,-1240.6645985091025,31.861738501065258,0.0,,,,,,,,,,,,,,,,,,,,,,,,,,,,,0.47774056,0.6249292932224113,full_atom
PolyX_PolyD_19,PolyX,D,,250,19,5.313788478566205,0.4824913298740832,,,1.4982474373440764,-2004.487275353039,89.63862454841139,0.0,,,,,,,,,,,,,,,,,,,,,,,,,,,,,0.5797466,0.7174076594125327,full_atom
PolyX_PolyH_19,PolyX,H,,250,19,15.40994660137234,0.374732599872096,,,0.9238030179634522,-2996.004734533125,63.28888239061949,0.0,,,,,,,,,,,,,,,,,,,,,,,,,,,,,0.52468336,0.4519220168775076,full_atom
PolyX_PolyM_19,PolyX,M,,250,19,10.348964529246798,0.2784496679085081,,,1.1749381372529888,-2421.7698907885238,9.24790630729398,0.0,,,,,,,,,,,,,,,,,,,,,,,,,,,,,0.13612224,0.5976015708355776,full_atom
PolyX_PolyN_19,PolyX,N,,250,19,7.5469463905738525,0.4851618578235592,,,1.2047019828738397,-2149.7094326013253,53.11593835811427,0.0,,,,,,,,,,,,,,,,,,,,,,,,,,,,,0.52956396,0.6093420105781587,full_atom
PolyX_PolyP_19,PolyX,P,,250,19,4.532936528088564,0.5817886770288431,,,1.4604851118495874,-2006.5764144978864,23.97335593059152,0.0,,,,,,,,,,,,,,,,,,,,,,,,,,,,,0.3614639,0.7345105374284387,full_atom
PolyX_PolyQ_19,PolyX,Q,,250,19,10.031906827648362,0.4669188205067156,,,0.998478128865073,-2612.3714832649266,58.96643615044359,0.0,,,,,,,,,,,,,,,,,,,,,,,,,,,,,0.52515554,0.5306467942781867,full_atom
PolyX_PolyR_19,PolyX,R,,250,19,19.243584496968484,0.1403071068558146,,,0.8619479382629139,-3454.783845341131,95.713833545758,0.0,,,,,,,,,,,,,,,,,,,,,,,,,,,,,0.6073118,0.4400783981151258,full_atom
PolyX_PolyT_19,PolyX,T,,250,19,1.6349391552202883,0.887458077138721,,,1.7260042248020562,-1547.5172755510616,181.8331720997488,0.0,,,,,,,,,,,,,,,,,,,,,,,,,,,,,0.53790015,0.8888235675460001,full_atom
PolyX_PolyW_19,PolyX,W,,250,19,25.492323074118044,0.2119197035387279,,,0.6301804642824083,-5581.629191692318,12.28424703304632,0.0,,,,,,,,,,,,,,,,,,,,,,,,,,,,,0.1538829,0.3395225685043705,full_atom
PolyX_PolyY_19,PolyX,Y,,250,19,18.199310001701736,0.2247212905591298,,,0.776140333583431,-4547.560902387698,11.347258000418805,0.0,,,,,,,,,,,,,,,,,,,,,,,,,,,,,0.13292311,0.4226585488882315,full_atom
PolyX_PolyC_20,PolyX,C,,250,20,7.741705315909164,0.4564472250240946,,,1.3017101889689668,-1412.6630284884543,36.12186340202185,0.0,,,,,,,,,,,,,,,,,,,,,,,,,,,,,0.49515787,0.6233780586408948,full_atom
PolyX_PolyD_20,PolyX,D,,250,20,1.7700178988886095,0.7325837627499334,,,2.173341963344787,-2120.133741213748,558.0474975782463,0.0,,,,,,,,,,,,,,,,,,,,,,,,,,,,,0.6302019,0.9466211816298226,full_atom
PolyX_PolyH_20,PolyX,H,,250,20,13.570517167585072,0.3792827706723202,,,0.9903683242819664,-3239.9052634465197,71.61673988719541,0.0,,,,,,,,,,,,,,,,,,,,,,,,,,,,,0.5419961,0.4779799201365566,full_atom
PolyX_PolyM_20,PolyX,M,,250,20,10.978345717887663,0.3215949751244486,,,1.1369604411006462,-2618.416040357863,7.836867045949879,0.0,,,,,,,,,,,,,,,,,,,,,,,,,,,,,0.12296692,0.5635240726930371,full_atom
PolyX_PolyN_20,PolyX,N,,250,20,7.475213927817668,0.3752011901964952,,,1.3198537208776946,-2277.047832844853,64.90957427912464,0.0,,,,,,,,,,,,,,,,,,,,,,,,,,,,,0.576634,0.6498851771310417,full_atom
PolyX_PolyP_20,PolyX,P,,250,20,4.082915319714013,0.5949618895684592,,,1.4885893473773468,-2128.2981282954534,27.87673383067667,0.0,,,,,,,,,,,,,,,,,,,,,,,,,,,,,0.38228133,0.7518706610539624,full_atom
PolyX_PolyQ_20,PolyX,Q,,250,20,11.8504499207482,0.4127690533272705,,,0.9453536636561404,-2760.4835302797906,63.12437783282616,0.0,,,,,,,,,,,,,,,,,,,,,,,,,,,,,0.5325928,0.5047651403281711,full_atom
PolyX_PolyR_20,PolyX,R,,250,20,15.318882439843842,0.2693381707532603,,,0.925494229677722,-3759.56754008231,103.11205261773412,0.0,,,,,,,,,,,,,,,,,,,,,,,,,,,,,0.5993119,0.4731089899036829,full_atom
PolyX_PolyT_20,PolyX,T,,250,20,10.018320787928229,0.2520280097681489,,,1.3207912856450514,-1680.8455329090432,53.94927765536021,0.0,,,,,,,,,,,,,,,,,,,,,,,,,,,,,0.5425913,0.6193416346898882,full_atom
PolyX_PolyW_20,PolyX,W,,250,20,24.78990621477873,0.288726625116954,,,0.632368404505785,-5879.206283001114,12.047365263969356,0.0,,,,,,,,,,,,,,,,,,,,,,,,,,,,,0.14847101,0.3414910491614772,full_atom
PolyX_PolyY_20,PolyX,Y,,250,20,17.840797439400188,0.1488429022796631,,,0.7484006755876331,-4984.813150804508,10.32425398843009,0.0,,,,,,,,,,,,,,,,,,,,,,,,,,,,,0.11894036,0.4296068594582389,full_atom
PolyX_PolyC_21,PolyX,C,,250,21,8.504833135494508,0.2440333046209598,,,1.3967604531296067,-1490.4235153302186,43.04101229740571,0.0,,,,,,,,,,,,,,,,,,,,,,,,,,,,,0.525603,0.6599473788921566,full_atom
PolyX_PolyD_21,PolyX,D,,250,21,6.322692487521022,0.462344201266451,,,1.416708976861928,-2360.743388012674,85.73800306322383,0.0,,,,,,,,,,,,,,,,,,,,,,,,,,,,,0.5511998,0.6729100689190103,full_atom
PolyX_PolyH_21,PolyX,H,,250,21,14.377395694835997,0.3242882490550342,,,1.0191728278127556,-3576.334901759998,77.03429180811426,0.0,,,,,,,,,,,,,,,,,,,,,,,,,,,,,0.54780257,0.4774712408459868,full_atom
PolyX_PolyM_21,PolyX,M,,250,21,12.17934480131303,0.0737150161718066,,,1.190892770061634,-2844.2885694462125,7.580299682824833,0.0,,,,,,,,,,,,,,,,,,,,,,,,,,,,,0.115909256,0.5745404136376114,full_atom
PolyX_PolyN_21,PolyX,N,,250,21,8.322384058084252,0.3286549881621274,,,1.3129402787839268,-2560.862271843075,68.36686735314342,0.0,,,,,,,,,,,,,,,,,,,,,,,,,,,,,0.57284534,0.6371774927445739,full_atom
PolyX_PolyP_21,PolyX,P,,250,21,3.754924293785415,0.5914392644143863,,,1.6031984737928302,-2232.757784611785,38.487314829558585,0.0,,,,,,,,,,,,,,,,,,,,,,,,,,,,,0.4261519,0.7847292440469772,full_atom
PolyX_PolyQ_21,PolyX,Q,,250,21,9.663355739180288,0.4674223303626024,,,1.022726757745836,-2952.940221935017,72.40210260700397,0.0,,,,,,,,,,,,,,,,,,,,,,,,,,,,,0.5568911,0.5430947409561988,full_atom
PolyX_PolyR_21,PolyX,R,,250,21,14.726610406499727,0.2892560038152536,,,0.9395095538294628,-3993.5535590987097,115.28818595987318,0.0,,,,,,,,,,,,,,,,,,,,,,,,,,,,,0.62999576,0.478097638962713,full_atom
PolyX_PolyT_21,PolyX,T,,250,21,6.737886026857103,0.4721588018374942,,,1.3778660674109309,-1827.765197135608,69.65306613123352,0.0,,,,,,,,,,,,,,,,,,,,,,,,,,,,,0.5320701,0.6570441962015728,full_atom
PolyX_PolyW_21,PolyX,W,,250,21,24.844653197260165,0.3000831970728158,,,0.6390255435803874,-6310.092713296186,12.433944961317028,0.0,,,,,,,,,,,,,,,,,,,,,,,,,,,,,0.1477285,0.3396392818754775,full_atom
PolyX_PolyY_21,PolyX,Y,,250,21,11.496741979965517,0.3989248369567547,,,0.9026883379514492,-5115.165756847785,13.37373880661012,0.0,,,,,,,,,,,,,,,,,,,,,,,,,,,,,0.12740529,0.5091960193869433,full_atom
PolyX_PolyC_22,PolyX,C,,250,22,8.287470790938174,0.27447147448707,,,1.410846472827959,-1597.912720652686,48.468618501723626,0.0,,,,,,,,,,,,,,,,,,,,,,,,,,,,,0.54125863,0.6606462622387465,full_atom
PolyX_PolyD_22,PolyX,D,,250,22,6.595905062528724,0.3864998214996041,,,1.4541801193207695,-2524.917307813976,107.08952234204784,0.0,,,,,,,,,,,,,,,,,,,,,,,,,,,,,0.5994987,0.6844993351137445,full_atom
PolyX_PolyH_22,PolyX,H,,250,22,14.015861571097794,0.3508923692195997,,,1.0270607570505914,-3764.2517738040574,83.84972923542702,0.0,,,,,,,,,,,,,,,,,,,,,,,,,,,,,0.5581456,0.4869325722923164,full_atom
PolyX_PolyM_22,PolyX,M,,250,22,10.410486566041095,0.3151790755052499,,,1.2193498388723842,-3068.303364014661,5.850690489278389,0.0,,,,,,,,,,,,,,,,,,,,,,,,,,,,,0.0994069,0.5844833564545195,full_atom
PolyX_PolyN_22,PolyX,N,,250,22,7.466749861773876,0.4959511356001252,,,1.2945706923501608,-2726.0690542774933,74.68646113104356,0.0,,,,,,,,,,,,,,,,,,,,,,,,,,,,,0.58300316,0.6162954053737622,full_atom
PolyX_PolyP_22,PolyX,P,,250,22,3.4247557056660582,0.583594426070251,,,1.6296716450134574,-2357.7704067656646,49.81165724030658,0.0,,,,,,,,,,,,,,,,,,,,,,,,,,,,,0.4754429,0.8013283780481512,full_atom
PolyX_PolyQ_22,PolyX,Q,,250,22,9.224163495080994,0.4110026221733286,,,1.1126506416316384,-3205.146187735946,85.45056432080318,0.0,,,,,,,,,,,,,,,,,,,,,,,,,,,,,0.58971906,0.5734279438979367,full_atom
PolyX_PolyR_22,PolyX,R,,250,22,16.733065257492825,0.1709987964693587,,,0.9743002706740768,-4211.983337357171,121.55530371139402,0.0,,,,,,,,,,,,,,,,,,,,,,,,,,,,,0.634212,0.4824640354647515,full_atom
PolyX_PolyT_22,PolyX,T,,250,22,2.4798938725585904,0.710751381474192,,,1.8766126029527703,-1976.2421679386423,216.69697906635423,0.0,,,,,,,,,,,,,,,,,,,,,,,,,,,,,0.6065173,0.8642124416536344,full_atom
PolyX_PolyW_22,PolyX,W,,250,22,24.93605016179525,0.3165340909084482,,,0.6346559923675494,-6694.557738473663,12.207422501622013,0.0,,,,,,,,,,,,,,,,,,,,,,,,,,,,,0.14320834,0.3360643630090818,full_atom
PolyX_PolyY_22,PolyX,Y,,250,22,15.908560916528998,0.2299475183850226,,,0.8515280208211373,-5528.645547397731,11.817773055394689,0.0,,,,,,,,,,,,,,,,,,,,,,,,,,,,,0.117127985,0.4705614108559082,full_atom
PolyX_PolyC_23,PolyX,C,,250,23,9.392962575657744,0.278239313464983,,,1.3681927902309303,-1781.2887870910477,49.293690246430906,0.0,,,,,,,,,,,,,,,,,,,,,,,,,,,,,0.5326569,0.6287506307356621,full_atom
PolyX_PolyD_23,PolyX,D,,250,23,7.222119454128633,0.4714155553881066,,,1.3703651162314747,-2659.3500127526963,93.8575075094063,0.0,,,,,,,,,,,,,,,,,,,,,,,,,,,,,0.62037677,0.6361823424912836,full_atom
PolyX_PolyH_23,PolyX,H,,250,23,12.116663285100884,0.18699261851741,,,1.1672678826441836,-3863.274991140592,106.6007857232392,0.0,,,,,,,,,,,,,,,,,,,,,,,,,,,,,0.61556697,0.5553699228714303,full_atom
PolyX_PolyM_23,PolyX,M,,250,23,11.848327474801096,0.2264441977347353,,,1.1867442450017402,-3253.913787207316,5.015431745420974,0.0,,,,,,,,,,,,,,,,,,,,,,,,,,,,,0.094334185,0.5530390675388875,full_atom
PolyX_PolyN_23,PolyX,N,,250,23,6.759694998986348,0.4353286261697091,,,1.4083301775631842,-2870.4698139811503,91.49885043412306,0.0,,,,,,,,,,,,,,,,,,,,,,,,,,,,,0.62647474,0.6651807808956917,full_atom
PolyX_PolyP_23,PolyX,P,,250,23,3.457953973633692,0.6606916558685488,,,1.556791442321826,-2615.086742199,43.01052132562385,0.0,,,,,,,,,,,,,,,,,,,,,,,,,,,,,0.43106058,0.7742980293953099,full_atom
PolyX_PolyQ_23,PolyX,Q,,250,23,8.337524969101137,0.4355768120164763,,,1.149208684928087,-3369.14031913995,96.00573284187008,0.0,,,,,,,,,,,,,,,,,,,,,,,,,,,,,0.61140764,0.5919738281697541,full_atom
PolyX_PolyR_23,PolyX,R,,250,23,16.752684752114767,0.2203344303948599,,,0.987530800897054,-4394.970949636497,132.60163039340748,0.0,,,,,,,,,,,,,,,,,,,,,,,,,,,,,0.64772874,0.4725232544934744,full_atom
PolyX_PolyT_23,PolyX,T,,250,23,7.707661363825064,0.3856457981131097,,,1.3792876575586444,-2117.102140972654,80.31827296589,0.0,,,,,,,,,,,,,,,,,,,,,,,,,,,,,0.57641375,0.6455356956905075,full_atom
PolyX_PolyW_23,PolyX,W,,250,23,26.9816536170974,0.2811136435536145,,,0.625400857758898,-7031.533404271433,12.8535997513229,0.0,,,,,,,,,,,,,,,,,,,,,,,,,,,,,0.1426213,0.3277963463805869,full_atom
PolyX_PolyY_23,PolyX,Y,,250,23,16.014598378692433,0.1822326077984441,,,0.8222356511418231,-5780.012606827461,12.1837124716262,0.0,,,,,,,,,,,,,,,,,,,,,,,,,,,,,0.1165824,0.4640479543238027,full_atom
PolyX_PolyC_24,PolyX,C,,250,24,8.195562475904742,0.2523429534138737,,,1.4183203305754808,-1930.7384648505863,60.57084276718203,0.0,,,,,,,,,,,,,,,,,,,,,,,,,,,,,0.5824847,0.6706057659153662,full_atom
PolyX_PolyD_24,PolyX,D,,250,24,3.569535147271896,0.6783101521400164,,,1.5749660092689592,-2832.662031146828,174.455516469958,0.0,,,,,,,,,,,,,,,,,,,,,,,,,,,,,0.6770725,0.7567184123997641,full_atom
PolyX_PolyH_24,PolyX,H,,250,24,11.692398959654431,0.2016763653783467,,,1.1792343048483915,-4109.41551898266,112.79822621769272,0.0,,,,,,,,,,,,,,,,,,,,,,,,,,,,,0.6198397,0.552038962538403,full_atom
PolyX_PolyM_24,PolyX,M,,250,24,11.686772914098974,0.2720974776582469,,,1.1726169806884936,-3503.3260681311685,4.6507097837385,0.0,,,,,,,,,,,,,,,,,,,,,,,,,,,,,0.088385545,0.5575519447424243,full_atom
PolyX_PolyN_24,PolyX,N,,250,24,6.102912585157141,0.5185424603519407,,,1.3984135745735566,-3036.934700342829,99.7816912342424,0.0,,,,,,,,,,,,,,,,,,,,,,,,,,,,,0.6496268,0.6588586141818186,full_atom
PolyX_PolyP_24,PolyX,P,,250,24,3.096290865234612,0.6845931472152621,,,1.6385358388021485,-2749.5234642507803,56.77248032257691,0.0,,,,,,,,,,,,,,,,,,,,,,,,,,,,,0.48744914,0.8078106349063847,full_atom
PolyX_PolyQ_24,PolyX,Q,,250,24,7.68145379008803,0.4676307616407097,,,1.225178774679118,-3503.2387674132005,111.36559413841417,0.0,,,,,,,,,,,,,,,,,,,,,,,,,,,,,0.6390709,0.6210227809122203,full_atom
PolyX_PolyR_24,PolyX,R,,250,24,16.42592107709243,0.1899831700071639,,,1.0107135777993703,-4715.573205952218,141.0599965040703,0.0,,,,,,,,,,,,,,,,,,,,,,,,,,,,,0.6532311,0.4795188933620837,full_atom
PolyX_PolyT_24,PolyX,T,,250,24,9.58943517525387,0.3210595121682549,,,1.3039993447791347,-2333.0641742086605,77.39143924234891,0.0,,,,,,,,,,,,,,,,,,,,,,,,,,,,,0.59597343,0.6130216649306864,full_atom
PolyX_PolyW_24,PolyX,W,,250,24,26.332810168108672,0.2678490085941167,,,0.6384544279730838,-7506.184104794584,13.518687318274305,0.0,,,,,,,,,,,,,,,,,,,,,,,,,,,,,0.14360495,0.3328680078604435,full_atom
PolyX_PolyY_24,PolyX,Y,,250,24,20.513917386338203,0.1811377346612952,,,0.6877519232499507,-6326.551601416167,7.617383418956477,0.0,,,,,,,,,,,,,,,,,,,,,,,,,,,,,0.09381099,0.3947646289416051,full_atom
PolyX_PolyC_25,PolyX,C,,250,25,7.42457008020477,0.3971455394941578,,,1.3954335878819748,-2024.567427397372,64.87931300065569,0.0,,,,,,,,,,,,,,,,,,,,,,,,,,,,,0.5798693,0.6600365607921244,full_atom
PolyX_PolyD_25,PolyX,D,,250,25,5.512596560724437,0.5808107727570112,,,1.4135192892371995,-3068.214536853118,113.58185345140136,0.0,,,,,,,,,,,,,,,,,,,,,,,,,,,,,0.6352865,0.6660722406410233,full_atom
PolyX_PolyH_25,PolyX,H,,250,25,12.956970858891976,0.3405936164725831,,,1.0781184326797206,-4409.389045235416,107.18178827497438,0.0,,,,,,,,,,,,,,,,,,,,,,,,,,,,,0.59011906,0.4917328460237582,full_atom
PolyX_PolyM_25,PolyX,M,,250,25,10.567116117622216,0.4474990259717809,,,1.1064003737477688,-3684.716765582256,4.509245799362934,0.0,,,,,,,,,,,,,,,,,,,,,,,,,,,,,0.08664723,0.5328821597911171,full_atom
PolyX_PolyN_25,PolyX,N,,250,25,6.815279018659356,0.4838749151352921,,,1.3720518137332038,-3220.4786892367338,102.82625992959362,0.0,,,,,,,,,,,,,,,,,,,,,,,,,,,,,0.6468969,0.6384179034907799,full_atom
PolyX_PolyP_25,PolyX,P,,250,25,3.0937697555862127,0.6849738946104391,,,1.5606042874946782,-2944.3831106677007,60.007548483993446,0.0,,,,,,,,,,,,,,,,,,,,,,,,,,,,,0.4895981,0.7904917715447829,full_atom
PolyX_PolyQ_25,PolyX,Q,,250,25,7.555708620930637,0.503889175677207,,,1.1990109549536774,-3783.026447809884,114.4931738036624,0.0,,,,,,,,,,,,,,,,,,,,,,,,,,,,,0.6381106,0.5996596070020314,full_atom
PolyX_PolyR_25,PolyX,R,,250,25,14.944349766910946,0.2256204228265704,,,1.0862575042444742,-4933.40101344986,151.24436307597338,0.0,,,,,,,,,,,,,,,,,,,,,,,,,,,,,0.6608287,0.5111515269469789,full_atom
PolyX_PolyT_25,PolyX,T,,250,25,4.779723163679729,0.6538940515462291,,,1.3480808863371103,-2442.136605887816,101.865109921449,0.0,,,,,,,,,,,,,,,,,,,,,,,,,,,,,0.62105894,0.6778270095799397,full_atom
PolyX_PolyW_25,PolyX,W,,250,25,26.626084724613268,0.316942395688853,,,0.6361266151043009,-7812.182039069476,13.860844932137304,0.0,,,,,,,,,,,,,,,,,,,,,,,,,,,,,0.14269991,0.3266720017428547,full_atom
PolyX_PolyY_25,PolyX,Y,,250,25,17.182716897157153,0.2479846418148896,,,0.8070373426474963,-6561.062116804395,8.979573004199635,0.0,,,,,,,,,,,,,,,,,,,,,,,,,,,,,0.095926076,0.445080259507363,full_atom
PolyX_PolyC_26,PolyX,C,,250,26,8.935519761855073,0.334174367376525,,,1.3568581363627386,-2180.370630964176,62.41116207391816,0.0,,,,,,,,,,,,,,,,,,,,,,,,,,,,,0.5660048,0.6313656896103523,full_atom
PolyX_PolyD_26,PolyX,D,,250,26,3.732403655495172,0.6368041901887528,,,1.5686257428500898,-3176.3476138207184,168.84701552869848,0.0,,,,,,,,,,,,,,,,,,,,,,,,,,,,,0.72387296,0.761414884961262,full_atom
PolyX_PolyH_26,PolyX,H,,250,26,13.207977991559003,0.3651659929246871,,,1.069080729635633,-4599.064722178152,116.10137969774158,0.0,,,,,,,,,,,,,,,,,,,,,,,,,,,,,0.6031995,0.4914991208157838,full_atom
PolyX_PolyM_26,PolyX,M,,250,26,7.560860549316451,0.5467935304417088,,,1.2403411401953688,-3828.416951127765,6.053506764036708,0.0,,,,,,,,,,,,,,,,,,,,,,,,,,,,,0.0957423,0.591657107197561,full_atom
PolyX_PolyN_26,PolyX,N,,250,26,6.271652615010478,0.5213557413710702,,,1.4015177227926894,-3470.0235904377832,115.87454462379212,0.0,,,,,,,,,,,,,,,,,,,,,,,,,,,,,0.6669311,0.6512919338600746,full_atom
PolyX_PolyP_26,PolyX,P,,250,26,3.072736320911451,0.645144903961942,,,1.6366365986804168,-3097.1440115006094,72.29654626726852,0.0,,,,,,,,,,,,,,,,,,,,,,,,,,,,,0.5296213,0.8110330814981495,full_atom
PolyX_PolyQ_26,PolyX,Q,,250,26,8.84470873656937,0.2966527988488376,,,1.2822929160332197,-3952.934122139415,129.91737555556108,0.0,,,,,,,,,,,,,,,,,,,,,,,,,,,,,0.6688087,0.6295018803772562,full_atom
PolyX_PolyR_26,PolyX,R,,250,26,13.01828758099744,0.3249374732754396,,,1.0635314988774571,-5242.750740427465,156.89953710409105,0.0,,,,,,,,,,,,,,,,,,,,,,,,,,,,,0.6481352,0.5079962336413034,full_atom
PolyX_PolyT_26,PolyX,T,,250,26,8.600683042802084,0.4713435076153651,,,1.2659672511926263,-2639.435657619451,84.82114173970875,0.0,,,,,,,,,,,,,,,,,,,,,,,,,,,,,0.6118054,0.5853390353250686,full_atom
PolyX_PolyW_26,PolyX,W,,250,26,24.646790805634268,0.3139532167252941,,,0.6789941147741405,-8047.003926223021,14.00196272312999,0.0,,,,,,,,,,,,,,,,,,,,,,,,,,,,,0.1409589,0.3408608711283213,full_atom
PolyX_PolyY_26,PolyX,Y,,250,26,18.86193518131967,0.2129519832790921,,,0.7731133583687191,-6942.347337149229,8.343836798665349,0.0,,,,,,,,,,,,,,,,,,,,,,,,,,,,,0.091841266,0.4196092630117145,full_atom
PolyX_PolyC_27,PolyX,C,,250,27,8.79376849320318,0.1376183206506799,,,1.4757144397658684,-2299.106392925573,80.6162993335443,0.0,,,,,,,,,,,,,,,,,,,,,,,,,,,,,0.62916195,0.6832840725052428,full_atom
PolyX_PolyD_27,PolyX,D,,250,27,5.456089545916978,0.5171162312655672,,,1.4881631924922865,-3382.0732932735723,163.00384832934816,0.0,,,,,,,,,,,,,,,,,,,,,,,,,,,,,0.6986389,0.6938050477277926,full_atom
PolyX_PolyH_27,PolyX,H,,250,27,11.077919257929516,0.1351767253689723,,,1.2689889032440782,-4745.766597368223,146.49663689186968,0.0,,,,,,,,,,,,,,,,,,,,,,,,,,,,,0.661201,0.5888944499023447,full_atom
PolyX_PolyM_27,PolyX,M,,250,27,3.195998777207451,0.4214271213782728,,,1.9821989284307788,-3935.378080919178,23.111914024072547,0.0,,,,,,,,,,,,,,,,,,,,,,,,,,,,,0.25153452,0.8895932452361489,full_atom
PolyX_PolyN_27,PolyX,N,,250,27,6.737893227609663,0.4882632101191133,,,1.3767683829050523,-3631.022498437144,120.80627888484744,0.0,,,,,,,,,,,,,,,,,,,,,,,,,,,,,0.6751335,0.642816579221865,full_atom
PolyX_PolyP_27,PolyX,P,,250,27,2.7855982791932057,0.7068187662448397,,,1.6068245256797271,-3185.4879819169387,84.91454787981955,0.0,,,,,,,,,,,,,,,,,,,,,,,,,,,,,0.563959,0.8165856370382414,full_atom
PolyX_PolyQ_27,PolyX,Q,,250,27,6.749527908683319,0.4827374282042406,,,1.3034300296710146,-4175.930917291576,144.72835985097305,0.0,,,,,,,,,,,,,,,,,,,,,,,,,,,,,0.68884045,0.6392187629112919,full_atom
PolyX_PolyR_27,PolyX,R,,250,27,15.092166386599782,0.2671756539097588,,,1.0758207544418148,-5520.595626478614,163.9372601249587,0.0,,,,,,,,,,,,,,,,,,,,,,,,,,,,,0.65428317,0.493567428386983,full_atom
PolyX_PolyT_27,PolyX,T,,250,27,9.322622952459854,0.4349199675223522,,,1.2541399914857725,-2771.6615036530493,87.95971509414667,0.0,,,,,,,,,,,,,,,,,,,,,,,,,,,,,0.610264,0.5802551107365065,full_atom
PolyX_PolyW_27,PolyX,W,,250,27,26.137371739515057,0.2891518636819181,,,0.6620190299940383,-8557.314672132092,14.940183346636394,0.0,,,,,,,,,,,,,,,,,,,,,,,,,,,,,0.14343564,0.3346113873517917,full_atom
PolyX_PolyY_27,PolyX,Y,,250,27,21.730676784571724,0.1283223021539132,,,0.6923221373454012,-7334.709663890364,7.343371946882832,0.0,,,,,,,,,,,,,,,,,,,,,,,,,,,,,0.08592022,0.3869992005460956,full_atom
PolyX_PolyC_28,PolyX,C,,250,28,8.329572756355763,0.3811840946937185,,,1.2971202462139304,-2450.724743566624,68.82346530043719,0.0,,,,,,,,,,,,,,,,,,,,,,,,,,,,,0.5749197,0.6216770292242486,full_atom
PolyX_PolyD_28,PolyX,D,,250,28,2.198344616822957,0.8151994574220951,,,1.64536863885562,-3504.096674274605,264.4539619556778,0.0,,,,,,,,,,,,,,,,,,,,,,,,,,,,,0.7386564,0.8247597032498932,full_atom
PolyX_PolyH_28,PolyX,H,,250,28,11.789059684564617,0.4206076356698046,,,1.125059654993675,-5034.028069947593,136.45644892083112,0.0,,,,,,,,,,,,,,,,,,,,,,,,,,,,,0.6285514,0.503519238950761,full_atom
PolyX_PolyM_28,PolyX,M,,250,28,8.264985728743069,0.5924420490307605,,,1.0637233610175292,-4375.128350763207,4.604227336145907,0.0,,,,,,,,,,,,,,,,,,,,,,,,,,,,,0.08384026,0.5295250553322276,full_atom
PolyX_PolyN_28,PolyX,N,,250,28,5.372108594747976,0.4645245557665532,,,1.5863276261525774,-3786.872070022866,172.81850548822732,0.0,,,,,,,,,,,,,,,,,,,,,,,,,,,,,0.77728707,0.7258997666515331,full_atom
PolyX_PolyP_28,PolyX,P,,250,28,2.69039412601379,0.6658418910028171,,,1.7895477179898365,-3021.667230145151,284.1447382361014,0.0,,,,,,,,,,,,,,,,,,,,,,,,,,,,,0.77856785,0.8487709310002091,full_atom
PolyX_PolyQ_28,PolyX,Q,,250,28,6.909870827581712,0.456772998158063,,,1.3247455000035795,-4366.673769190153,156.43893755133507,0.0,,,,,,,,,,,,,,,,,,,,,,,,,,,,,0.6988104,0.6510974506986129,full_atom
PolyX_PolyR_28,PolyX,R,,250,28,12.781767908097024,0.3603288738933149,,,1.1253729494574094,-5673.484239019322,175.15359508883236,0.0,,,,,,,,,,,,,,,,,,,,,,,,,,,,,0.6617394,0.5197836597468378,full_atom
PolyX_PolyT_28,PolyX,T,,250,28,6.367450133263827,0.4021527387319391,,,1.5796524795886533,-2872.778148496144,181.80380043022663,0.0,,,,,,,,,,,,,,,,,,,,,,,,,,,,,0.714663,0.7200441663984597,full_atom
PolyX_PolyW_28,PolyX,W,,250,28,24.718208037436167,0.3043125792915339,,,0.7000435509689807,-8848.242730913922,14.68225701473995,0.0,,,,,,,,,,,,,,,,,,,,,,,,,,,,,0.13986968,0.3509665764706047,full_atom
PolyX_PolyY_28,PolyX,Y,,250,28,13.490295397490218,0.4186909177216783,,,0.8655386788870852,-7449.612088575648,10.305430886408066,0.0,,,,,,,,,,,,,,,,,,,,,,,,,,,,,0.09445755,0.4709884829481203,full_atom
PolyX_PolyC_29,PolyX,C,,250,29,7.345892393556245,0.4556498166694834,,,1.3739560399863175,-2627.479568932341,76.40760930365254,0.0,,,,,,,,,,,,,,,,,,,,,,,,,,,,,0.58900344,0.6403953151179288,full_atom
PolyX_PolyD_29,PolyX,D,,250,29,5.342946292523339,0.580266340731053,,,1.4457555959524182,-3748.10558343849,157.47524660451836,0.0,,,,,,,,,,,,,,,,,,,,,,,,,,,,,0.70173275,0.6794636821934524,full_atom
PolyX_PolyH_29,PolyX,H,,250,29,10.424655198859984,0.3948665926375773,,,1.1759717753459549,-5336.966635326751,155.95932546069346,0.0,,,,,,,,,,,,,,,,,,,,,,,,,,,,,0.65844655,0.5516387087104824,full_atom
PolyX_PolyM_29,PolyX,M,,250,29,8.397197201114155,0.4017833648644273,,,1.1873790410999154,-4513.829855329909,5.111633242973827,0.0,,,,,,,,,,,,,,,,,,,,,,,,,,,,,0.084681384,0.5836057970077737,full_atom
PolyX_PolyN_29,PolyX,N,,250,29,6.262130559499898,0.502239905533023,,,1.4290840467264014,-3994.114144396119,151.03339983738266,0.0,,,,,,,,,,,,,,,,,,,,,,,,,,,,,0.7224754,0.6650006033169393,full_atom
PolyX_PolyP_29,PolyX,P,,250,29,3.016688726792111,0.660800558475757,,,1.6651308120634043,-3542.6008985289445,106.80475179774972,0.0,,,,,,,,,,,,,,,,,,,,,,,,,,,,,0.61243933,0.8225015766480038,full_atom
PolyX_PolyQ_29,PolyX,Q,,250,29,6.630732521377648,0.5274950035587764,,,1.33260955795234,-4472.4370293113125,165.8418118833933,0.0,,,,,,,,,,,,,,,,,,,,,,,,,,,,,0.7124031,0.6348754166441578,full_atom
PolyX_PolyR_29,PolyX,R,,250,29,13.76957294069097,0.2500792662534477,,,1.1731181840400866,-5986.989338160972,196.39242471345443,0.0,,,,,,,,,,,,,,,,,,,,,,,,,,,,,0.6800721,0.5304619030021185,full_atom
PolyX_PolyT_29,PolyX,T,,250,29,6.217511949434439,0.507536728452604,,,1.4004187135296808,-3075.8674421642104,125.29793842185768,0.0,,,,,,,,,,,,,,,,,,,,,,,,,,,,,0.68881166,0.656864814030654,full_atom
PolyX_PolyW_29,PolyX,W,,250,29,26.69307016243521,0.290940568097607,,,0.6605559180762294,-9252.465302114735,15.303627722291932,0.0,,,,,,,,,,,,,,,,,,,,,,,,,,,,,0.14041907,0.3272062857560955,full_atom
PolyX_PolyY_29,PolyX,Y,,250,29,19.87119793044661,0.1913964549145453,,,0.7519594596109014,-7830.012701411231,7.923378871701671,0.0,,,,,,,,,,,,,,,,,,,,,,,,,,,,,0.08576841,0.404546052890726,full_atom
PolyX_PolyC_30,PolyX,C,,250,30,7.640680518274311,0.4570523997207202,,,1.3256264102180346,-2719.649527299224,81.95157736899316,0.0,,,,,,,,,,,,,,,,,,,,,,,,,,,,,0.5979029,0.6283191172988564,full_atom
PolyX_PolyD_30,PolyX,D,,250,30,5.571967408122469,0.4265228150556696,,,1.631439219812137,-3849.3190964987225,269.9334793069781,0.0,,,,,,,,,,,,,,,,,,,,,,,,,,,,,0.7608855,0.7302887789533334,full_atom
PolyX_PolyH_30,PolyX,H,,250,30,12.83506863814623,0.2862469429718368,,,1.1532448014423404,-5579.4766216716,160.49048102322996,0.0,,,,,,,,,,,,,,,,,,,,,,,,,,,,,0.656165,0.5338347805051549,full_atom
PolyX_PolyM_30,PolyX,M,,250,30,10.510522645343494,0.4904139246144767,,,1.101770486514658,-4645.581449319732,4.462743439951204,0.0,,,,,,,,,,,,,,,,,,,,,,,,,,,,,0.08225471,0.512623997046736,full_atom
PolyX_PolyN_30,PolyX,N,,250,30,5.97478143070465,0.5294169912173803,,,1.4680940442925785,-4125.299941284962,169.11335182204712,0.0,,,,,,,,,,,,,,,,,,,,,,,,,,,,,0.7502683,0.6697954924984213,full_atom
PolyX_PolyP_30,PolyX,P,,250,30,2.9534829538729337,0.6412463351655464,,,1.7129070107843725,-3736.834686350389,119.13516908617194,0.0,,,,,,,,,,,,,,,,,,,,,,,,,,,,,0.6304538,0.8327650709329132,full_atom
PolyX_PolyQ_30,PolyX,Q,,250,30,7.792606746723848,0.3890386775867467,,,1.3694450675225218,-4782.414514844702,178.1445667930044,0.0,,,,,,,,,,,,,,,,,,,,,,,,,,,,,0.7303288,0.6361105217314401,full_atom
PolyX_PolyR_30,PolyX,R,,250,30,10.71733539697282,0.4087012503213883,,,1.1464643152050824,-6226.809682621455,190.8054609514511,0.0,,,,,,,,,,,,,,,,,,,,,,,,,,,,,0.6492081,0.5430799526145826,full_atom
PolyX_PolyT_30,PolyX,T,,250,30,3.617771093580626,0.5988226894786487,,,1.6822832406254893,-3203.517552941304,236.71346684202337,0.0,,,,,,,,,,,,,,,,,,,,,,,,,,,,,0.6960428,0.7971681864951494,full_atom
PolyX_PolyW_30,PolyX,W,,250,30,24.472484522782285,0.3269813845101288,,,0.6927035467149322,-9680.1032219277,15.499388423403868,0.0,,,,,,,,,,,,,,,,,,,,,,,,,,,,,0.13887748,0.3449905145230708,full_atom
PolyX_PolyY_30,PolyX,Y,,250,30,15.10098276529665,0.3773387702219165,,,0.8484468971946061,-8139.976120893578,8.23970653259561,0.0,,,,,,,,,,,,,,,,,,,,,,,,,,,,,0.08178017,0.4525624908100705,full_atom
PolyX_PolyC_31,PolyX,C,,250,31,7.94484014723214,0.325610390718577,,,1.3655728015306758,-2853.167617739657,91.23857595060116,0.0,,,,,,,,,,,,,,,,,,,,,,,,,,,,,0.62114626,0.6537749543698496,full_atom
PolyX_PolyD_31,PolyX,D,,250,31,4.369338950178545,0.6384837257533569,,,1.4642941678005983,-4084.7174531863816,189.5433458897559,0.0,,,,,,,,,,,,,,,,,,,,,,,,,,,,,0.74618006,0.704688363559379,full_atom
PolyX_PolyH_31,PolyX,H,,250,31,12.966772448104884,0.3496485822145846,,,1.1278406993097774,-5810.188189689588,161.34914743614686,0.0,,,,,,,,,,,,,,,,,,,,,,,,,,,,,0.64902556,0.5061588318280145,full_atom
PolyX_PolyM_31,PolyX,M,,250,31,12.484082595432058,0.3678404663898183,,,1.068517424903834,-5002.793526093087,4.643396805190466,0.0,,,,,,,,,,,,,,,,,,,,,,,,,,,,,0.0848943,0.4922434825374691,full_atom
PolyX_PolyN_31,PolyX,N,,250,31,6.181097178455758,0.4548713457296646,,,1.5374069268477024,-4337.317086272281,204.6031018441361,0.0,,,,,,,,,,,,,,,,,,,,,,,,,,,,,0.8113599,0.700626601361463,full_atom
PolyX_PolyP_31,PolyX,P,,250,31,2.743774773032509,0.6927638562160889,,,1.7909904776253047,-3835.2859584050016,150.3427757227466,0.0,,,,,,,,,,,,,,,,,,,,,,,,,,,,,0.6980058,0.8461067202157924,full_atom
PolyX_PolyQ_31,PolyX,Q,,250,31,6.692984076971464,0.4951005900381735,,,1.4057384296152922,-4910.833201489973,200.6577361186397,0.0,,,,,,,,,,,,,,,,,,,,,,,,,,,,,0.76062614,0.6514726869366757,full_atom
PolyX_PolyR_31,PolyX,R,,250,31,12.162930427357724,0.2968184651603176,,,1.2420013990635617,-6463.0417137988825,219.35704456817567,0.0,,,,,,,,,,,,,,,,,,,,,,,,,,,,,0.70412856,0.5514292134462108,full_atom
PolyX_PolyT_31,PolyX,T,,250,31,5.364915394943775,0.5436284823754427,,,1.4230512850596009,-3441.355231808875,170.1067074305864,0.0,,,,,,,,,,,,,,,,,,,,,,,,,,,,,0.722508,0.6803993988756758,full_atom
PolyX_PolyW_31,PolyX,W,,250,31,25.668075296105105,0.2521570412918641,,,0.7136516134741019,-10054.216338587048,16.13161450888847,0.0,,,,,,,,,,,,,,,,,,,,,,,,,,,,,0.13965788,0.3466331404272938,full_atom
PolyX_PolyY_31,PolyX,Y,,250,31,11.553425686127207,0.4637519821836512,,,0.9162913564264162,-8500.406950814113,8.444285152959695,0.0,,,,,,,,,,,,,,,,,,,,,,,,,,,,,0.080727994,0.491127435933929,full_atom
PolyX_PolyC_32,PolyX,C,,250,32,7.419441091032551,0.4416404007666774,,,1.3481321044198868,-2969.0892633827566,92.07387749158818,0.0,,,,,,,,,,,,,,,,,,,,,,,,,,,,,0.6156671,0.6372320481498902,full_atom
PolyX_PolyD_32,PolyX,D,,250,32,2.462321809420881,0.6928727978965799,,,1.9019624973051577,-4292.388281842868,513.6349124700595,0.0,,,,,,,,,,,,,,,,,,,,,,,,,,,,,0.7925563,0.8774050465731008,full_atom
PolyX_PolyH_32,PolyX,H,,250,32,10.179859951906348,0.3726273946398635,,,1.2639197021696011,-6005.824721358503,202.32218770104845,0.0,,,,,,,,,,,,,,,,,,,,,,,,,,,,,0.71323663,0.5800383122763904,full_atom
PolyX_PolyM_32,PolyX,M,,250,32,8.21947763120025,0.6104808315065161,,,1.1030277278711584,-5178.673764462324,4.587553864057592,0.0,,,,,,,,,,,,,,,,,,,,,,,,,,,,,0.084324375,0.5262700454631543,full_atom
PolyX_PolyN_32,PolyX,N,,250,32,5.987873148529867,0.495840651616207,,,1.4879767577036784,-4461.359107481398,201.1463050130893,0.0,,,,,,,,,,,,,,,,,,,,,,,,,,,,,0.7946854,0.6836340229611155,full_atom
PolyX_PolyQ_32,PolyX,Q,,250,32,6.193350327824972,0.4797548017356088,,,1.4300597711107517,-5210.445788596364,224.14952548877545,0.0,,,,,,,,,,,,,,,,,,,,,,,,,,,,,0.7902569,0.6704743978325325,full_atom
PolyX_PolyR_32,PolyX,R,,250,32,10.784938996942076,0.3521657073523295,,,1.1614026682866665,-6820.030093173666,172.046983494639,0.0,,,,,,,,,,,,,,,,,,,,,,,,,,,,,0.5562152,0.5596389579453418,full_atom
PolyX_PolyT_32,PolyX,T,,250,32,4.473479562149881,0.5175651726625995,,,1.5515782126077378,-3476.095446909446,201.73860404261987,0.0,,,,,,,,,,,,,,,,,,,,,,,,,,,,,0.81348187,0.7369432252346783,full_atom
PolyX_PolyW_32,PolyX,W,,250,32,24.66446112751383,0.2731480845825066,,,0.738246361399939,-10368.67962647667,16.984033626157355,0.0,,,,,,,,,,,,,,,,,,,,,,,,,,,,,0.14152035,0.3532706198260874,full_atom
PolyX_PolyY_32,PolyX,Y,,250,32,23.851626730596564,0.1317084246548314,,,0.6422151025177243,-8952.952386650199,6.933846018211025,0.0,,,,,,,,,,,,,,,,,,,,,,,,,,,,,0.07675153,0.3586386018964284,full_atom
PolyX_PolyC_33,PolyX,C,,250,33,8.68204331468319,0.2820661215192409,,,1.3758424755498493,-3113.5670243358413,108.1392091725354,0.0,,,,,,,,,,,,,,,,,,,,,,,,,,,,,0.6590509,0.6579813696433509,full_atom
PolyX_PolyD_33,PolyX,D,,250,33,4.902149921624647,0.6329643102387797,,,1.4120111467434056,-4463.543990962309,191.57387455834345,0.0,,,,,,,,,,,,,,,,,,,,,,,,,,,,,0.7333547,0.6752945356883535,full_atom
PolyX_PolyH_33,PolyX,H,,250,33,8.859667125007629,0.2841261783303616,,,1.3251396712141423,-6205.31322591573,233.78330035383948,0.0,,,,,,,,,,,,,,,,,,,,,,,,,,,,,0.7477806,0.6275344219996037,full_atom
PolyX_PolyM_33,PolyX,M,,250,33,8.820497065180678,0.4954762089733381,,,1.162402626021729,-5400.31270053945,5.376648852200693,0.0,,,,,,,,,,,,,,,,,,,,,,,,,,,,,0.08496168,0.5565001616081324,full_atom
PolyX_PolyN_33,PolyX,N,,250,33,5.725406829307779,0.5487707710667361,,,1.4840901147508458,-4669.39706908364,212.6740534330396,0.0,,,,,,,,,,,,,,,,,,,,,,,,,,,,,0.8042582,0.6720910383218256,full_atom
PolyX_PolyP_33,PolyX,P,,250,33,3.251507673139662,0.5799736431638643,,,1.9158269489375028,-3762.036456006319,412.13576774303135,0.0,,,,,,,,,,,,,,,,,,,,,,,,,,,,,0.89806944,0.8502427003251042,full_atom
PolyX_PolyQ_33,PolyX,Q,,250,33,6.258529966708418,0.4381280387863082,,,1.5556564721592745,-5291.073065228071,273.5179644426974,0.0,,,,,,,,,,,,,,,,,,,,,,,,,,,,,0.8540187,0.6965945814951356,full_atom
PolyX_PolyR_33,PolyX,R,,250,33,10.418100924992777,0.3836350393627961,,,1.1861752203532447,-7074.055108188538,188.77881938528515,0.0,,,,,,,,,,,,,,,,,,,,,,,,,,,,,0.5768438,0.5553547960293453,full_atom
PolyX_PolyT_33,PolyX,T,,250,33,7.208411650977693,0.4660707401493217,,,1.4103723743185956,-3675.753997750083,173.22378808118273,0.0,,,,,,,,,,,,,,,,,,,,,,,,,,,,,0.7366134,0.6434271494387183,full_atom
PolyX_PolyW_33,PolyX,W,,250,33,25.84577829292551,0.2491862805008211,,,0.7119454474093595,-10845.109499052314,16.90443647595489,0.0,,,,,,,,,,,,,,,,,,,,,,,,,,,,,0.13889858,0.3424766091936815,full_atom
PolyX_PolyY_33,PolyX,Y,,250,33,22.286549910117213,0.1352968559482978,,,0.739060871687459,-9311.4945212676,6.824278680804048,0.0,,,,,,,,,,,,,,,,,,,,,,,,,,,,,0.07602763,0.3875957424283645,full_atom
PolyX_PolyC_34,PolyX,C,,250,34,6.781718985927424,0.4804904130513143,,,1.334867102922016,-3226.7617776924058,105.25476880410528,0.0,,,,,,,,,,,,,,,,,,,,,,,,,,,,,0.63928026,0.64634014686859,full_atom
PolyX_PolyD_34,PolyX,D,,250,34,4.00183956180151,0.6639704854827567,,,1.521065039309461,-4646.49345697538,236.9921723462846,0.0,,,,,,,,,,,,,,,,,,,,,,,,,,,,,0.7867299,0.7293982545553751,full_atom
PolyX_PolyH_34,PolyX,H,,250,34,9.58096094373491,0.4227625777882402,,,1.211686811199737,-6449.155193282405,217.8085962376195,0.0,,,,,,,,,,,,,,,,,,,,,,,,,,,,,0.7180242,0.5652593230492472,full_atom
PolyX_PolyM_34,PolyX,M,,250,34,31.72225979786088,0.1275890366904738,,,0.7512417038757081,-5662.016081701154,3.4412995820883707,0.0,,,,,,,,,,,,,,,,,,,,,,,,,,,,,0.080131814,0.3184002507217698,full_atom
PolyX_PolyN_34,PolyX,N,,250,34,5.938298505551268,0.5300902142826865,,,1.4983430110173726,-4937.250567515571,224.97293378307495,0.0,,,,,,,,,,,,,,,,,,,,,,,,,,,,,0.8132494,0.6794975932942485,full_atom
PolyX_PolyP_34,PolyX,P,,250,34,2.917969452938801,0.6471091710451262,,,1.8897832239840224,-3871.812920592101,535.5080206753372,0.0,,,,,,,,,,,,,,,,,,,,,,,,,,,,,0.94591486,0.8515703466586536,full_atom
PolyX_PolyQ_34,PolyX,Q,,250,34,7.025665080830393,0.4607222506958515,,,1.4400206895160432,-5531.442614058407,245.9477168323716,0.0,,,,,,,,,,,,,,,,,,,,,,,,,,,,,0.80515826,0.6539372417472576,full_atom
PolyX_PolyR_34,PolyX,R,,250,34,8.224495252916283,0.4872874870551327,,,1.2350120167423484,-7297.21523764817,185.78578529495684,0.0,,,,,,,,,,,,,,,,,,,,,,,,,,,,,0.54950356,0.5925413162365413,full_atom
PolyX_PolyT_34,PolyX,T,,250,34,6.549829006028066,0.4889716489984362,,,1.3908709695114434,-3846.376938465771,174.03568117143155,0.0,,,,,,,,,,,,,,,,,,,,,,,,,,,,,0.7371579,0.6559067145217841,full_atom
PolyX_PolyW_34,PolyX,W,,250,34,25.598815479970845,0.2088903450131715,,,0.7315683185946033,-11073.358523564631,17.330834601361808,0.0,,,,,,,,,,,,,,,,,,,,,,,,,,,,,0.13899161,0.3501577079674882,full_atom
PolyX_PolyY_34,PolyX,Y,,250,34,22.304931022896668,0.1328588835245267,,,0.7149356329994407,-9604.13375145563,7.6814060755814015,0.0,,,,,,,,,,,,,,,,,,,,,,,,,,,,,0.08037515,0.3810014222125772,full_atom
PolyX_PolyC_35,PolyX,C,,250,35,8.080321332146552,0.3233289068863816,,,1.4585439654957957,-3379.511135309729,130.44529458597697,0.0,,,,,,,,,,,,,,,,,,,,,,,,,,,,,0.70473564,0.6749474620657565,full_atom
PolyX_PolyD_35,PolyX,D,,250,35,2.433669180342129,0.695353514178124,,,1.8484999924507448,-4736.209538368239,635.9704264888469,0.0,,,,,,,,,,,,,,,,,,,,,,,,,,,,,0.8498571,0.8798111724273483,full_atom
PolyX_PolyH_35,PolyX,H,,250,35,8.64093594871618,0.4864577032296485,,,1.210355474436722,-6623.912615280377,227.791896395534,0.0,,,,,,,,,,,,,,,,,,,,,,,,,,,,,0.7197259,0.5602856818885646,full_atom
PolyX_PolyM_35,PolyX,M,,250,35,9.839294593744622,0.4709008126128081,,,1.1499571604214347,-5794.46842556278,5.765446334387457,0.0,,,,,,,,,,,,,,,,,,,,,,,,,,,,,0.090261236,0.5273228492841359,full_atom
PolyX_PolyN_35,PolyX,N,,250,35,5.683497883814905,0.5508279743028781,,,1.4858895887893429,-5114.433838855267,249.19412665923264,0.0,,,,,,,,,,,,,,,,,,,,,,,,,,,,,0.8530675,0.6803723613791057,full_atom
PolyX_PolyP_35,PolyX,P,,250,35,3.933999141171888,0.4935791596554829,,,1.903463111161387,-4084.034882577483,433.35637096751856,0.0,,,,,,,,,,,,,,,,,,,,,,,,,,,,,1.0185014,0.8443234338712511,full_atom
PolyX_PolyQ_35,PolyX,Q,,250,35,7.449015221976776,0.4056432081152175,,,1.4619029797968432,-5857.179826690661,266.632184317256,0.0,,,,,,,,,,,,,,,,,,,,,,,,,,,,,0.82453656,0.6549319320952205,full_atom
PolyX_PolyR_35,PolyX,R,,250,35,8.443151037307212,0.4747197628828762,,,1.2074478869292684,-7563.489530000777,198.4561220799107,0.0,,,,,,,,,,,,,,,,,,,,,,,,,,,,,0.55547494,0.5908650859828961,full_atom
PolyX_PolyT_35,PolyX,T,,250,35,7.139655191564175,0.3156511313495109,,,1.5502065961060991,-3987.061191476538,248.9426137211301,0.0,,,,,,,,,,,,,,,,,,,,,,,,,,,,,0.7946077,0.711692008739159,full_atom
PolyX_PolyW_35,PolyX,W,,250,35,24.944619395856893,0.30092445916021,,,0.7327291532265159,-11502.786840699677,17.99044723424905,0.0,,,,,,,,,,,,,,,,,,,,,,,,,,,,,0.14015149,0.3463562892261655,full_atom
PolyX_PolyY_35,PolyX,Y,,250,35,10.744664124169187,0.5212903191213208,,,0.8993049211276786,-9781.618241336726,9.378642028276122,0.0,,,,,,,,,,,,,,,,,,,,,,,,,,,,,0.081434555,0.4888054998766755,full_atom
PolyX_PolyC_36,PolyX,C,,250,36,5.955641870457059,0.5123194942696165,,,1.3695935459776225,-3538.2846002331376,126.46188990817264,0.0,,,,,,,,,,,,,,,,,,,,,,,,,,,,,0.68044627,0.6662200252728195,full_atom
PolyX_PolyD_36,PolyX,D,,250,36,4.0527058040902695,0.4831404298464066,,,1.82176860185688,-4953.386390098622,463.9135776785307,0.0,,,,,,,,,,,,,,,,,,,,,,,,,,,,,0.8633913,0.8291498335954913,full_atom
PolyX_PolyH_36,PolyX,H,,250,36,9.613850094927136,0.4182004359778578,,,1.260793998221201,-6854.527777738908,239.6077891321308,0.0,,,,,,,,,,,,,,,,,,,,,,,,,,,,,0.72555363,0.5781754533865243,full_atom
PolyX_PolyM_36,PolyX,M,,250,36,26.35084599415165,0.2570267872620879,,,0.8249537391415869,-6186.6251541220445,3.69961719625165,0.0,,,,,,,,,,,,,,,,,,,,,,,,,,,,,0.08244361,0.3539341066196607,full_atom
PolyX_PolyN_36,PolyX,N,,250,36,5.529656789634503,0.4583706599488004,,,1.5686390245302482,-5190.811917675082,290.85728343245205,0.0,,,,,,,,,,,,,,,,,,,,,,,,,,,,,0.90299803,0.7218935634594772,full_atom
PolyX_PolyP_36,PolyX,P,,250,36,2.56167368824622,0.6010939253522247,,,2.1867361292001872,-4240.024940757128,939.06499011651,0.0,,,,,,,,,,,,,,,,,,,,,,,,,,,,,0.9614636,0.9169693340121952,full_atom
PolyX_PolyQ_36,PolyX,Q,,250,36,6.888030134061969,0.3565903432493875,,,1.5697957650351408,-6107.484333443396,323.2548210263722,0.0,,,,,,,,,,,,,,,,,,,,,,,,,,,,,0.8846944,0.7002047786335268,full_atom
PolyX_PolyR_36,PolyX,R,,250,36,8.305444678090678,0.4480010078748033,,,1.2992564934670952,-7873.704657603005,226.43975254626045,0.0,,,,,,,,,,,,,,,,,,,,,,,,,,,,,0.6189772,0.6070164797039329,full_atom
PolyX_PolyT_36,PolyX,T,,250,36,4.173570967729596,0.4770065282099531,,,1.6574246587152883,-4145.461469601464,352.3687957648322,0.0,,,,,,,,,,,,,,,,,,,,,,,,,,,,,0.7812576,0.7876431797108543,full_atom
PolyX_PolyW_36,PolyX,W,,250,36,25.73403993596856,0.2931865684186981,,,0.72708542481358,-11820.740340519722,18.869250250210804,0.0,,,,,,,,,,,,,,,,,,,,,,,,,,,,,0.14256601,0.3456783566350304,full_atom
PolyX_PolyY_36,PolyX,Y,,250,36,23.59133237625361,0.1583843736797703,,,0.6978364141732742,-10364.82391586282,6.590192341236414,0.0,,,,,,,,,,,,,,,,,,,,,,,,,,,,,0.074913114,0.3686431579096935,full_atom
PolyX_PolyC_37,PolyX,C,,250,37,6.95562967568298,0.4912367537126854,,,1.3040200341263428,-3679.156550931168,119.20744508627668,0.0,,,,,,,,,,,,,,,,,,,,,,,,,,,,,0.65389836,0.6364221922907631,full_atom
PolyX_PolyD_37,PolyX,D,,250,37,4.266729083538797,0.5777843066013734,,,1.595997972923528,-5118.319102828971,314.46827159534683,0.0,,,,,,,,,,,,,,,,,,,,,,,,,,,,,0.87905806,0.758575720315419,full_atom
PolyX_PolyH_37,PolyX,H,,250,37,9.009986176493394,0.3298639099698414,,,1.3038293885356944,-7106.075811935808,276.5743559372032,0.0,,,,,,,,,,,,,,,,,,,,,,,,,,,,,0.7733161,0.6136243907250373,full_atom
PolyX_PolyM_37,PolyX,M,,250,37,32.2320281200966,0.2681154367090478,,,0.7401484502781523,-6342.93052665811,3.7260012388096695,0.0,,,,,,,,,,,,,,,,,,,,,,,,,,,,,0.082459755,0.3089454135634861,full_atom
PolyX_PolyN_37,PolyX,N,,250,37,4.973687816103396,0.573182164839964,,,1.5488977872590572,-5430.299036499983,303.3241344185618,0.0,,,,,,,,,,,,,,,,,,,,,,,,,,,,,0.90252197,0.7041202734457866,full_atom
PolyX_PolyP_37,PolyX,P,,250,37,3.1627011770218703,0.6163080060173314,,,1.8967955896973807,-4384.919149527195,462.3957158049264,0.0,,,,,,,,,,,,,,,,,,,,,,,,,,,,,0.96052736,0.8398315817867235,full_atom
PolyX_PolyQ_37,PolyX,Q,,250,37,7.336047912617361,0.2937964967001885,,,1.5835701513300229,-6139.76832093703,339.24479084638244,0.0,,,,,,,,,,,,,,,,,,,,,,,,,,,,,0.9094511,0.6990766708051158,full_atom
PolyX_PolyR_37,PolyX,R,,250,37,8.14591089901987,0.4808059243318302,,,1.2743008025278877,-8086.588468789851,219.99773389345089,0.0,,,,,,,,,,,,,,,,,,,,,,,,,,,,,0.57994974,0.6040747071673103,full_atom
PolyX_PolyT_37,PolyX,T,,250,37,5.361322629408834,0.5163093006754662,,,1.4986330735518982,-4284.754894409157,245.96293039803805,0.0,,,,,,,,,,,,,,,,,,,,,,,,,,,,,0.84566265,0.7021380137894327,full_atom
PolyX_PolyW_37,PolyX,W,,250,37,26.439570868816883,0.2255569534800972,,,0.7779303847304702,-12186.13793638744,19.27210168459981,0.0,,,,,,,,,,,,,,,,,,,,,,,,,,,,,0.14213558,0.354804760450817,full_atom
PolyX_PolyY_37,PolyX,Y,,250,37,22.723722734649822,0.1408852966902936,,,0.7369401959663898,-10755.43290075184,6.906534867602451,0.0,,,,,,,,,,,,,,,,,,,,,,,,,,,,,0.07596527,0.3774386491520401,full_atom
PolyX_PolyC_38,PolyX,C,,250,38,6.765550783155354,0.4644817524680278,,,1.374672296397217,-3815.029807847225,152.90201822662925,0.0,,,,,,,,,,,,,,,,,,,,,,,,,,,,,0.72885203,0.6651579697315273,full_atom
PolyX_PolyD_38,PolyX,D,,250,38,3.939139706505844,0.6590789359853704,,,1.505146649360723,-5342.366511147227,303.2308908542592,0.0,,,,,,,,,,,,,,,,,,,,,,,,,,,,,0.846827,0.7233823401392945,full_atom
PolyX_PolyH_38,PolyX,H,,250,38,9.257644382390648,0.4412465129442159,,,1.2273989871586923,-7347.689524814348,261.4740735607774,0.0,,,,,,,,,,,,,,,,,,,,,,,,,,,,,0.7408542,0.5658608025256419,full_atom
PolyX_PolyM_38,PolyX,M,,250,38,21.36272300672887,0.4109228985512099,,,0.8584121345276141,-6539.708533453231,3.77294158150073,0.0,,,,,,,,,,,,,,,,,,,,,,,,,,,,,0.08346025,0.3650417667611313,full_atom
PolyX_PolyN_38,PolyX,N,,250,38,5.50147814625634,0.5372455035389163,,,1.4735477048142087,-5326.109670281527,331.4655691297947,0.0,,,,,,,,,,,,,,,,,,,,,,,,,,,,,0.9133277,0.6772517954554605,full_atom
PolyX_PolyP_38,PolyX,P,,250,38,2.532245169032286,0.6850176578904577,,,1.9457399736797107,-4589.106698259648,558.4560597572034,0.0,,,,,,,,,,,,,,,,,,,,,,,,,,,,,1.021801,0.8734832693640602,full_atom
PolyX_PolyQ_38,PolyX,Q,,250,38,6.925333294512705,0.4537642832169671,,,1.4960084295516844,-6380.721881615811,336.0563920984192,0.0,,,,,,,,,,,,,,,,,,,,,,,,,,,,,0.89298666,0.6629457852458698,full_atom
PolyX_PolyR_38,PolyX,R,,250,38,8.47078818946138,0.4595060444103669,,,1.2470716504841086,-8357.672951908313,188.0704899177117,0.0,,,,,,,,,,,,,,,,,,,,,,,,,,,,,0.48255384,0.5891253237935238,full_atom
PolyX_PolyT_38,PolyX,T,,250,38,6.409204361287827,0.3147348004284052,,,1.4977900143692413,-4424.587165788625,270.2863261608965,0.0,,,,,,,,,,,,,,,,,,,,,,,,,,,,,0.82017326,0.7079551706657189,full_atom
PolyX_PolyW_38,PolyX,W,,250,38,28.406278128380983,0.2019407010556219,,,0.7146321872156132,-12496.7315770431,19.57209618594768,0.0,,,,,,,,,,,,,,,,,,,,,,,,,,,,,0.14195551,0.3300762290448923,full_atom
PolyX_PolyY_38,PolyX,Y,,250,38,23.48444354679227,0.143158749023744,,,0.7022687360152249,-10989.794836232484,7.026989338474596,0.0,,,,,,,,,,,,,,,,,,,,,,,,,,,,,0.076411344,0.3714088186903896,full_atom
PolyX_PolyC_39,PolyX,C,,250,39,6.703562483418806,0.4393585696080521,,,1.4059843753109278,-3936.068794545252,160.7367198007732,0.0,,,,,,,,,,,,,,,,,,,,,,,,,,,,,0.7425509,0.6714848200240254,full_atom
PolyX_PolyD_39,PolyX,D,,250,39,3.2869106239233714,0.7023740899943596,,,1.5798018178051942,-5419.363901396404,416.29680577865656,0.0,,,,,,,,,,,,,,,,,,,,,,,,,,,,,0.9181155,0.7639878762061276,full_atom
PolyX_PolyH_39,PolyX,H,,250,39,9.697725218524347,0.3795942880469378,,,1.2621450641703138,-7612.5129504384595,288.1896291232122,0.0,,,,,,,,,,,,,,,,,,,,,,,,,,,,,0.77058023,0.5816784393402433,full_atom
PolyX_PolyM_39,PolyX,M,,250,39,6.316228198938642,0.6568187136985136,,,1.1250847851846293,-6684.4883072926405,5.8073008230513965,0.0,,,,,,,,,,,,,,,,,,,,,,,,,,,,,0.0869735,0.5535571282159951,full_atom
PolyX_PolyN_39,PolyX,N,,250,39,4.629363000154462,0.5867125919047665,,,1.525551665734801,-5844.020972718454,343.9078755425319,0.0,,,,,,,,,,,,,,,,,,,,,,,,,,,,,0.93977666,0.7187003449800626,full_atom
PolyX_PolyP_39,PolyX,P,,250,39,2.931147727023705,0.6034495435203121,,,1.962688756367329,-4670.043446063654,558.2423838159318,0.0,,,,,,,,,,,,,,,,,,,,,,,,,,,,,1.0055109,0.8753721762287662,full_atom
PolyX_PolyQ_39,PolyX,Q,,250,39,7.237426019161026,0.2013551585677389,,,1.6628856068098323,-6577.690611654755,439.9214971200967,0.0,,,,,,,,,,,,,,,,,,,,,,,,,,,,,1.002182,0.7284772218344576,full_atom
PolyX_PolyR_39,PolyX,R,,250,39,7.612992029948061,0.5035823091068721,,,1.2840874767341572,-8664.568855039035,210.82279014437736,0.0,,,,,,,,,,,,,,,,,,,,,,,,,,,,,0.5242111,0.6041166799284472,full_atom
PolyX_PolyT_39,PolyX,T,,250,39,5.883789214598695,0.5152369994639825,,,1.3717194697832156,-4629.463025954673,264.3414514345269,0.0,,,,,,,,,,,,,,,,,,,,,,,,,,,,,0.830708,0.6659984278706593,full_atom
PolyX_PolyW_39,PolyX,W,,250,39,27.5097862089448,0.1983988144816959,,,0.7469050130512485,-12854.133449215997,19.90465044119714,0.0,,,,,,,,,,,,,,,,,,,,,,,,,,,,,0.14210375,0.3420472214539467,full_atom
PolyX_PolyY_39,PolyX,Y,,250,39,23.425171213575524,0.1609777424483286,,,0.7192968898182195,-11306.301680510129,6.953980015749613,0.0,,,,,,,,,,,,,,,,,,,,,,,,,,,,,0.07604138,0.3637612260608862,full_atom
PolyX_PolyC_40,PolyX,C,,250,40,5.898235215924501,0.3620539267189074,,,1.4798698281872558,-4039.419298485868,187.48927319338148,0.0,,,,,,,,,,,,,,,,,,,,,,,,,,,,,0.79878205,0.7263597697767289,full_atom
PolyX_PolyD_40,PolyX,D,,250,40,3.0989150178728013,0.739488077618378,,,1.4881664618994197,-5703.596755249589,387.000223919996,0.0,,,,,,,,,,,,,,,,,,,,,,,,,,,,,0.8898476,0.7538098250729313,full_atom
PolyX_PolyH_40,PolyX,H,,250,40,7.46583762852779,0.4841558233525914,,,1.2931690488358818,-7820.386215652745,316.8927912754472,0.0,,,,,,,,,,,,,,,,,,,,,,,,,,,,,0.7937921,0.6098000577622077,full_atom
PolyX_PolyM_40,PolyX,M,,250,40,23.42190017623622,0.3548534843537977,,,0.8372421560991944,-7009.406529683342,4.208566944193211,0.0,,,,,,,,,,,,,,,,,,,,,,,,,,,,,0.086301655,0.3563843601793986,full_atom
PolyX_PolyN_40,PolyX,N,,250,40,4.78016560876371,0.5411960655298476,,,1.5444738120686905,-5947.087248737171,391.27434923885255,0.0,,,,,,,,,,,,,,,,,,,,,,,,,,,,,0.98520356,0.7233972784259204,full_atom
PolyX_PolyP_40,PolyX,P,,250,40,3.0860761346905696,0.620882757308718,,,1.8910151586056547,-4755.301539928695,737.64684513731,0.0,,,,,,,,,,,,,,,,,,,,,,,,,,,,,1.2018373,0.8501912873618287,full_atom
PolyX_PolyQ_40,PolyX,Q,,250,40,6.125317068475713,0.3404814590953163,,,1.6783837699511766,-6814.467637147758,470.6033594696156,0.0,,,,,,,,,,,,,,,,,,,,,,,,,,,,,1.0112301,0.7332888666429928,full_atom
PolyX_PolyR_40,PolyX,R,,250,40,6.8668339895385495,0.3142699490766886,,,1.4330251305330688,-8846.911748773346,254.3971945079912,0.0,,,,,,,,,,,,,,,,,,,,,,,,,,,,,0.6284767,0.688633680835027,full_atom
PolyX_PolyT_40,PolyX,T,,250,40,5.6804168444434495,0.5583843849229814,,,1.4089994657565494,-4756.077109883477,244.9163762312305,0.0,,,,,,,,,,,,,,,,,,,,,,,,,,,,,0.82538784,0.6640138111067708,full_atom
PolyX_PolyW_40,PolyX,W,,250,40,27.277782231293507,0.2166662242760351,,,0.7724827839343386,-13310.232889771129,21.124987686044307,0.0,,,,,,,,,,,,,,,,,,,,,,,,,,,,,0.14553648,0.3501944192545265,full_atom
PolyX_PolyY_40,PolyX,Y,,250,40,17.622377646558586,0.2113649816637927,,,0.8600383081548998,-11370.86038164881,9.522759541783351,0.0,,,,,,,,,,,,,,,,,,,,,,,,,,,,,0.08319522,0.4422587718118814,full_atom
PolyX_PolyC_41,PolyX,C,,250,41,7.933782066390254,0.1928474799881501,,,1.4763560170430927,-4162.447539785901,218.461049783484,0.0,,,,,,,,,,,,,,,,,,,,,,,,,,,,,0.8494035,0.7061805722587543,full_atom
PolyX_PolyD_41,PolyX,D,,250,41,3.129033124814025,0.7176332026010709,,,1.5319334015596768,-5777.580003539859,397.0752673474743,0.0,,,,,,,,,,,,,,,,,,,,,,,,,,,,,0.92231774,0.7603680559625228,full_atom
PolyX_PolyH_41,PolyX,H,,250,41,8.294164720954374,0.4597137698091434,,,1.2654523312370294,-8054.787511658842,323.2386390930419,0.0,,,,,,,,,,,,,,,,,,,,,,,,,,,,,0.7929524,0.5960004523285021,full_atom
PolyX_PolyM_41,PolyX,M,,250,41,28.66831070393713,0.2843252274634806,,,0.8045841092291729,-7285.539877198887,3.7567368401662735,0.0,,,,,,,,,,,,,,,,,,,,,,,,,,,,,0.08244731,0.32774037742621,full_atom
PolyX_PolyN_41,PolyX,N,,250,41,4.242955873074577,0.4689336301847224,,,1.7219928985248634,-5762.786730243638,649.0492973565274,0.0,,,,,,,,,,,,,,,,,,,,,,,,,,,,,0.9976699,0.7910162377543225,full_atom
PolyX_PolyP_41,PolyX,P,,250,41,2.7067079084384784,0.6660415225762901,,,1.9854155968503613,-4952.06591530095,826.0790836328566,0.0,,,,,,,,,,,,,,,,,,,,,,,,,,,,,1.2312878,0.8713783272979897,full_atom
PolyX_PolyQ_41,PolyX,Q,,250,41,6.703308298726663,0.4468450334435674,,,1.5399734398119105,-7038.731369983386,409.1895234512985,0.0,,,,,,,,,,,,,,,,,,,,,,,,,,,,,0.9425979,0.6687893434714247,full_atom
PolyX_PolyR_41,PolyX,R,,250,41,6.666036381398135,0.3429130725218355,,,1.4630434904741676,-9247.473938593022,172.09544001648996,0.0,,,,,,,,,,,,,,,,,,,,,,,,,,,,,0.4770367,0.7073074759321176,full_atom
PolyX_PolyT_41,PolyX,T,,250,41,6.7098888356368125,0.5183998922717895,,,1.3354805795393478,-4950.692745478565,234.22236144293143,0.0,,,,,,,,,,,,,,,,,,,,,,,,,,,,,0.80290526,0.6342761618323944,full_atom
PolyX_PolyW_41,PolyX,W,,250,41,28.1617044195698,0.1765471156651813,,,0.7529366565275825,-13610.621503961102,21.29236659719783,0.0,,,,,,,,,,,,,,,,,,,,,,,,,,,,,0.14445211,0.3421733316387174,full_atom
PolyX_PolyY_41,PolyX,Y,,250,41,17.587283117199192,0.3001576638189157,,,0.8666714459735103,-11584.646127991637,8.737771834820082,0.0,,,,,,,,,,,,,,,,,,,,,,,,,,,,,0.081131,0.4304635596337511,full_atom
PolyX_PolyC_42,PolyX,C,,250,42,7.9833489909266415,0.3655634831563412,,,1.4096584856443313,-4274.17719315882,205.65406703320403,0.0,,,,,,,,,,,,,,,,,,,,,,,,,,,,,0.81178564,0.6623704516474691,full_atom
PolyX_PolyD_42,PolyX,D,,250,42,3.5830159776942656,0.6353167033816787,,,1.6247344149488827,-5940.501383566744,468.89495988405696,0.0,,,,,,,,,,,,,,,,,,,,,,,,,,,,,0.9752222,0.7750868936343781,full_atom
PolyX_PolyH_42,PolyX,H,,250,42,10.34321279979964,0.3829538055093646,,,1.2531987091660974,-8313.028334954686,313.5526438852795,0.0,,,,,,,,,,,,,,,,,,,,,,,,,,,,,0.7686422,0.5624970400258601,full_atom
PolyX_PolyM_42,PolyX,M,,250,42,23.1963404972914,0.2971737462823519,,,0.8748075329950564,-7416.755723454828,4.310799456989986,0.0,,,,,,,,,,,,,,,,,,,,,,,,,,,,,0.08719458,0.3632595564595841,full_atom
PolyX_PolyN_42,PolyX,N,,250,42,4.300516716267183,0.6025534261541612,,,1.5510231401529786,-5932.721961713265,559.1973740769462,0.0,,,,,,,,,,,,,,,,,,,,,,,,,,,,,1.0804911,0.737037091432441,full_atom
PolyX_PolyP_42,PolyX,P,,250,42,2.566622876012809,0.7162061673926974,,,1.9044829722369545,-5145.310026529609,647.857944081334,0.0,,,,,,,,,,,,,,,,,,,,,,,,,,,,,1.1211283,0.8487544978814016,full_atom
PolyX_PolyQ_42,PolyX,Q,,250,42,6.481044178697481,0.4637340895443825,,,1.5872800738330872,-7151.698456882315,476.4163920595332,0.0,,,,,,,,,,,,,,,,,,,,,,,,,,,,,1.0103496,0.6869780442687088,full_atom
PolyX_PolyR_42,PolyX,R,,250,42,5.65441739217107,0.5923683938373512,,,1.2735558217605778,-9581.484897804943,161.16862555843886,0.0,,,,,,,,,,,,,,,,,,,,,,,,,,,,,0.3863895,0.6472110818281956,full_atom
PolyX_PolyT_42,PolyX,T,,250,42,5.002936653814323,0.5586487735291634,,,1.4558840750233946,-5040.545626164188,296.89122838943365,0.0,,,,,,,,,,,,,,,,,,,,,,,,,,,,,0.8856777,0.7116377841731157,full_atom
PolyX_PolyW_42,PolyX,W,,250,42,27.026348457950675,0.2185968233573919,,,0.7785349606862622,-13942.51270274466,21.588663818874537,0.0,,,,,,,,,,,,,,,,,,,,,,,,,,,,,0.14377545,0.3494007045731637,full_atom
PolyX_PolyY_42,PolyX,Y,,250,42,22.58708873842332,0.1287215522792501,,,0.7513248102499192,-12158.421357322792,7.422547169877128,0.0,,,,,,,,,,,,,,,,,,,,,,,,,,,,,0.07694777,0.388906871198285,full_atom
PolyX_PolyC_43,PolyX,C,,250,43,6.474448342542142,0.4579607662418209,,,1.421449290239145,-4393.8288951581535,222.4082455848064,0.0,,,,,,,,,,,,,,,,,,,,,,,,,,,,,0.8372961,0.6760814989199886,full_atom
PolyX_PolyD_43,PolyX,D,,250,43,3.0737311580707694,0.7093198370837698,,,1.5203704739859227,-6168.104724468939,464.7506696672356,0.0,,,,,,,,,,,,,,,,,,,,,,,,,,,,,0.9491238,0.7675701908606058,full_atom
PolyX_PolyH_43,PolyX,H,,250,43,7.459700427310188,0.5206022881662489,,,1.267081293340844,-8498.223576428003,353.57036659820136,0.0,,,,,,,,,,,,,,,,,,,,,,,,,,,,,0.8033417,0.6030768247534485,full_atom
PolyX_PolyM_43,PolyX,M,,250,43,4.200498664382414,0.718838704743883,,,1.2304411460387077,-7411.5449611627155,7.417892292368672,0.0,,,,,,,,,,,,,,,,,,,,,,,,,,,,,0.09145754,0.6302723973408906,full_atom
PolyX_PolyN_43,PolyX,N,,250,43,3.813583490238265,0.5895234823363087,,,1.6598056647950628,-6167.220921275008,601.1259652683212,0.0,,,,,,,,,,,,,,,,,,,,,,,,,,,,,1.155082,0.7753368712678047,full_atom
PolyX_PolyP_43,PolyX,P,,250,43,2.5329202135733837,0.6817221173271133,,,1.9729560393885124,-5127.019010532307,911.5375394227138,0.0,,,,,,,,,,,,,,,,,,,,,,,,,,,,,1.2734845,0.8768820226926594,full_atom
PolyX_PolyQ_43,PolyX,Q,,250,43,5.997782581095718,0.4133343690891132,,,1.6463856009164817,-7476.756699138239,527.8376332327215,0.0,,,,,,,,,,,,,,,,,,,,,,,,,,,,,1.0553955,0.7141463891849138,full_atom
PolyX_PolyR_43,PolyX,R,,250,43,7.268863589299988,0.2373753949909551,,,1.4677531503902967,-9769.092231016286,180.12035696988784,0.0,,,,,,,,,,,,,,,,,,,,,,,,,,,,,0.47308296,0.7092549013166958,full_atom
PolyX_PolyT_43,PolyX,T,,250,43,4.673402793216866,0.6373627890639251,,,1.3873606232921265,-5174.506981083885,294.72454297776414,0.0,,,,,,,,,,,,,,,,,,,,,,,,,,,,,0.874174,0.6864792310868694,full_atom
PolyX_PolyW_43,PolyX,W,,250,43,28.37191729915832,0.1564553219686646,,,0.7799497917829589,-14358.18175894432,22.66936276603995,0.0,,,,,,,,,,,,,,,,,,,,,,,,,,,,,0.14722382,0.3433131516168336,full_atom
PolyX_PolyY_43,PolyX,Y,,250,43,21.93342136663529,0.1047952682196298,,,0.8134188841940827,-12448.79709886311,7.8012179025643,0.0,,,,,,,,,,,,,,,,,,,,,,,,,,,,,0.080941565,0.3959276968093521,full_atom
PolyX_PolyC_44,PolyX,C,,250,44,8.017816031631188,0.3181785739392785,,,1.4286991105978684,-4578.4804426219725,238.03105529727455,0.0,,,,,,,,,,,,,,,,,,,,,,,,,,,,,0.85435206,0.6701727991785987,full_atom
PolyX_PolyD_44,PolyX,D,,250,44,2.912725134286165,0.6930529825081275,,,1.6499104023057558,-6239.71155115484,668.3167582966389,0.0,,,,,,,,,,,,,,,,,,,,,,,,,,,,,1.0922377,0.8047345850420635,full_atom
PolyX_PolyH_44,PolyX,H,,250,44,9.273169204978544,0.359457608156339,,,1.2879489881980617,-8784.127493753851,356.47874454322385,0.0,,,,,,,,,,,,,,,,,,,,,,,,,,,,,0.79580736,0.6008857866062325,full_atom
PolyX_PolyM_44,PolyX,M,,250,44,3.217571022875877,0.7192730168698599,,,1.404313634600428,-7587.090094446014,10.524912291946965,0.0,,,,,,,,,,,,,,,,,,,,,,,,,,,,,0.09744353,0.7230706810228575,full_atom
PolyX_PolyN_44,PolyX,N,,250,44,5.460824292922347,0.4061701576961355,,,1.600403173108116,-6266.864757666072,674.2481554266906,0.0,,,,,,,,,,,,,,,,,,,,,,,,,,,,,1.1073751,0.7496799034228654,full_atom
PolyX_PolyP_44,PolyX,P,,250,44,3.527171816625345,0.2856458609453501,,,2.282587767091631,-5297.612924332742,1369.1100960821705,0.0,,,,,,,,,,,,,,,,,,,,,,,,,,,,,1.7172569,0.9235151074161124,full_atom
PolyX_PolyQ_44,PolyX,Q,,250,44,6.46639434009631,0.4935249957555067,,,1.5032550818958743,-7727.009168327289,479.414872136448,0.0,,,,,,,,,,,,,,,,,,,,,,,,,,,,,0.981253,0.6703212963410149,full_atom
PolyX_PolyR_44,PolyX,R,,250,44,5.471837637043086,0.5933575075334259,,,1.2951390790877175,-10145.741752908438,141.54985881038644,0.0,,,,,,,,,,,,,,,,,,,,,,,,,,,,,0.32442847,0.6602033158887748,full_atom
PolyX_PolyT_44,PolyX,T,,250,44,5.104540611002061,0.5023576600809649,,,1.5159011750663371,-5311.534348139239,420.76600734652885,0.0,,,,,,,,,,,,,,,,,,,,,,,,,,,,,0.92688066,0.724640741474079,full_atom
PolyX_PolyW_44,PolyX,W,,250,44,27.805815346874528,0.1128357682632958,,,0.8042264052667212,-14679.300463945216,23.487707765989853,0.0,,,,,,,,,,,,,,,,,,,,,,,,,,,,,0.14813863,0.3564303112243029,full_atom
PolyX_PolyY_44,PolyX,Y,,250,44,22.511677261705387,0.1038556133511148,,,0.7586048178429919,-12805.725046393867,8.588646022881536,0.0,,,,,,,,,,,,,,,,,,,,,,,,,,,,,0.08141222,0.3883752634155748,full_atom
PolyX_PolyC_45,PolyX,C,,250,45,6.956314866997329,0.2813418092042846,,,1.5099920440126913,-4662.833288635354,253.9977088000808,0.0,,,,,,,,,,,,,,,,,,,,,,,,,,,,,0.8693319,0.7240266392748335,full_atom
PolyX_PolyD_45,PolyX,D,,250,45,3.771040104379995,0.6213573260519499,,,1.658913748212036,-6474.6331428186695,579.1061025899568,0.0,,,,,,,,,,,,,,,,,,,,,,,,,,,,,1.0516782,0.7904912638608923,full_atom
PolyX_PolyH_45,PolyX,H,,250,45,6.972403552991487,0.5483590247417243,,,1.2640886551961832,-8854.233663915473,397.607292193893,0.0,,,,,,,,,,,,,,,,,,,,,,,,,,,,,0.83891404,0.6104846140082507,full_atom
PolyX_PolyM_45,PolyX,M,,250,45,18.83168088320929,0.2065035850184647,,,0.9823999643647332,-7969.849799160052,4.731645837054675,0.0,,,,,,,,,,,,,,,,,,,,,,,,,,,,,0.091379106,0.4167268568129096,full_atom
PolyX_PolyN_45,PolyX,N,,250,45,3.76948288070808,0.6533342913376726,,,1.5450052525261315,-6450.3011778320215,567.1581091412912,0.0,,,,,,,,,,,,,,,,,,,,,,,,,,,,,1.0983189,0.7427260405630991,full_atom
PolyX_PolyP_45,PolyX,P,,250,45,2.5819771221929475,0.6909680658078946,,,1.8665997000946764,-5587.164600089704,737.7222882443333,0.0,,,,,,,,,,,,,,,,,,,,,,,,,,,,,1.1872797,0.8539005268273108,full_atom
PolyX_PolyQ_45,PolyX,Q,,250,45,7.51978101477912,0.2742708267791583,,,1.6678637550956434,-7835.017367252731,603.3787270795639,0.0,,,,,,,,,,,,,,,,,,,,,,,,,,,,,1.1060326,0.7185148522107431,full_atom
PolyX_PolyR_45,PolyX,R,,250,45,4.295374371602585,0.6694318587740115,,,1.300738273567312,-10434.782599207372,151.86350910371752,0.0,,,,,,,,,,,,,,,,,,,,,,,,,,,,,0.31886354,0.689674581402092,full_atom
PolyX_PolyT_45,PolyX,T,,250,45,4.703787544676723,0.5635624419000828,,,1.4962740350927508,-5498.6939619968,360.1067279375842,0.0,,,,,,,,,,,,,,,,,,,,,,,,,,,,,0.92785513,0.724518050728389,full_atom
PolyX_PolyW_45,PolyX,W,,250,45,28.19643622297796,0.1581909836420619,,,0.8016683447796015,-14954.36780096162,24.316719738626364,0.0,,,,,,,,,,,,,,,,,,,,,,,,,,,,,0.15070179,0.3499988702155448,full_atom
PolyX_PolyY_45,PolyX,Y,,250,45,23.580648881286624,0.0883710288574884,,,0.7544888486793174,-13036.659585580092,8.341005419032726,0.0,,,,,,,,,,,,,,,,,,,,,,,,,,,,,0.080884315,0.3765529986448278,full_atom
PolyX_PolyC_46,PolyX,C,,250,46,5.494800407899063,0.3488678971714826,,,1.5722988450766684,-4796.933401856659,298.6982639057842,0.0,,,,,,,,,,,,,,,,,,,,,,,,,,,,,0.9035666,0.7577785992291003,full_atom
PolyX_PolyD_46,PolyX,D,,250,46,3.0530587575847465,0.7286909221384306,,,1.598097833456345,-6726.668622885947,565.7404581591004,0.0,,,,,,,,,,,,,,,,,,,,,,,,,,,,,1.0275668,0.774788128843571,full_atom
PolyX_PolyH_46,PolyX,H,,250,46,8.718165219669487,0.3960868916793176,,,1.2984689241063367,-9177.289491779546,399.62315429907454,0.0,,,,,,,,,,,,,,,,,,,,,,,,,,,,,0.8318279,0.606101288463149,full_atom
PolyX_PolyM_46,PolyX,M,,250,46,15.74355827135292,0.2704075532032657,,,1.035876945713124,-8231.603856741485,5.239299555523639,0.0,,,,,,,,,,,,,,,,,,,,,,,,,,,,,0.09371479,0.445880015579583,full_atom
PolyX_PolyN_46,PolyX,N,,250,46,4.385573551836112,0.5354342449153329,,,1.627063678357222,-6673.312205668756,703.9739000942047,0.0,,,,,,,,,,,,,,,,,,,,,,,,,,,,,1.213286,0.7654892985265755,full_atom
PolyX_PolyP_46,PolyX,P,,250,46,2.358204075870841,0.7146178819774448,,,1.969506138118095,-5724.733287638132,940.090005411719,0.0,,,,,,,,,,,,,,,,,,,,,,,,,,,,,1.3240523,0.8791793619809175,full_atom
PolyX_PolyQ_46,PolyX,Q,,250,46,6.389722674535472,0.3970290116084694,,,1.6367022352670628,-8054.172663799743,631.4575869258535,0.0,,,,,,,,,,,,,,,,,,,,,,,,,,,,,1.113158,0.7065121705821471,full_atom
PolyX_PolyR_46,PolyX,R,,250,46,3.884054084615856,0.6760423590680792,,,1.3573997455335447,-10800.14214826164,141.3184141029639,0.0,,,,,,,,,,,,,,,,,,,,,,,,,,,,,0.29901612,0.719888320936948,full_atom
PolyX_PolyT_46,PolyX,T,,250,46,4.416065145268104,0.387612810762859,,,1.7488457598496516,-5572.059874426449,555.767261893883,0.0,,,,,,,,,,,,,,,,,,,,,,,,,,,,,1.1474122,0.8061960556126814,full_atom
PolyX_PolyW_46,PolyX,W,,250,46,28.57840464336872,0.0965901956543561,,,0.8227728336495301,-15346.22017765971,24.394730174825977,0.0,,,,,,,,,,,,,,,,,,,,,,,,,,,,,0.14907537,0.3492144268673577,full_atom
PolyX_PolyY_46,PolyX,Y,,250,46,17.815201230523908,0.2291298728957308,,,0.8749510437189728,-13213.785764241433,9.440844115428932,0.0,,,,,,,,,,,,,,,,,,,,,,,,,,,,,0.08440283,0.4402261196588007,full_atom
PolyX_PolyC_47,PolyX,C,,250,47,7.349807422441313,0.3950985779272919,,,1.4416077801071947,-5000.370125471682,224.72292241219844,0.0,,,,,,,,,,,,,,,,,,,,,,,,,,,,,0.796729,0.6700449894017128,full_atom
PolyX_PolyD_47,PolyX,D,,250,47,3.5009013084236216,0.6106511788492682,,,1.7047585816465312,-6916.923039944973,656.6621494131108,0.0,,,,,,,,,,,,,,,,,,,,,,,,,,,,,1.0906515,0.7977404440052033,full_atom
PolyX_PolyH_47,PolyX,H,,250,47,6.4924900685099445,0.5004860032733898,,,1.35130133369717,-9494.834217687425,475.6441911807378,0.0,,,,,,,,,,,,,,,,,,,,,,,,,,,,,0.88832617,0.643296984064376,full_atom
PolyX_PolyM_47,PolyX,M,,250,47,13.622269170304564,0.352757707122034,,,1.0680086548073051,-8484.986679377926,5.61793263262964,0.0,,,,,,,,,,,,,,,,,,,,,,,,,,,,,0.09689221,0.4623392164841914,full_atom
PolyX_PolyN_47,PolyX,N,,250,47,3.935389958525185,0.6186118955705063,,,1.5543712025315233,-6794.333709627988,763.051813460899,0.0,,,,,,,,,,,,,,,,,,,,,,,,,,,,,1.2394071,0.7561036615058341,full_atom
PolyX_PolyP_47,PolyX,P,,250,47,2.499371553615397,0.7080481595931621,,,1.885241524395717,-5816.04786040751,740.5233824898716,0.0,,,,,,,,,,,,,,,,,,,,,,,,,,,,,1.1921753,0.8613719564965493,full_atom
PolyX_PolyQ_47,PolyX,Q,,250,47,6.102026923303502,0.197926827205877,,,1.7411465956968832,-8185.499605558025,789.3664693937259,0.0,,,,,,,,,,,,,,,,,,,,,,,,,,,,,1.2148241,0.7740172582768686,full_atom
PolyX_PolyR_47,PolyX,R,,250,47,5.748892115151953,0.1591964278116133,,,1.629213663382462,-10783.031605251052,228.29648618693503,0.0,,,,,,,,,,,,,,,,,,,,,,,,,,,,,0.53949773,0.770009867431824,full_atom
PolyX_PolyT_47,PolyX,T,,250,47,4.505983418432446,0.4981180579434374,,,1.637946729364722,-5809.133283118563,479.019112347123,0.0,,,,,,,,,,,,,,,,,,,,,,,,,,,,,1.0521226,0.7703334746727528,full_atom
PolyX_PolyW_47,PolyX,W,,250,47,27.995597605650225,0.1366998015649812,,,0.82483790862843,-15743.38168262872,25.73069453053282,0.0,,,,,,,,,,,,,,,,,,,,,,,,,,,,,0.15245047,0.3509401182938866,full_atom
PolyX_PolyY_47,PolyX,Y,,250,47,19.102094701711973,0.1960311824945218,,,0.865924186283053,-13568.531094442642,9.921836757947824,0.0,,,,,,,,,,,,,,,,,,,,,,,,,,,,,0.0872899,0.4321489912277508,full_atom
PolyX_PolyC_48,PolyX,C,,250,48,6.262310434451325,0.3949854765977966,,,1.5245757089830387,-5111.27958329603,268.35214771372546,0.0,,,,,,,,,,,,,,,,,,,,,,,,,,,,,0.86128414,0.723451236523704,full_atom
PolyX_PolyD_48,PolyX,D,,250,48,3.622092850705264,0.4362474693776123,,,1.8103853863532648,-7012.401445710493,1009.5498631954388,0.0,,,,,,,,,,,,,,,,,,,,,,,,,,,,,1.0861386,0.8434490521236829,full_atom
PolyX_PolyH_48,PolyX,H,,250,48,7.158775279508843,0.4768666176430822,,,1.3726744226952006,-9660.075096356371,490.69516989430326,0.0,,,,,,,,,,,,,,,,,,,,,,,,,,,,,0.90385324,0.6383382691576018,full_atom
PolyX_PolyM_48,PolyX,M,,250,48,13.915649070085395,0.255092875437533,,,1.104737784091795,-8594.447357008125,5.8451690095868205,0.0,,,,,,,,,,,,,,,,,,,,,,,,,,,,,0.09891053,0.4800480012847303,full_atom
PolyX_PolyN_48,PolyX,N,,250,48,4.011307552918062,0.5688058886290704,,,1.5992266041540255,-6893.535917039362,763.733200259149,0.0,,,,,,,,,,,,,,,,,,,,,,,,,,,,,1.227373,0.7695903339996775,full_atom
PolyX_PolyP_48,PolyX,P,,250,48,2.523409556358692,0.688107500786235,,,1.901370907568821,-5870.954950121214,1232.4660522108031,0.0,,,,,,,,,,,,,,,,,,,,,,,,,,,,,1.4267564,0.8689575157058508,full_atom
PolyX_PolyQ_48,PolyX,Q,,250,48,5.662882302123672,0.4751879684836863,,,1.6331631075373834,-8064.07318258056,899.8631304681971,0.0,,,,,,,,,,,,,,,,,,,,,,,,,,,,,1.2273046,0.7282484140224774,full_atom
PolyX_PolyR_48,PolyX,R,,250,48,4.186383416474506,0.640386647868248,,,1.363945632676567,-11355.774793894128,132.31999837579585,0.0,,,,,,,,,,,,,,,,,,,,,,,,,,,,,0.2936284,0.7150758966019395,full_atom
PolyX_PolyT_48,PolyX,T,,250,48,3.722195656556487,0.6502010606036581,,,1.4956132436543066,-5987.791471196792,430.15760506287097,0.0,,,,,,,,,,,,,,,,,,,,,,,,,,,,,0.96362257,0.7464866901813056,full_atom
PolyX_PolyW_48,PolyX,W,,250,48,26.49872050241512,0.0909126076791511,,,0.8655660392040703,-16022.659417124383,27.952024398388183,0.0,,,,,,,,,,,,,,,,,,,,,,,,,,,,,0.1580098,0.370173470489146,full_atom
PolyX_PolyY_48,PolyX,Y,,250,48,3.661836040294435,0.757999447618418,,,1.1823338020341203,-13619.920542400414,16.109648964015044,0.0,,,,,,,,,,,,,,,,,,,,,,,,,,,,,0.08983759,0.675356830982231,full_atom
PolyX_PolyC_49,PolyX,C,,250,49,7.41932689222305,0.081830368083197,,,1.5719376707792052,-5292.600109207405,299.09403500827153,0.0,,,,,,,,,,,,,,,,,,,,,,,,,,,,,0.90594023,0.7524829877059225,full_atom
PolyX_PolyD_49,PolyX,D,,250,49,2.820433810981043,0.720134137711517,,,1.62064120109953,-7147.783227721995,692.1020258860706,0.0,,,,,,,,,,,,,,,,,,,,,,,,,,,,,1.1075504,0.7976301169214467,full_atom
PolyX_PolyH_49,PolyX,H,,250,49,6.567431561884694,0.5372956478754467,,,1.3424248138751214,-9913.480823076448,492.3113787403763,0.0,,,,,,,,,,,,,,,,,,,,,,,,,,,,,0.8910138,0.631897715417765,full_atom
PolyX_PolyM_49,PolyX,M,,250,49,13.363368527475808,0.2964793775161013,,,1.1069309179846756,-8797.92609512497,6.045768391128713,0.0,,,,,,,,,,,,,,,,,,,,,,,,,,,,,0.09923843,0.4784194850048737,full_atom
PolyX_PolyN_49,PolyX,N,,250,49,4.224841690645863,0.5325329820723982,,,1.669583814938902,-7061.001799147882,919.307889722782,0.0,,,,,,,,,,,,,,,,,,,,,,,,,,,,,1.3126149,0.7835594632619094,full_atom
PolyX_PolyP_49,PolyX,P,,250,49,2.8859085321291293,0.6113440053155107,,,2.0503455417778707,-6031.300796595992,1667.3022861739769,0.0,,,,,,,,,,,,,,,,,,,,,,,,,,,,,1.722734,0.8864101204695013,full_atom
PolyX_PolyQ_49,PolyX,Q,,250,49,6.386622587146031,0.4174516495305868,,,1.588223870300689,-8672.933649430794,683.7156536950655,0.0,,,,,,,,,,,,,,,,,,,,,,,,,,,,,1.1102576,0.6999859303892909,full_atom
PolyX_PolyR_49,PolyX,R,,250,49,5.884891130408415,0.5405003159051756,,,1.2911652054812623,-11816.428493443957,81.07119414025944,0.0,,,,,,,,,,,,,,,,,,,,,,,,,,,,,0.21701805,0.6626997908021932,full_atom
PolyX_PolyT_49,PolyX,T,,250,49,3.685856637983564,0.6824340619476239,,,1.4605825435611213,-6177.01268701753,458.22780267120646,0.0,,,,,,,,,,,,,,,,,,,,,,,,,,,,,0.98403543,0.735421260266139,full_atom
PolyX_PolyW_49,PolyX,W,,250,49,11.926790558272558,0.4872565870252666,,,1.0788033773693455,-16229.714524228975,33.84878103847871,0.0,,,,,,,,,,,,,,,,,,,,,,,,,,,,,0.1589624,0.4833885734257289,full_atom
PolyX_PolyY_49,PolyX,Y,,250,49,17.23366897925583,0.1893154578722771,,,0.9198300874656156,-14231.381973628286,9.339075928930232,0.0,,,,,,,,,,,,,,,,,,,,,,,,,,,,,0.08708397,0.4523606207862362,full_atom
PolyX_PolyC_50,PolyX,C,,250,50,6.635321086953495,0.4080481450774968,,,1.4677766475321956,-5392.025084784527,245.11712899566712,0.0,,,,,,,,,,,,,,,,,,,,,,,,,,,,,0.8039385,0.7004860385984458,full_atom
PolyX_PolyD_50,PolyX,D,,250,50,2.7803033225513207,0.7085165105168049,,,1.6799178919260478,-7249.863300177111,803.9551295223195,0.0,,,,,,,,,,,,,,,,,,,,,,,,,,,,,1.1587405,0.8142007128270933,full_atom
PolyX_PolyH_50,PolyX,H,,250,50,6.745810813729944,0.506901966760155,,,1.3518972394025532,-9974.184473151376,544.7538097900344,0.0,,,,,,,,,,,,,,,,,,,,,,,,,,,,,0.9396554,0.6478657989807671,full_atom
PolyX_PolyM_50,PolyX,M,,250,50,14.293761820838576,0.2323367556494015,,,1.0983542886440298,-9005.015884197255,6.303352674395585,0.0,,,,,,,,,,,,,,,,,,,,,,,,,,,,,0.10110264,0.4767070368253878,full_atom
PolyX_PolyN_50,PolyX,N,,250,50,4.161300500856706,0.5745319240955092,,,1.6720070113203342,-7306.080611167476,898.8836757345554,0.0,,,,,,,,,,,,,,,,,,,,,,,,,,,,,1.2772702,0.7801915968117915,full_atom
PolyX_PolyP_50,PolyX,P,,250,50,3.194452161131056,0.631169007337833,,,1.799876693295461,-6168.409457155165,1230.5420243418391,0.0,,,,,,,,,,,,,,,,,,,,,,,,,,,,,1.4123404,0.8258050836685399,full_atom
PolyX_PolyQ_50,PolyX,Q,,250,50,5.90513441422338,0.4642220879118671,,,1.5761460782060512,-8432.779662268544,960.5838147233152,0.0,,,,,,,,,,,,,,,,,,,,,,,,,,,,,1.2559735,0.7101744682447461,full_atom
PolyX_PolyR_50,PolyX,R,,250,50,4.232957503754194,0.6803488924518312,,,1.2627586778565187,-11788.621322690957,136.36319087689589,0.0,,,,,,,,,,,,,,,,,,,,,,,,,,,,,0.278003,0.6906946154980962,full_atom
PolyX_PolyT_50,PolyX,T,,250,50,3.494195808682042,0.6190401590824236,,,1.6730249206513916,-6177.7442952155325,729.7054501452577,0.0,,,,,,,,,,,,,,,,,,,,,,,,,,,,,1.0621127,0.7881230604609338,full_atom
PolyX_PolyW_50,PolyX,W,,250,50,27.383674153361586,0.0683806853234952,,,0.8684328344754376,-16636.48160800658,29.00532338054157,0.0,,,,,,,,,,,,,,,,,,,,,,,,,,,,,0.1586639,0.3627610429895115,full_atom
PolyX_PolyY_50,PolyX,Y,,250,50,3.841766148326861,0.7060568318313114,,,1.2412355101009256,-14040.471231493364,17.62772387484235,0.0,,,,,,,,,,,,,,,,,,,,,,,,,,,,,0.095041476,0.6908149471163963,full_atom
